image_id,split,source_url,landing_url,license,author
000002b97e5471a0,train,https://open-images-dataset.s3.amazonaws.com/train/000002b97e5471a0.jpg,https://www.flickr.com/photos/juggernautco/15335861457/,https://creativecommons.org/licenses/by/2.0/,Daniel X. O&#x27;Neil
0000727e23603def,train,https://open-images-dataset.s3.amazonaws.com/train/0000727e23603def.jpg,https://www.flickr.com/photos/homini/14690132300,https://creativecommons.org/licenses/by/2.0/,Homini:)
000093534b14d3f1,train,https://open-images-dataset.s3.amazonaws.com/train/000093534b14d3f1.jpg,https://www.flickr.com/photos/grassrootsgroundswell/9668887143,https://creativecommons.org/licenses/by/2.0/,grassrootsgroundswell
00009e5b390986a0,train,https://open-images-dataset.s3.amazonaws.com/train/00009e5b390986a0.jpg,https://www.flickr.com/photos/rictor-and-david/3338003957,https://creativecommons.org/licenses/by/2.0/,Rictor Norton  &amp; David Allen
00011109c771d68d,train,https://open-images-dataset.s3.amazonaws.com/train/00011109c771d68d.jpg,https://www.flickr.com/photos/94693506@N00/1470281237,https://creativecommons.org/licenses/by/2.0/,Nina Hale
00014131957fa342,train,https://open-images-dataset.s3.amazonaws.com/train/00014131957fa342.jpg,https://www.flickr.com/photos/36647977@N07/3378081323,https://creativecommons.org/licenses/by/2.0/,www.visitfollo.no
000207320e5ea147,train,https://open-images-dataset.s3.amazonaws.com/train/000207320e5ea147.jpg,https://www.flickr.com/photos/dalbera/15046207329,https://creativecommons.org/licenses/by/2.0/,Jean-Pierre Dalbéra
000284a717e801dd,train,https://open-images-dataset.s3.amazonaws.com/train/000284a717e801dd.jpg,https://www.flickr.com/photos/jeronimo_palacios/9005783445,https://creativecommons.org/licenses/by/2.0/,Jeronimo Palacios
000325b47e09c6aa,train,https://open-images-dataset.s3.amazonaws.com/train/000325b47e09c6aa.jpg,https://www.flickr.com/photos/12394349@N06/11706961713,https://creativecommons.org/licenses/by/2.0/,Bryn Pinzgauer
00035165a711cf2c,train,https://open-images-dataset.s3.amazonaws.com/train/00035165a711cf2c.jpg,https://www.flickr.com/photos/toms/9784003843,https://creativecommons.org/licenses/by/2.0/,Toms Baugis
00035ecd5fa0418e,train,https://open-images-dataset.s3.amazonaws.com/train/00035ecd5fa0418e.jpg,https://www.flickr.com/photos/garyullah/16299449690,https://creativecommons.org/licenses/by/2.0/,Gary Ullah
0004fce1be5620ba,train,https://open-images-dataset.s3.amazonaws.com/train/0004fce1be5620ba.jpg,https://www.flickr.com/photos/picksfromoutthere/15515357870,https://creativecommons.org/licenses/by/2.0/,Picturepest
00056c76aa3dd52a,train,https://open-images-dataset.s3.amazonaws.com/train/00056c76aa3dd52a.jpg,https://www.flickr.com/photos/1000zen/6709772059,https://creativecommons.org/licenses/by/2.0/,1000zen
0005a348c681e8af,train,https://open-images-dataset.s3.amazonaws.com/train/0005a348c681e8af.jpg,https://www.flickr.com/photos/basibanget/2878378094,https://creativecommons.org/licenses/by/2.0/,basibanget
0005bba99e7b35e0,train,https://open-images-dataset.s3.amazonaws.com/train/0005bba99e7b35e0.jpg,https://www.flickr.com/photos/suln/4895042172/,https://creativecommons.org/licenses/by/2.0/,matias rothkopf
0005e76305d19ef6,train,https://open-images-dataset.s3.amazonaws.com/train/0005e76305d19ef6.jpg,https://www.flickr.com/photos/suzanneandsimon/207653949,https://creativecommons.org/licenses/by/2.0/,Simon Davison
000698b6a00772ac,train,https://open-images-dataset.s3.amazonaws.com/train/000698b6a00772ac.jpg,https://www.flickr.com/photos/hickey-fry/20253675755,https://creativecommons.org/licenses/by/2.0/,John Hickey-Fry
00074f5faa995145,train,https://open-images-dataset.s3.amazonaws.com/train/00074f5faa995145.jpg,https://www.flickr.com/photos/kuochuan0426/16270594221,https://creativecommons.org/licenses/by/2.0/,Chris Photography(王權)
0008d3f061bdb62e,train,https://open-images-dataset.s3.amazonaws.com/train/0008d3f061bdb62e.jpg,https://www.flickr.com/photos/striatic/4185024,https://creativecommons.org/licenses/by/2.0/,hobvias sudoneighm
000a033f5e356e88,train,https://open-images-dataset.s3.amazonaws.com/train/000a033f5e356e88.jpg,https://www.flickr.com/photos/quinet/6747416127/,https://creativecommons.org/licenses/by/2.0/,Thomas Quine
000a0b93c3852d73,train,https://open-images-dataset.s3.amazonaws.com/train/000a0b93c3852d73.jpg,https://www.flickr.com/photos/trondheim_byarkiv/8293236947,https://creativecommons.org/licenses/by/2.0/,Municipal Archives of Trondheim
000a55eef2fed455,train,https://open-images-dataset.s3.amazonaws.com/train/000a55eef2fed455.jpg,https://www.flickr.com/photos/nordique/57742346,https://creativecommons.org/licenses/by/2.0/,Peter Stevens
000b260e1f08a32a,train,https://open-images-dataset.s3.amazonaws.com/train/000b260e1f08a32a.jpg,https://www.flickr.com/photos/burge5000/2972368278/,https://creativecommons.org/licenses/by/2.0/,Peter Burgess
000c66e044e850f7,train,https://open-images-dataset.s3.amazonaws.com/train/000c66e044e850f7.jpg,https://www.flickr.com/photos/tboard/2970014939,https://creativecommons.org/licenses/by/2.0/,Teresa Boardman
000ceb7c62a21547,train,https://open-images-dataset.s3.amazonaws.com/train/000ceb7c62a21547.jpg,https://www.flickr.com/photos/vculibraries/6030240802,https://creativecommons.org/licenses/by/2.0/,VCU Libraries
000cf08de329f81b,train,https://open-images-dataset.s3.amazonaws.com/train/000cf08de329f81b.jpg,https://www.flickr.com/photos/rubelroy/8295101970,https://creativecommons.org/licenses/by/2.0/,rubel roy&#x27;s photography
000d9c77f5749561,train,https://open-images-dataset.s3.amazonaws.com/train/000d9c77f5749561.jpg,https://www.flickr.com/photos/miamism/5575385086,https://creativecommons.org/licenses/by/2.0/,Ines Hegedus-Garcia
000ed3c4d2e19808,train,https://open-images-dataset.s3.amazonaws.com/train/000ed3c4d2e19808.jpg,https://www.flickr.com/photos/antoniseb/16354603569,https://creativecommons.org/licenses/by/2.0/,Jay Cross
000f0ecbb0efd57a,train,https://open-images-dataset.s3.amazonaws.com/train/000f0ecbb0efd57a.jpg,https://www.flickr.com/photos/zeevveez/6172076933,https://creativecommons.org/licenses/by/2.0/,zeevveez
000f2c1e2c9e0355,train,https://open-images-dataset.s3.amazonaws.com/train/000f2c1e2c9e0355.jpg,https://www.flickr.com/photos/trondheim_byarkiv/8719464371,https://creativecommons.org/licenses/by/2.0/,Municipal Archives of Trondheim
000f323bfc539555,train,https://open-images-dataset.s3.amazonaws.com/train/000f323bfc539555.jpg,https://www.flickr.com/photos/28312366@N08/11487510366,https://creativecommons.org/licenses/by/2.0/,Juan Cristobal Zulueta
000f3705dd22926a,train,https://open-images-dataset.s3.amazonaws.com/train/000f3705dd22926a.jpg,https://www.flickr.com/photos/mulad/285325795,https://creativecommons.org/licenses/by/2.0/,Michael Hicks
000fbabdac448186,train,https://open-images-dataset.s3.amazonaws.com/train/000fbabdac448186.jpg,https://www.flickr.com/photos/buscounaplaya/5483048798,https://creativecommons.org/licenses/by/2.0/,pal72
00103b9719cc1cda,train,https://open-images-dataset.s3.amazonaws.com/train/00103b9719cc1cda.jpg,https://www.flickr.com/photos/trondheim_byarkiv/6940990719,https://creativecommons.org/licenses/by/2.0/,Municipal Archives of Trondheim
0010c235d284c275,train,https://open-images-dataset.s3.amazonaws.com/train/0010c235d284c275.jpg,https://www.flickr.com/photos/computerhotline/4588622642,https://creativecommons.org/licenses/by/2.0/,Thomas Bresson
00124c41b9f406d4,train,https://open-images-dataset.s3.amazonaws.com/train/00124c41b9f406d4.jpg,https://www.flickr.com/photos/104999392@N02/16799355978,https://creativecommons.org/licenses/by/2.0/,Gert Vandermosten
00127d4162b1f6ad,train,https://open-images-dataset.s3.amazonaws.com/train/00127d4162b1f6ad.jpg,https://www.flickr.com/photos/decor8/8717737061,https://creativecommons.org/licenses/by/2.0/,decor8 holly
00135471c798ca9e,train,https://open-images-dataset.s3.amazonaws.com/train/00135471c798ca9e.jpg,https://www.flickr.com/photos/scrittler/9131676018,https://creativecommons.org/licenses/by/2.0/,Steve Rittler
001423b6c1b5b07e,train,https://open-images-dataset.s3.amazonaws.com/train/001423b6c1b5b07e.jpg,https://www.flickr.com/photos/jumendes/14251589633,https://creativecommons.org/licenses/by/2.0/,Juliano Mendes
001471c044462e0e,train,https://open-images-dataset.s3.amazonaws.com/train/001471c044462e0e.jpg,https://www.flickr.com/photos/tahini/4100530993,https://creativecommons.org/licenses/by/2.0/,Mr Thinktank
0014aba0c53a60d6,train,https://open-images-dataset.s3.amazonaws.com/train/0014aba0c53a60d6.jpg,https://www.flickr.com/photos/alexander_mueller_photolover/20943843349,https://creativecommons.org/licenses/by/2.0/,Alexander Mueller
0014e3328dd5ca97,train,https://open-images-dataset.s3.amazonaws.com/train/0014e3328dd5ca97.jpg,https://www.flickr.com/photos/boboroshi/6094421572,https://creativecommons.org/licenses/by/2.0/,John Athayde
00150c19e2fd26a9,train,https://open-images-dataset.s3.amazonaws.com/train/00150c19e2fd26a9.jpg,https://www.flickr.com/photos/usdagov/6103581994,https://creativecommons.org/licenses/by/2.0/,U.S. Department of Agriculture
00153cbc808f9bf1,train,https://open-images-dataset.s3.amazonaws.com/train/00153cbc808f9bf1.jpg,https://www.flickr.com/photos/vialbost/4647373680,https://creativecommons.org/licenses/by/2.0/,Frédérique Voisin-Demery
0015725e676a5066,train,https://open-images-dataset.s3.amazonaws.com/train/0015725e676a5066.jpg,https://www.flickr.com/photos/tnello/3494052470,https://creativecommons.org/licenses/by/2.0/,Tnello
00159f3e32b674f5,train,https://open-images-dataset.s3.amazonaws.com/train/00159f3e32b674f5.jpg,https://www.flickr.com/photos/joeshlabotnik/2419449133,https://creativecommons.org/licenses/by/2.0/,Joe Shlabotnik
00183a27cc87c75c,train,https://open-images-dataset.s3.amazonaws.com/train/00183a27cc87c75c.jpg,https://www.flickr.com/photos/newtown_grafitti/8235193954,https://creativecommons.org/licenses/by/2.0/,Newtown grafitti
00188136e2e00a9e,train,https://open-images-dataset.s3.amazonaws.com/train/00188136e2e00a9e.jpg,https://www.flickr.com/photos/anne-cathrine_nyberg/3451274388,https://creativecommons.org/licenses/by/2.0/,AnneCN
001a43c3cc7720ea,train,https://open-images-dataset.s3.amazonaws.com/train/001a43c3cc7720ea.jpg,https://www.flickr.com/photos/nyayahealth/6853121375,https://creativecommons.org/licenses/by/2.0/,Possible
001b70a3d1aca039,train,https://open-images-dataset.s3.amazonaws.com/train/001b70a3d1aca039.jpg,https://www.flickr.com/photos/antoniotajuelo/14801439095,https://creativecommons.org/licenses/by/2.0/,Antonio Tajuelo
001b943a9691fcc3,train,https://open-images-dataset.s3.amazonaws.com/train/001b943a9691fcc3.jpg,https://www.flickr.com/photos/topsteph53/14896589408,https://creativecommons.org/licenses/by/2.0/,Stephane Mignon
001e7f585c5f4d5f,train,https://open-images-dataset.s3.amazonaws.com/train/001e7f585c5f4d5f.jpg,https://www.flickr.com/photos/pixellou/15352253386,https://creativecommons.org/licenses/by/2.0/,Lisa Williams
001e8822059c21c5,train,https://open-images-dataset.s3.amazonaws.com/train/001e8822059c21c5.jpg,https://www.flickr.com/photos/snipergirl/5189687916,https://creativecommons.org/licenses/by/2.0/,Snipergirl
001f03b6e19549c6,train,https://open-images-dataset.s3.amazonaws.com/train/001f03b6e19549c6.jpg,https://www.flickr.com/photos/fischler/4151769577,https://creativecommons.org/licenses/by/2.0/,andreas_fischler
0021450a95eb11d4,train,https://open-images-dataset.s3.amazonaws.com/train/0021450a95eb11d4.jpg,https://www.flickr.com/photos/divinenephron/6820220414,https://creativecommons.org/licenses/by/2.0/,Devon Buchanan
00233b10746b565b,train,https://open-images-dataset.s3.amazonaws.com/train/00233b10746b565b.jpg,https://www.flickr.com/photos/adavey/3567549090,https://creativecommons.org/licenses/by/2.0/,A.Davey
00240903981cd456,train,https://open-images-dataset.s3.amazonaws.com/train/00240903981cd456.jpg,https://www.flickr.com/photos/132463933@N05/18946156319,https://creativecommons.org/licenses/by/2.0/,Marianne Southall
0024c6770cc06d83,train,https://open-images-dataset.s3.amazonaws.com/train/0024c6770cc06d83.jpg,https://www.flickr.com/photos/prayitnophotography/5547859423,https://creativecommons.org/licenses/by/2.0/,Prayitno / Thank you for (9 millions +) views
0028aefe6ac77c10,train,https://open-images-dataset.s3.amazonaws.com/train/0028aefe6ac77c10.jpg,https://www.flickr.com/photos/vasile23/5924125382,https://creativecommons.org/licenses/by/2.0/,Vasile Cotovanu
002a6ceffbc2f037,train,https://open-images-dataset.s3.amazonaws.com/train/002a6ceffbc2f037.jpg,https://www.flickr.com/photos/trixer/8285927527,https://creativecommons.org/licenses/by/2.0/,Thomas Ricker
002af41256a6439a,train,https://open-images-dataset.s3.amazonaws.com/train/002af41256a6439a.jpg,https://www.flickr.com/photos/web-stark/14913610293,https://creativecommons.org/licenses/by/2.0/,daniel.stark
0030b2710519aced,train,https://open-images-dataset.s3.amazonaws.com/train/0030b2710519aced.jpg,https://www.flickr.com/photos/goldrunt/2483441,https://creativecommons.org/licenses/by/2.0/,Matt
0031e36c54ce9b27,train,https://open-images-dataset.s3.amazonaws.com/train/0031e36c54ce9b27.jpg,https://www.flickr.com/photos/trondheim_byarkiv/3903468010,https://creativecommons.org/licenses/by/2.0/,Municipal Archives of Trondheim
00325488a347937c,train,https://open-images-dataset.s3.amazonaws.com/train/00325488a347937c.jpg,https://www.flickr.com/photos/andreadrago/4808185308,https://creativecommons.org/licenses/by/2.0/,andrea.drago
0032ed4636b7c531,train,https://open-images-dataset.s3.amazonaws.com/train/0032ed4636b7c531.jpg,https://www.flickr.com/photos/wagnertc/3220680268,https://creativecommons.org/licenses/by/2.0/,Wagner T. Cassimiro &quot;Aranha&quot;
00344137a698a7e1,train,https://open-images-dataset.s3.amazonaws.com/train/00344137a698a7e1.jpg,https://www.flickr.com/photos/janitors/8837968916,https://creativecommons.org/licenses/by/2.0/,Kārlis Dambrāns
00384dff06f42731,train,https://open-images-dataset.s3.amazonaws.com/train/00384dff06f42731.jpg,https://www.flickr.com/photos/felipelorente/2805876323,https://creativecommons.org/licenses/by/2.0/,Felipe Lorente
003d894164c61d71,train,https://open-images-dataset.s3.amazonaws.com/train/003d894164c61d71.jpg,https://www.flickr.com/photos/jeffwilcox/15953008251,https://creativecommons.org/licenses/by/2.0/,Jeff Wilcox
00458404c7d46e50,train,https://open-images-dataset.s3.amazonaws.com/train/00458404c7d46e50.jpg,https://www.flickr.com/photos/summonedbyfells/8112641920,https://creativecommons.org/licenses/by/2.0/,summonedbyfells
00486fcf858a10dc,train,https://open-images-dataset.s3.amazonaws.com/train/00486fcf858a10dc.jpg,https://www.flickr.com/photos/plings/7301152078,https://creativecommons.org/licenses/by/2.0/,Plings .
00492cbe644390a8,train,https://open-images-dataset.s3.amazonaws.com/train/00492cbe644390a8.jpg,https://www.flickr.com/photos/jaycross/8055329148,https://creativecommons.org/licenses/by/2.0/,Jay Cross
004a39badfc14cb4,train,https://open-images-dataset.s3.amazonaws.com/train/004a39badfc14cb4.jpg,https://www.flickr.com/photos/bitboy/6962164040,https://creativecommons.org/licenses/by/2.0/,Bit Boy
004d733b210847f8,train,https://open-images-dataset.s3.amazonaws.com/train/004d733b210847f8.jpg,https://www.flickr.com/photos/irishfireside/2265506130,https://creativecommons.org/licenses/by/2.0/,IrishFireside
0051a36a6286d415,train,https://open-images-dataset.s3.amazonaws.com/train/0051a36a6286d415.jpg,https://www.flickr.com/photos/franganillo/13909117593/in/pool-tarragona/,https://creativecommons.org/licenses/by/2.0/,Jorge Franganillo
00580fd8545e2efc,train,https://open-images-dataset.s3.amazonaws.com/train/00580fd8545e2efc.jpg,https://www.flickr.com/photos/knobil/285141949,https://creativecommons.org/licenses/by/2.0/,Mark Knobil
0061bb1f8eaff7e7,train,https://open-images-dataset.s3.amazonaws.com/train/0061bb1f8eaff7e7.jpg,https://www.flickr.com/photos/10925100@N07/14429146369,https://creativecommons.org/licenses/by/2.0/,Gyda Björg Elíasdóttir
0064f8a3ad83c1fe,train,https://open-images-dataset.s3.amazonaws.com/train/0064f8a3ad83c1fe.jpg,https://www.flickr.com/photos/quinet/8018727957,https://creativecommons.org/licenses/by/2.0/,Thomas Quine
006e7fe29dc681d8,train,https://open-images-dataset.s3.amazonaws.com/train/006e7fe29dc681d8.jpg,https://www.flickr.com/photos/drabikpany/10910562155,https://creativecommons.org/licenses/by/2.0/,Piotr Drabik
006e90f8ed54a631,train,https://open-images-dataset.s3.amazonaws.com/train/006e90f8ed54a631.jpg,https://www.flickr.com/photos/tahini/4196310665,https://creativecommons.org/licenses/by/2.0/,Mr Thinktank
00700791e4311b13,train,https://open-images-dataset.s3.amazonaws.com/train/00700791e4311b13.jpg,https://www.flickr.com/photos/marktee/5111238914,https://creativecommons.org/licenses/by/2.0/,Mark Turnauckas
00764b8f2610fc0c,train,https://open-images-dataset.s3.amazonaws.com/train/00764b8f2610fc0c.jpg,https://www.flickr.com/photos/paris_kyoto/6935114458,https://creativecommons.org/licenses/by/2.0/,Paris/Kyoto Yamamoto/Muto
007d858e698dd8e1,train,https://open-images-dataset.s3.amazonaws.com/train/007d858e698dd8e1.jpg,https://www.flickr.com/photos/joncallas/5083029388,https://creativecommons.org/licenses/by/2.0/,Jon Callas
007db32023951c75,train,https://open-images-dataset.s3.amazonaws.com/train/007db32023951c75.jpg,https://www.flickr.com/photos/eager/15763515307,https://creativecommons.org/licenses/by/2.0/,準建築人手札網站 Forgemind ArchiMedia
007ef8920ede61bb,train,https://open-images-dataset.s3.amazonaws.com/train/007ef8920ede61bb.jpg,https://www.flickr.com/photos/mulad/6839915954,https://creativecommons.org/licenses/by/2.0/,Michael Hicks
007f8a90ff16a472,train,https://open-images-dataset.s3.amazonaws.com/train/007f8a90ff16a472.jpg,https://www.flickr.com/photos/brian-fitzgerald/190640074,https://creativecommons.org/licenses/by/2.0/,Brian Fitzgerald
008313077e4119f7,train,https://open-images-dataset.s3.amazonaws.com/train/008313077e4119f7.jpg,https://www.flickr.com/photos/psyberartist/16531524084,https://creativecommons.org/licenses/by/2.0/,psyberartist
0083b79c71a28a7f,train,https://open-images-dataset.s3.amazonaws.com/train/0083b79c71a28a7f.jpg,https://www.flickr.com/photos/morgiana1001/15028463591,https://creativecommons.org/licenses/by/2.0/,Elisabetta Stringhi
008f4aafa5142899,train,https://open-images-dataset.s3.amazonaws.com/train/008f4aafa5142899.jpg,https://www.flickr.com/photos/herry/4429765134,https://creativecommons.org/licenses/by/2.0/,Herry Lawford
009131f133baa3a2,train,https://open-images-dataset.s3.amazonaws.com/train/009131f133baa3a2.jpg,https://www.flickr.com/photos/computerhotline/6123462182,https://creativecommons.org/licenses/by/2.0/,Thomas Bresson
0098207b31dfac6c,train,https://open-images-dataset.s3.amazonaws.com/train/0098207b31dfac6c.jpg,https://www.flickr.com/photos/gonmi/7717542600,https://creativecommons.org/licenses/by/2.0/,Nacho
009bf104c3f0c59c,train,https://open-images-dataset.s3.amazonaws.com/train/009bf104c3f0c59c.jpg,https://www.flickr.com/photos/buterux/14022654344,https://creativecommons.org/licenses/by/2.0/,Wojtek Zając
00a19f412aa290af,train,https://open-images-dataset.s3.amazonaws.com/train/00a19f412aa290af.jpg,https://www.flickr.com/photos/jyri/514500318/,https://creativecommons.org/licenses/by/2.0/,Jyri Engestrom
00b08e610dd83c90,train,https://open-images-dataset.s3.amazonaws.com/train/00b08e610dd83c90.jpg,https://www.flickr.com/photos/kanegen/2114111319,https://creativecommons.org/licenses/by/2.0/,kanegen
00b3368eda0695cc,train,https://open-images-dataset.s3.amazonaws.com/train/00b3368eda0695cc.jpg,https://www.flickr.com/photos/herry/3412096132,https://creativecommons.org/licenses/by/2.0/,Herry Lawford
00b5f99ea812c19a,train,https://open-images-dataset.s3.amazonaws.com/train/00b5f99ea812c19a.jpg,https://www.flickr.com/photos/37553027@N02/5413910470,https://creativecommons.org/licenses/by/2.0/,Lucy Fisher
00db6b59d3880145,train,https://open-images-dataset.s3.amazonaws.com/train/00db6b59d3880145.jpg,https://www.flickr.com/photos/knittingajour/5627891182,https://creativecommons.org/licenses/by/2.0/,Ballee
00dbfb71d81618ea,train,https://open-images-dataset.s3.amazonaws.com/train/00dbfb71d81618ea.jpg,https://www.flickr.com/photos/tahini/7585765310,https://creativecommons.org/licenses/by/2.0/,Mr Thinktank
00e744c3b4e7e488,train,https://open-images-dataset.s3.amazonaws.com/train/00e744c3b4e7e488.jpg,https://www.flickr.com/photos/subraytan/6031129232,https://creativecommons.org/licenses/by/2.0/,Andypiper
00e844f581963e31,train,https://open-images-dataset.s3.amazonaws.com/train/00e844f581963e31.jpg,https://www.flickr.com/photos/bachmont/3061661380,https://creativecommons.org/licenses/by/2.0/,bachmont
00ef407e5b2ef618,train,https://open-images-dataset.s3.amazonaws.com/train/00ef407e5b2ef618.jpg,https://www.flickr.com/photos/grassrootsgroundswell/12308149273,https://creativecommons.org/licenses/by/2.0/,grassrootsgroundswell
00f2a662e6def6b7,train,https://open-images-dataset.s3.amazonaws.com/train/00f2a662e6def6b7.jpg,https://www.flickr.com/photos/amal-fm/8611166928,https://creativecommons.org/licenses/by/2.0/,Amal FM
0102dc6caa2b9bda,train,https://open-images-dataset.s3.amazonaws.com/train/0102dc6caa2b9bda.jpg,https://www.flickr.com/photos/akras/11603989434,https://creativecommons.org/licenses/by/2.0/,Andrey
01036437f28692b3,train,https://open-images-dataset.s3.amazonaws.com/train/01036437f28692b3.jpg,https://www.flickr.com/photos/47283811@N06/7774008376,https://creativecommons.org/licenses/by/2.0/,Cornelia Kopp
0104818b1edbd83f,train,https://open-images-dataset.s3.amazonaws.com/train/0104818b1edbd83f.jpg,https://www.flickr.com/photos/pedrofcuk/21037524310,https://creativecommons.org/licenses/by/2.0/,Pete Griffiths
0113e7bc2bec7127,train,https://open-images-dataset.s3.amazonaws.com/train/0113e7bc2bec7127.jpg,https://www.flickr.com/photos/21524179@N08/2418650471,https://creativecommons.org/licenses/by/2.0/,nerissa&#x27;s ring
0113ecd2c7328c6e,train,https://open-images-dataset.s3.amazonaws.com/train/0113ecd2c7328c6e.jpg,https://www.flickr.com/photos/psyberartist/8082852878,https://creativecommons.org/licenses/by/2.0/,psyberartist
011b15c7ebba4074,train,https://open-images-dataset.s3.amazonaws.com/train/011b15c7ebba4074.jpg,https://www.flickr.com/photos/mdpettitt/6354820559,https://creativecommons.org/licenses/by/2.0/,Martin Pettitt
0138af1f18e47dda,train,https://open-images-dataset.s3.amazonaws.com/train/0138af1f18e47dda.jpg,https://www.flickr.com/photos/globochem/2566321522,https://creativecommons.org/licenses/by/2.0/,globochem3x1minus1
013b39d80a003d28,train,https://open-images-dataset.s3.amazonaws.com/train/013b39d80a003d28.jpg,https://www.flickr.com/photos/alismith44/286864476,https://creativecommons.org/licenses/by/2.0/,Ali West
014426eae4f80d4d,train,https://open-images-dataset.s3.amazonaws.com/train/014426eae4f80d4d.jpg,https://www.flickr.com/photos/mauring/4700367427,https://creativecommons.org/licenses/by/2.0/,Tõnu Mauring
0149d52a3851d9c7,train,https://open-images-dataset.s3.amazonaws.com/train/0149d52a3851d9c7.jpg,https://www.flickr.com/photos/laura_vlzqz/19284819060,https://creativecommons.org/licenses/by/2.0/,Laura Velazquez
01502739e3f0810f,train,https://open-images-dataset.s3.amazonaws.com/train/01502739e3f0810f.jpg,https://www.flickr.com/photos/grand_canyon_nps/13205334353,https://creativecommons.org/licenses/by/2.0/,Grand Canyon National Park
015112c36fd52abd,train,https://open-images-dataset.s3.amazonaws.com/train/015112c36fd52abd.jpg,https://www.flickr.com/photos/laurenprofeta/4834106611,https://creativecommons.org/licenses/by/2.0/,Lauren Mitchell
015d2ebbc6db5edc,train,https://open-images-dataset.s3.amazonaws.com/train/015d2ebbc6db5edc.jpg,https://www.flickr.com/photos/cogdog/4728849505,https://creativecommons.org/licenses/by/2.0/,Alan Levine
015ed410c83ab0f7,train,https://open-images-dataset.s3.amazonaws.com/train/015ed410c83ab0f7.jpg,https://www.flickr.com/photos/rberteig/7217929118,https://creativecommons.org/licenses/by/2.0/,RBerteig
01666904af193808,train,https://open-images-dataset.s3.amazonaws.com/train/01666904af193808.jpg,https://www.flickr.com/photos/michaeljohnbutton/17026606430,https://creativecommons.org/licenses/by/2.0/,Michael Button
0178c388046539d6,train,https://open-images-dataset.s3.amazonaws.com/train/0178c388046539d6.jpg,https://www.flickr.com/photos/31038475@N04/4599607427,https://creativecommons.org/licenses/by/2.0/,Pierre Honeyman
017bfe0119931914,train,https://open-images-dataset.s3.amazonaws.com/train/017bfe0119931914.jpg,https://www.flickr.com/photos/eager/16359388806,https://creativecommons.org/licenses/by/2.0/,準建築人手札網站 Forgemind ArchiMedia
017f9f41f7d80998,train,https://open-images-dataset.s3.amazonaws.com/train/017f9f41f7d80998.jpg,https://www.flickr.com/photos/neosnaps/2763686224,https://creativecommons.org/licenses/by/2.0/,Neosnaps
0184da7c4a8559e4,train,https://open-images-dataset.s3.amazonaws.com/train/0184da7c4a8559e4.jpg,https://www.flickr.com/photos/raaphorst/8747554011,https://creativecommons.org/licenses/by/2.0/,Marco Raaphorst
0187c8e4ecca84f6,train,https://open-images-dataset.s3.amazonaws.com/train/0187c8e4ecca84f6.jpg,https://www.flickr.com/photos/ruthanddave/16034476231,https://creativecommons.org/licenses/by/2.0/,Ruth Hartnup
018d11ada92ef4af,train,https://open-images-dataset.s3.amazonaws.com/train/018d11ada92ef4af.jpg,https://www.flickr.com/photos/arcanum75/14634209779,https://creativecommons.org/licenses/by/2.0/,Jan Bommes
018fa0ed7af72419,train,https://open-images-dataset.s3.amazonaws.com/train/018fa0ed7af72419.jpg,https://www.flickr.com/photos/katjato/4115959172,https://creativecommons.org/licenses/by/2.0/,Katja
019a88027a086219,train,https://open-images-dataset.s3.amazonaws.com/train/019a88027a086219.jpg,https://www.flickr.com/photos/fotos_dos_ornelas/516593530,https://creativecommons.org/licenses/by/2.0/,Rui Ornelas
01b7d850f5ee4805,train,https://open-images-dataset.s3.amazonaws.com/train/01b7d850f5ee4805.jpg,https://www.flickr.com/photos/okchomeseller/14000221129,https://creativecommons.org/licenses/by/2.0/,Bill Wilson
01bfcf6ef8f6175d,train,https://open-images-dataset.s3.amazonaws.com/train/01bfcf6ef8f6175d.jpg,https://www.flickr.com/photos/newtown_grafitti/5660303511,https://creativecommons.org/licenses/by/2.0/,Newtown grafitti
01c0386da54c4cac,train,https://open-images-dataset.s3.amazonaws.com/train/01c0386da54c4cac.jpg,https://www.flickr.com/photos/nishanthjois/7076450549,https://creativecommons.org/licenses/by/2.0/,Nishanth Jois
01c711407f5e4fbc,train,https://open-images-dataset.s3.amazonaws.com/train/01c711407f5e4fbc.jpg,https://www.flickr.com/photos/freenerd/6370685283,https://creativecommons.org/licenses/by/2.0/,Freenerd
01ce6f491c2f585c,train,https://open-images-dataset.s3.amazonaws.com/train/01ce6f491c2f585c.jpg,https://www.flickr.com/photos/ianphillips/6173644583,https://creativecommons.org/licenses/by/2.0/,Ian Phillips
01d0f6456c6b881b,train,https://open-images-dataset.s3.amazonaws.com/train/01d0f6456c6b881b.jpg,https://www.flickr.com/photos/perspective/45435173/,https://creativecommons.org/licenses/by/2.0/,Elvert Barnes
01d4886bd4267316,train,https://open-images-dataset.s3.amazonaws.com/train/01d4886bd4267316.jpg,https://www.flickr.com/photos/danramarch/8126322140,https://creativecommons.org/licenses/by/2.0/,Daniel Ramirez
01dd3291ed68d1be,train,https://open-images-dataset.s3.amazonaws.com/train/01dd3291ed68d1be.jpg,https://www.flickr.com/photos/respres/3612242644,https://creativecommons.org/licenses/by/2.0/,Jeff Turner
01defeea815cce11,train,https://open-images-dataset.s3.amazonaws.com/train/01defeea815cce11.jpg,https://www.flickr.com/photos/die_dou/8410113878,https://creativecommons.org/licenses/by/2.0/,2.
01f2fc35673a60ce,train,https://open-images-dataset.s3.amazonaws.com/train/01f2fc35673a60ce.jpg,https://www.flickr.com/photos/lydiashiningbrightly/7912595778,https://creativecommons.org/licenses/by/2.0/,Lydia
01f934a935cd73b2,train,https://open-images-dataset.s3.amazonaws.com/train/01f934a935cd73b2.jpg,https://www.flickr.com/photos/14218320@N02/1447872915,https://creativecommons.org/licenses/by/2.0/,valencia.com.ve
01f9be9824b83aff,train,https://open-images-dataset.s3.amazonaws.com/train/01f9be9824b83aff.jpg,https://www.flickr.com/photos/69747897@N00/550465437/,https://creativecommons.org/licenses/by/2.0/,krysta_karenina
01ff840b96fdf533,train,https://open-images-dataset.s3.amazonaws.com/train/01ff840b96fdf533.jpg,https://www.flickr.com/photos/nostri-imago/2857075904,https://creativecommons.org/licenses/by/2.0/,Cliff
0202ca32972b6f1b,train,https://open-images-dataset.s3.amazonaws.com/train/0202ca32972b6f1b.jpg,https://www.flickr.com/photos/dfey/4665153358,https://creativecommons.org/licenses/by/2.0/,Dave Fey
0205c2e2a0fb9687,train,https://open-images-dataset.s3.amazonaws.com/train/0205c2e2a0fb9687.jpg,https://www.flickr.com/photos/elevzeria/2142499514,https://creativecommons.org/licenses/by/2.0/,Macu Cristófol y Sel
02097eb5fae718bd,train,https://open-images-dataset.s3.amazonaws.com/train/02097eb5fae718bd.jpg,https://www.flickr.com/photos/southbeachcars/9428886144,https://creativecommons.org/licenses/by/2.0/,Phillip Pessar
021532e6f26ae105,train,https://open-images-dataset.s3.amazonaws.com/train/021532e6f26ae105.jpg,https://www.flickr.com/photos/atoach/5387938229,https://creativecommons.org/licenses/by/2.0/,Tim Green
0217c877e41e77f5,train,https://open-images-dataset.s3.amazonaws.com/train/0217c877e41e77f5.jpg,https://www.flickr.com/photos/misskukoljac/9233490340,https://creativecommons.org/licenses/by/2.0/,nevena  kukoljac
0218109f5c55eb99,train,https://open-images-dataset.s3.amazonaws.com/train/0218109f5c55eb99.jpg,https://www.flickr.com/photos/srgblog/501267669,https://creativecommons.org/licenses/by/2.0/,srgpicker
02287a58aa65937b,train,https://open-images-dataset.s3.amazonaws.com/train/02287a58aa65937b.jpg,https://www.flickr.com/photos/yamauchibukuro/15011761044,https://creativecommons.org/licenses/by/2.0/,yamauchi
022e6f8281b4bfb0,train,https://open-images-dataset.s3.amazonaws.com/train/022e6f8281b4bfb0.jpg,https://www.flickr.com/photos/southernfoodwaysalliance/12773118245,https://creativecommons.org/licenses/by/2.0/,Southern Foodways Alliance
024083e48a1bdc31,train,https://open-images-dataset.s3.amazonaws.com/train/024083e48a1bdc31.jpg,https://www.flickr.com/photos/sybarite48/10068372363,https://creativecommons.org/licenses/by/2.0/,Daniel Jolivet
0248ebedd01e8f18,train,https://open-images-dataset.s3.amazonaws.com/train/0248ebedd01e8f18.jpg,https://www.flickr.com/photos/yourbartender/3069297426,https://creativecommons.org/licenses/by/2.0/,Tomi Knuutila
0250206cc65f0595,train,https://open-images-dataset.s3.amazonaws.com/train/0250206cc65f0595.jpg,https://www.flickr.com/photos/hisgett/7248163846,https://creativecommons.org/licenses/by/2.0/,Tony Hisgett
02569a8d683c89ef,train,https://open-images-dataset.s3.amazonaws.com/train/02569a8d683c89ef.jpg,https://www.flickr.com/photos/keithroper/2534177046,https://creativecommons.org/licenses/by/2.0/,Keith Roper
0275ac773735c11e,train,https://open-images-dataset.s3.amazonaws.com/train/0275ac773735c11e.jpg,https://www.flickr.com/photos/peter2010/16435870773,https://creativecommons.org/licenses/by/2.0/,Peter
027f0d405e43dc43,train,https://open-images-dataset.s3.amazonaws.com/train/027f0d405e43dc43.jpg,https://www.flickr.com/photos/cgpgrey/4889897401,https://creativecommons.org/licenses/by/2.0/,CGP Grey
02878aa117d7ada8,train,https://open-images-dataset.s3.amazonaws.com/train/02878aa117d7ada8.jpg,https://www.flickr.com/photos/aroberts/4827355852,https://creativecommons.org/licenses/by/2.0/,Andy Roberts
02a5a739c08a9f5d,train,https://open-images-dataset.s3.amazonaws.com/train/02a5a739c08a9f5d.jpg,https://www.flickr.com/photos/34517490@N00/4508309659/,https://creativecommons.org/licenses/by/2.0/,Nick
02ac0be40e666e1d,train,https://open-images-dataset.s3.amazonaws.com/train/02ac0be40e666e1d.jpg,https://www.flickr.com/photos/westher/7961126998,https://creativecommons.org/licenses/by/2.0/,Esther Westerveld
02baab53baf7fdca,train,https://open-images-dataset.s3.amazonaws.com/train/02baab53baf7fdca.jpg,https://www.flickr.com/photos/dalbera/1454116064,https://creativecommons.org/licenses/by/2.0/,Jean-Pierre Dalbéra
02bd16406d0dfd58,train,https://open-images-dataset.s3.amazonaws.com/train/02bd16406d0dfd58.jpg,https://www.flickr.com/photos/shoes_on_wires/4179833811,https://creativecommons.org/licenses/by/2.0/,Justus Hayes
02c4a51d6dbf05a4,train,https://open-images-dataset.s3.amazonaws.com/train/02c4a51d6dbf05a4.jpg,https://www.flickr.com/photos/cthulhuwho1/3804661604,https://creativecommons.org/licenses/by/2.0/,Will Hart
02caf38ea96ddbb0,train,https://open-images-dataset.s3.amazonaws.com/train/02caf38ea96ddbb0.jpg,https://www.flickr.com/photos/athomeinscottsdale/3081303456,https://creativecommons.org/licenses/by/2.0/,Dru Bloomfield
02d906b98611de7c,train,https://open-images-dataset.s3.amazonaws.com/train/02d906b98611de7c.jpg,https://www.flickr.com/photos/57412095@N05/5808139300,https://creativecommons.org/licenses/by/2.0/,A Yee
02dab39fea1a092b,train,https://open-images-dataset.s3.amazonaws.com/train/02dab39fea1a092b.jpg,https://www.flickr.com/photos/feserc/5492580941,https://creativecommons.org/licenses/by/2.0/,Chris Feser
02dbae76d89c9284,train,https://open-images-dataset.s3.amazonaws.com/train/02dbae76d89c9284.jpg,https://www.flickr.com/photos/stephenduncanjr/673178819,https://creativecommons.org/licenses/by/2.0/,Stephen Duncan
02deada716250e55,train,https://open-images-dataset.s3.amazonaws.com/train/02deada716250e55.jpg,https://www.flickr.com/photos/nahemoth/16093452230,https://creativecommons.org/licenses/by/2.0/,=Nahemoth= (absent for a while)
02e912fd5d5fa427,train,https://open-images-dataset.s3.amazonaws.com/train/02e912fd5d5fa427.jpg,https://www.flickr.com/photos/brisbanecitycouncil/8185984483,https://creativecommons.org/licenses/by/2.0/,Brisbane City Council
02efa5e743ebbf12,train,https://open-images-dataset.s3.amazonaws.com/train/02efa5e743ebbf12.jpg,https://www.flickr.com/photos/trondheim_byarkiv/13558519674,https://creativecommons.org/licenses/by/2.0/,Municipal Archives of Trondheim
02fd765339dde84f,train,https://open-images-dataset.s3.amazonaws.com/train/02fd765339dde84f.jpg,https://www.flickr.com/photos/brockbuilders/4459796447,https://creativecommons.org/licenses/by/2.0/,Brock Builders
030c34750d1bfcd5,train,https://open-images-dataset.s3.amazonaws.com/train/030c34750d1bfcd5.jpg,https://www.flickr.com/photos/lovinkat/8883457598,https://creativecommons.org/licenses/by/2.0/,lovinkat
0311a9bebafae960,train,https://open-images-dataset.s3.amazonaws.com/train/0311a9bebafae960.jpg,https://www.flickr.com/photos/22711505@N05/8351280058,https://creativecommons.org/licenses/by/2.0/,Ron Cogswell
0327137d0dda5870,train,https://open-images-dataset.s3.amazonaws.com/train/0327137d0dda5870.jpg,https://www.flickr.com/photos/62694216@N05/5712122497,https://creativecommons.org/licenses/by/2.0/,DAVINCI Haus
032fcef9c7c13201,train,https://open-images-dataset.s3.amazonaws.com/train/032fcef9c7c13201.jpg,https://www.flickr.com/photos/linusblanket17/15930955268,https://creativecommons.org/licenses/by/2.0/,Linusblanket17
033d2c833a342e79,train,https://open-images-dataset.s3.amazonaws.com/train/033d2c833a342e79.jpg,https://www.flickr.com/photos/chezpitch/8731730928,https://creativecommons.org/licenses/by/2.0/,Chez Pitch
0341f2a9d3aa9ada,train,https://open-images-dataset.s3.amazonaws.com/train/0341f2a9d3aa9ada.jpg,https://www.flickr.com/photos/68158920@N08/20109825526,https://creativecommons.org/licenses/by/2.0/,pdjohnson
03531354205075ff,train,https://open-images-dataset.s3.amazonaws.com/train/03531354205075ff.jpg,https://www.flickr.com/photos/nicholassmale/4034788322,https://creativecommons.org/licenses/by/2.0/,Nicholas Smale
036d42c4dc54858e,train,https://open-images-dataset.s3.amazonaws.com/train/036d42c4dc54858e.jpg,https://www.flickr.com/photos/kipsoep/14482009114,https://creativecommons.org/licenses/by/2.0/,Kip Soep
0371253bca655c17,train,https://open-images-dataset.s3.amazonaws.com/train/0371253bca655c17.jpg,https://www.flickr.com/photos/madpai/320035793,https://creativecommons.org/licenses/by/2.0/,Madhav Pai
037833a5f7d57e76,train,https://open-images-dataset.s3.amazonaws.com/train/037833a5f7d57e76.jpg,https://www.flickr.com/photos/asfarley/6265283142,https://creativecommons.org/licenses/by/2.0/,Alexander Farley
03865c983d57bdb0,train,https://open-images-dataset.s3.amazonaws.com/train/03865c983d57bdb0.jpg,https://www.flickr.com/photos/cezzie901/14777663847,https://creativecommons.org/licenses/by/2.0/,cezzie901
0386c14d2acbe601,train,https://open-images-dataset.s3.amazonaws.com/train/0386c14d2acbe601.jpg,https://www.flickr.com/photos/cogdog/1577634556,https://creativecommons.org/licenses/by/2.0/,Alan Levine
03a3abad4fc6ddd3,train,https://open-images-dataset.s3.amazonaws.com/train/03a3abad4fc6ddd3.jpg,https://www.flickr.com/photos/donaleen/8028328454,https://creativecommons.org/licenses/by/2.0/,Donaleen
03abc08016ca1687,train,https://open-images-dataset.s3.amazonaws.com/train/03abc08016ca1687.jpg,https://www.flickr.com/photos/wonderlane/1449041317,https://creativecommons.org/licenses/by/2.0/,Wonderlane
03ac838cfb848717,train,https://open-images-dataset.s3.amazonaws.com/train/03ac838cfb848717.jpg,https://www.flickr.com/photos/sherwood-real-estate/5946759037,https://creativecommons.org/licenses/by/2.0/,Sherwood CC
03b2e8d0872eab3d,train,https://open-images-dataset.s3.amazonaws.com/train/03b2e8d0872eab3d.jpg,https://www.flickr.com/photos/pandemonium/7629952882,https://creativecommons.org/licenses/by/2.0/,Dominuz
03b4d7758f6a8e35,train,https://open-images-dataset.s3.amazonaws.com/train/03b4d7758f6a8e35.jpg,https://www.flickr.com/photos/rtds/1466548654/,https://creativecommons.org/licenses/by/2.0/,Ruth Temple
03b73759dede7ae2,train,https://open-images-dataset.s3.amazonaws.com/train/03b73759dede7ae2.jpg,https://www.flickr.com/photos/barockschloss/16189269046,https://creativecommons.org/licenses/by/2.0/,barockschloss
03bc9aed9aad4074,train,https://open-images-dataset.s3.amazonaws.com/train/03bc9aed9aad4074.jpg,https://www.flickr.com/photos/rgallant/3868866139,https://creativecommons.org/licenses/by/2.0/,Robyn Gallant
03bdc9baf89c03f7,train,https://open-images-dataset.s3.amazonaws.com/train/03bdc9baf89c03f7.jpg,https://www.flickr.com/photos/samualpedrete/8685579149,https://creativecommons.org/licenses/by/2.0/,Samu
03c25ef35012b773,train,https://open-images-dataset.s3.amazonaws.com/train/03c25ef35012b773.jpg,https://www.flickr.com/photos/zwick-weitzner/470379538,https://creativecommons.org/licenses/by/2.0/,Danny Weitzner
03c53c9b5479d2ce,train,https://open-images-dataset.s3.amazonaws.com/train/03c53c9b5479d2ce.jpg,https://www.flickr.com/photos/crug/3720142220,https://creativecommons.org/licenses/by/2.0/,Chris Ruggles
03d7a8241370ff73,train,https://open-images-dataset.s3.amazonaws.com/train/03d7a8241370ff73.jpg,https://www.flickr.com/photos/prayitnophotography/8687850680,https://creativecommons.org/licenses/by/2.0/,Prayitno / Thank you for (9 millions +) views
03de7954d485c7f7,train,https://open-images-dataset.s3.amazonaws.com/train/03de7954d485c7f7.jpg,https://www.flickr.com/photos/cepatri55/5050167539,https://creativecommons.org/licenses/by/2.0/,cepatri55
03f81b5cab77f56a,train,https://open-images-dataset.s3.amazonaws.com/train/03f81b5cab77f56a.jpg,https://www.flickr.com/photos/tinyfroglet/19292873729,https://creativecommons.org/licenses/by/2.0/,tinyfroglet
040061c8ff1ba169,train,https://open-images-dataset.s3.amazonaws.com/train/040061c8ff1ba169.jpg,https://www.flickr.com/photos/nnova/3451719999,https://creativecommons.org/licenses/by/2.0/,Nicolas Nova
040323f33feec45a,train,https://open-images-dataset.s3.amazonaws.com/train/040323f33feec45a.jpg,https://www.flickr.com/photos/22333230@N08/4590233439/,https://creativecommons.org/licenses/by/2.0/,Brandon Hunt
0403fb6af727cd41,train,https://open-images-dataset.s3.amazonaws.com/train/0403fb6af727cd41.jpg,https://www.flickr.com/photos/mapurbanlinguisticlandscape/14900244013,https://creativecommons.org/licenses/by/2.0/,Map of the Urban Linguistic Landscape
0407efba8b425376,train,https://open-images-dataset.s3.amazonaws.com/train/0407efba8b425376.jpg,https://www.flickr.com/photos/kwarz/11675181183,https://creativecommons.org/licenses/by/2.0/,zeitfaenger.at
040c42e865c6c02c,train,https://open-images-dataset.s3.amazonaws.com/train/040c42e865c6c02c.jpg,https://www.flickr.com/photos/perspective/103366704,https://creativecommons.org/licenses/by/2.0/,Elvert Barnes
040e07027301173e,train,https://open-images-dataset.s3.amazonaws.com/train/040e07027301173e.jpg,https://www.flickr.com/photos/dordrecht-holland/14511303426,https://creativecommons.org/licenses/by/2.0/,Paul van de Velde
04164a264393ed5f,train,https://open-images-dataset.s3.amazonaws.com/train/04164a264393ed5f.jpg,https://www.flickr.com/photos/bradfordcoy/2268682854,https://creativecommons.org/licenses/by/2.0/,Brad Coy
0419e03d17fe7fcc,train,https://open-images-dataset.s3.amazonaws.com/train/0419e03d17fe7fcc.jpg,https://www.flickr.com/photos/unloveable/121339433,https://creativecommons.org/licenses/by/2.0/,Steve Berry
041ea14f4e8eff69,train,https://open-images-dataset.s3.amazonaws.com/train/041ea14f4e8eff69.jpg,https://www.flickr.com/photos/tahini/15500251313,https://creativecommons.org/licenses/by/2.0/,Mr Thinktank
0421ffb274153890,train,https://open-images-dataset.s3.amazonaws.com/train/0421ffb274153890.jpg,https://www.flickr.com/photos/faceme/3349955646,https://creativecommons.org/licenses/by/2.0/,FaceMePLS
0425befee2aa8da2,train,https://open-images-dataset.s3.amazonaws.com/train/0425befee2aa8da2.jpg,https://www.flickr.com/photos/nachoeuropa/5149994646,https://creativecommons.org/licenses/by/2.0/,Colores Mari
043186ed28e2ea8f,train,https://open-images-dataset.s3.amazonaws.com/train/043186ed28e2ea8f.jpg,https://www.flickr.com/photos/nyayahealth/6853089117,https://creativecommons.org/licenses/by/2.0/,Possible
043962236abf68b6,train,https://open-images-dataset.s3.amazonaws.com/train/043962236abf68b6.jpg,https://www.flickr.com/photos/stradablog/15178813342,https://creativecommons.org/licenses/by/2.0/,Tino Rossini
043a58c2fbe612d8,train,https://open-images-dataset.s3.amazonaws.com/train/043a58c2fbe612d8.jpg,https://www.flickr.com/photos/50826080@N00/15166758690,https://creativecommons.org/licenses/by/2.0/,Stephen Bowler
043ef8806ccf545d,train,https://open-images-dataset.s3.amazonaws.com/train/043ef8806ccf545d.jpg,https://www.flickr.com/photos/barrydahl/525454902,https://creativecommons.org/licenses/by/2.0/,Barry Dahl
0440e4e93e1d4dc2,train,https://open-images-dataset.s3.amazonaws.com/train/0440e4e93e1d4dc2.jpg,https://www.flickr.com/photos/calliope/3316878023,https://creativecommons.org/licenses/by/2.0/,liz west
0440eeca750f38a4,train,https://open-images-dataset.s3.amazonaws.com/train/0440eeca750f38a4.jpg,https://www.flickr.com/photos/eager/14927620523/,https://creativecommons.org/licenses/by/2.0/,準建築人手札網站 Forgemind ArchiMedia
04517e8477da9c3d,train,https://open-images-dataset.s3.amazonaws.com/train/04517e8477da9c3d.jpg,https://www.flickr.com/photos/xkristinax/8897655708,https://creativecommons.org/licenses/by/2.0/,Kristina Servant
045681abbdef0404,train,https://open-images-dataset.s3.amazonaws.com/train/045681abbdef0404.jpg,https://www.flickr.com/photos/wengs/13853194,https://creativecommons.org/licenses/by/2.0/,WalkingGeek
0459dfe7fcb79b8a,train,https://open-images-dataset.s3.amazonaws.com/train/0459dfe7fcb79b8a.jpg,https://www.flickr.com/photos/twosevenoneonenineeightthreesevenatenzerosix/7960255830,https://creativecommons.org/licenses/by/2.0/,Adam Foster
04647c4be65bfe08,train,https://open-images-dataset.s3.amazonaws.com/train/04647c4be65bfe08.jpg,https://www.flickr.com/photos/upsticksngo/20546876756,https://creativecommons.org/licenses/by/2.0/,UpSticksNGo Crew
046a5651b0e4c38a,train,https://open-images-dataset.s3.amazonaws.com/train/046a5651b0e4c38a.jpg,https://www.flickr.com/photos/sherwood-real-estate/7178593924,https://creativecommons.org/licenses/by/2.0/,Sherwood CC
048ab2ce00712820,train,https://open-images-dataset.s3.amazonaws.com/train/048ab2ce00712820.jpg,https://www.flickr.com/photos/daverugby83/4390779288,https://creativecommons.org/licenses/by/2.0/,Davidlohr Bueso
049064bd13aa0291,train,https://open-images-dataset.s3.amazonaws.com/train/049064bd13aa0291.jpg,https://www.flickr.com/photos/34517490@N00/4212130902/,https://creativecommons.org/licenses/by/2.0/,Nick
049185e1f8741a95,train,https://open-images-dataset.s3.amazonaws.com/train/049185e1f8741a95.jpg,https://www.flickr.com/photos/derekskey/9536464325,https://creativecommons.org/licenses/by/2.0/,Derek Key
04a0801fe476c128,train,https://open-images-dataset.s3.amazonaws.com/train/04a0801fe476c128.jpg,https://www.flickr.com/photos/cmichel67/55086551,https://creativecommons.org/licenses/by/2.0/,Christopher Michel
04a547c47aef73ea,train,https://open-images-dataset.s3.amazonaws.com/train/04a547c47aef73ea.jpg,https://www.flickr.com/photos/marcin_libera/9928620994,https://creativecommons.org/licenses/by/2.0/,Marcin Libera
04ad720a8944aa08,train,https://open-images-dataset.s3.amazonaws.com/train/04ad720a8944aa08.jpg,https://www.flickr.com/photos/rejohnston/22066535903,https://creativecommons.org/licenses/by/2.0/,Ruth Johnston
04aee5d2b46b4041,train,https://open-images-dataset.s3.amazonaws.com/train/04aee5d2b46b4041.jpg,https://www.flickr.com/photos/wolfrage/6299391592,https://creativecommons.org/licenses/by/2.0/,Wolfrage
04afc9ace5b5be71,train,https://open-images-dataset.s3.amazonaws.com/train/04afc9ace5b5be71.jpg,https://www.flickr.com/photos/atbaker/4800024745,https://creativecommons.org/licenses/by/2.0/,Adam Baker
04dc4665ce1224a2,train,https://open-images-dataset.s3.amazonaws.com/train/04dc4665ce1224a2.jpg,https://www.flickr.com/photos/enixii/6782321721,https://creativecommons.org/licenses/by/2.0/,chia ying Yang
04ebfd657c2d2d6f,train,https://open-images-dataset.s3.amazonaws.com/train/04ebfd657c2d2d6f.jpg,https://www.flickr.com/photos/eager/15929867308,https://creativecommons.org/licenses/by/2.0/,準建築人手札網站 Forgemind ArchiMedia
04efa214bd8b3762,train,https://open-images-dataset.s3.amazonaws.com/train/04efa214bd8b3762.jpg,https://www.flickr.com/photos/nahemoth/14334005662,https://creativecommons.org/licenses/by/2.0/,=Nahemoth= (absent for a while)
04f3b073e9128935,train,https://open-images-dataset.s3.amazonaws.com/train/04f3b073e9128935.jpg,https://www.flickr.com/photos/53497385@N07/14695825625,https://creativecommons.org/licenses/by/2.0/,wrightbrosfan
05117f4a4d24f6e7,train,https://open-images-dataset.s3.amazonaws.com/train/05117f4a4d24f6e7.jpg,https://www.flickr.com/photos/brosner/10179302,https://creativecommons.org/licenses/by/2.0/,Brian Rosner
0512bebbd50a670c,train,https://open-images-dataset.s3.amazonaws.com/train/0512bebbd50a670c.jpg,https://www.flickr.com/photos/barbarabrannon/16749655614,https://creativecommons.org/licenses/by/2.0/,Barbara Brannon
0512cd3344786e25,train,https://open-images-dataset.s3.amazonaws.com/train/0512cd3344786e25.jpg,https://www.flickr.com/photos/copa41/100868345,https://creativecommons.org/licenses/by/2.0/,Melissa
052b72332d8b337c,train,https://open-images-dataset.s3.amazonaws.com/train/052b72332d8b337c.jpg,https://www.flickr.com/photos/merec0/4815093632,https://creativecommons.org/licenses/by/2.0/,merec0
053385aa7b9b5a6a,train,https://open-images-dataset.s3.amazonaws.com/train/053385aa7b9b5a6a.jpg,https://www.flickr.com/photos/ryannagelmann/10254891366,https://creativecommons.org/licenses/by/2.0/,Ryan Nagelmann
0538a7fffecdce33,train,https://open-images-dataset.s3.amazonaws.com/train/0538a7fffecdce33.jpg,https://www.flickr.com/photos/coachdanny/8509944969,https://creativecommons.org/licenses/by/2.0/,Danny Thompson
0538df8a1d27830e,train,https://open-images-dataset.s3.amazonaws.com/train/0538df8a1d27830e.jpg,https://www.flickr.com/photos/adavey/2755270720,https://creativecommons.org/licenses/by/2.0/,A.Davey
053a4d5f6d8a7cd7,train,https://open-images-dataset.s3.amazonaws.com/train/053a4d5f6d8a7cd7.jpg,https://www.flickr.com/photos/gerryscappaticci/4777415547/,https://creativecommons.org/licenses/by/2.0/,gerry.scappaticci
05471e52c8c41290,train,https://open-images-dataset.s3.amazonaws.com/train/05471e52c8c41290.jpg,https://www.flickr.com/photos/gonmi/8709843871,https://creativecommons.org/licenses/by/2.0/,Nacho
0547f47f80556296,train,https://open-images-dataset.s3.amazonaws.com/train/0547f47f80556296.jpg,https://www.flickr.com/photos/cote/4377566258,https://creativecommons.org/licenses/by/2.0/,Michael Coté
054c00e637d42377,train,https://open-images-dataset.s3.amazonaws.com/train/054c00e637d42377.jpg,https://www.flickr.com/photos/renatodpaula/15440615725,https://creativecommons.org/licenses/by/2.0/,Renato dPaula
054edb5b26817b36,train,https://open-images-dataset.s3.amazonaws.com/train/054edb5b26817b36.jpg,https://www.flickr.com/photos/psyberartist/8058175400,https://creativecommons.org/licenses/by/2.0/,psyberartist
05556500074ef0fd,train,https://open-images-dataset.s3.amazonaws.com/train/05556500074ef0fd.jpg,https://www.flickr.com/photos/athomeinscottsdale/5758354488,https://creativecommons.org/licenses/by/2.0/,Dru Bloomfield
055e1b0257f06f7d,train,https://open-images-dataset.s3.amazonaws.com/train/055e1b0257f06f7d.jpg,https://www.flickr.com/photos/luke-photography/7764235090,https://creativecommons.org/licenses/by/2.0/,Luke Lawreszuk
055ee4e3b563c5b1,train,https://open-images-dataset.s3.amazonaws.com/train/055ee4e3b563c5b1.jpg,https://www.flickr.com/photos/43436168@N00/6731117299,https://creativecommons.org/licenses/by/2.0/,Duane Burdick
05663cb78bd60669,train,https://open-images-dataset.s3.amazonaws.com/train/05663cb78bd60669.jpg,https://www.flickr.com/photos/alantrotter/10303976716,https://creativecommons.org/licenses/by/2.0/,Alan Trotter
057e88b48f940389,train,https://open-images-dataset.s3.amazonaws.com/train/057e88b48f940389.jpg,https://www.flickr.com/photos/ella_nicholson/4582374948,https://creativecommons.org/licenses/by/2.0/,ella_nicholson
058da0e936c23400,train,https://open-images-dataset.s3.amazonaws.com/train/058da0e936c23400.jpg,https://www.flickr.com/photos/consumerist/525216379,https://creativecommons.org/licenses/by/2.0/,Consumerist Dot Com
05936865e50968e6,train,https://open-images-dataset.s3.amazonaws.com/train/05936865e50968e6.jpg,https://www.flickr.com/photos/munir/15014490390,https://creativecommons.org/licenses/by/2.0/,Munir Squires
059a0e923e665f68,train,https://open-images-dataset.s3.amazonaws.com/train/059a0e923e665f68.jpg,https://www.flickr.com/photos/fimbrethil/37429378/,https://creativecommons.org/licenses/by/2.0/,Fimb
059c89e02f886edc,train,https://open-images-dataset.s3.amazonaws.com/train/059c89e02f886edc.jpg,https://www.flickr.com/photos/muanjai/2292902301,https://creativecommons.org/licenses/by/2.0/,chaiyawat p
05a46b228c3eb20b,train,https://open-images-dataset.s3.amazonaws.com/train/05a46b228c3eb20b.jpg,https://www.flickr.com/photos/imamon/2665408420,https://creativecommons.org/licenses/by/2.0/,Imamon
05a8e5f10e342e42,train,https://open-images-dataset.s3.amazonaws.com/train/05a8e5f10e342e42.jpg,https://www.flickr.com/photos/herry/5002636516,https://creativecommons.org/licenses/by/2.0/,Herry Lawford
05b1d9053fb49037,train,https://open-images-dataset.s3.amazonaws.com/train/05b1d9053fb49037.jpg,https://www.flickr.com/photos/pocius/5520678802,https://creativecommons.org/licenses/by/2.0/,Bryan Pocius
05b9dab116351ea2,train,https://open-images-dataset.s3.amazonaws.com/train/05b9dab116351ea2.jpg,https://www.flickr.com/photos/geishaboy500/104351063,https://creativecommons.org/licenses/by/2.0/,THOR
05ba7effad2cc234,train,https://open-images-dataset.s3.amazonaws.com/train/05ba7effad2cc234.jpg,https://www.flickr.com/photos/miguelvieira/6746349611,https://creativecommons.org/licenses/by/2.0/,Miguel Vieira
05c1919f6e367652,train,https://open-images-dataset.s3.amazonaws.com/train/05c1919f6e367652.jpg,https://www.flickr.com/photos/kamshots/251316398,https://creativecommons.org/licenses/by/2.0/,Kamyar Adl
05c4519d1bdf8c4a,train,https://open-images-dataset.s3.amazonaws.com/train/05c4519d1bdf8c4a.jpg,https://www.flickr.com/photos/luigi_and_linda/1688056009,https://creativecommons.org/licenses/by/2.0/,Luigi Guarino
05e512966bfe30ec,train,https://open-images-dataset.s3.amazonaws.com/train/05e512966bfe30ec.jpg,https://www.flickr.com/photos/lorakutty/3932567344,https://creativecommons.org/licenses/by/2.0/,Lora Rajah
05e64ee1d3e2210d,train,https://open-images-dataset.s3.amazonaws.com/train/05e64ee1d3e2210d.jpg,https://www.flickr.com/photos/mapurbanlinguisticlandscape/14001521720,https://creativecommons.org/licenses/by/2.0/,Map of the Urban Linguistic Landscape
05e9ff43baebee82,train,https://open-images-dataset.s3.amazonaws.com/train/05e9ff43baebee82.jpg,https://www.flickr.com/photos/tpholland/2287579713,https://creativecommons.org/licenses/by/2.0/,tpholland
05ea4fba5155c35c,train,https://open-images-dataset.s3.amazonaws.com/train/05ea4fba5155c35c.jpg,https://www.flickr.com/photos/pasa/7484545240,https://creativecommons.org/licenses/by/2.0/,Paul Sableman
06098b1f732b18fa,train,https://open-images-dataset.s3.amazonaws.com/train/06098b1f732b18fa.jpg,https://www.flickr.com/photos/46748110@N02/6457264453,https://creativecommons.org/licenses/by/2.0/,Danny Armstrong
062c692434673a62,train,https://open-images-dataset.s3.amazonaws.com/train/062c692434673a62.jpg,https://www.flickr.com/photos/integer_club/5579660985,https://creativecommons.org/licenses/by/2.0/,The Integer Club
0632558dc8081772,train,https://open-images-dataset.s3.amazonaws.com/train/0632558dc8081772.jpg,https://www.flickr.com/photos/aslakr/1935302594,https://creativecommons.org/licenses/by/2.0/,Aslak Raanes
0642c8d85492b4e0,train,https://open-images-dataset.s3.amazonaws.com/train/0642c8d85492b4e0.jpg,https://www.flickr.com/photos/betsyweber/3906043614,https://creativecommons.org/licenses/by/2.0/,Betsy Weber
06497030a88a9db7,train,https://open-images-dataset.s3.amazonaws.com/train/06497030a88a9db7.jpg,https://www.flickr.com/photos/glorycycles/9301283256,https://creativecommons.org/licenses/by/2.0/,Glory Cycles
064ef730003cfab2,train,https://open-images-dataset.s3.amazonaws.com/train/064ef730003cfab2.jpg,https://www.flickr.com/photos/mckaysavage/6570430441,https://creativecommons.org/licenses/by/2.0/,McKay Savage
066933d3d553297c,train,https://open-images-dataset.s3.amazonaws.com/train/066933d3d553297c.jpg,https://www.flickr.com/photos/hisgett/6214079309,https://creativecommons.org/licenses/by/2.0/,Tony Hisgett
0687d512e9a7aef3,train,https://open-images-dataset.s3.amazonaws.com/train/0687d512e9a7aef3.jpg,https://www.flickr.com/photos/70118259@N00/4435788447,https://creativecommons.org/licenses/by/2.0/,Jeffrey Bary
068d413046bd562d,train,https://open-images-dataset.s3.amazonaws.com/train/068d413046bd562d.jpg,https://www.flickr.com/photos/eric_brechemier/3301744548,https://creativecommons.org/licenses/by/2.0/,Eric Bréchemier
06973caebc990ce0,train,https://open-images-dataset.s3.amazonaws.com/train/06973caebc990ce0.jpg,https://www.flickr.com/photos/sinordendeuso/8001218844/,https://creativecommons.org/licenses/by/2.0/,sin orden de uso
069a16026821d074,train,https://open-images-dataset.s3.amazonaws.com/train/069a16026821d074.jpg,https://www.flickr.com/photos/tofslie/27698906,https://creativecommons.org/licenses/by/2.0/,Edwin &amp; Kelly Tofslie
06a7775733d1452e,train,https://open-images-dataset.s3.amazonaws.com/train/06a7775733d1452e.jpg,https://www.flickr.com/photos/summonedbyfells/6074405484,https://creativecommons.org/licenses/by/2.0/,summonedbyfells
06a82727f1467e8a,train,https://open-images-dataset.s3.amazonaws.com/train/06a82727f1467e8a.jpg,https://www.flickr.com/photos/pixelchecker/10040998065,https://creativecommons.org/licenses/by/2.0/,pixelchecker
06bca63a733fa625,train,https://open-images-dataset.s3.amazonaws.com/train/06bca63a733fa625.jpg,https://www.flickr.com/photos/nicksie2008/8692316609,https://creativecommons.org/licenses/by/2.0/,Nick Page
06e11d2f8dae6b38,train,https://open-images-dataset.s3.amazonaws.com/train/06e11d2f8dae6b38.jpg,https://www.flickr.com/photos/jonicdao/15234826447/,https://creativecommons.org/licenses/by/2.0/,jojo nicdao
06e25b6dc4f6a241,train,https://open-images-dataset.s3.amazonaws.com/train/06e25b6dc4f6a241.jpg,https://www.flickr.com/photos/91807507@N03/9889043334,https://creativecommons.org/licenses/by/2.0/,GPS 56
06e7dbc7bbafb163,train,https://open-images-dataset.s3.amazonaws.com/train/06e7dbc7bbafb163.jpg,https://www.flickr.com/photos/seniju/15560093866,https://creativecommons.org/licenses/by/2.0/,Seniju
06e98c0ecc083ba0,train,https://open-images-dataset.s3.amazonaws.com/train/06e98c0ecc083ba0.jpg,https://www.flickr.com/photos/isengardt/7087393855,https://creativecommons.org/licenses/by/2.0/,Isengardt
06fc42b521f34aca,train,https://open-images-dataset.s3.amazonaws.com/train/06fc42b521f34aca.jpg,https://www.flickr.com/photos/wheatfields/4251945466,https://creativecommons.org/licenses/by/2.0/,allispossible.org.uk
07071fce2c492370,train,https://open-images-dataset.s3.amazonaws.com/train/07071fce2c492370.jpg,https://www.flickr.com/photos/mymetrostop/2787051591,https://creativecommons.org/licenses/by/2.0/,Metro Max
070c9e722ca47eb4,train,https://open-images-dataset.s3.amazonaws.com/train/070c9e722ca47eb4.jpg,https://www.flickr.com/photos/tinto/14788228173,https://creativecommons.org/licenses/by/2.0/,Jörg Schubert
071a917cd7016940,train,https://open-images-dataset.s3.amazonaws.com/train/071a917cd7016940.jpg,https://www.flickr.com/photos/japharl/17158483598,https://creativecommons.org/licenses/by/2.0/,japharl
0743db279af1f579,train,https://open-images-dataset.s3.amazonaws.com/train/0743db279af1f579.jpg,https://www.flickr.com/photos/tahini/14211867132,https://creativecommons.org/licenses/by/2.0/,Mr Thinktank
0749f763ea561bb8,train,https://open-images-dataset.s3.amazonaws.com/train/0749f763ea561bb8.jpg,https://www.flickr.com/photos/92682792@N00/211293524,https://creativecommons.org/licenses/by/2.0/,gravitat-OFF
074ebd6f634fb0c7,train,https://open-images-dataset.s3.amazonaws.com/train/074ebd6f634fb0c7.jpg,https://www.flickr.com/photos/freecat/1141118064,https://creativecommons.org/licenses/by/2.0/,José Antonio Gil Martínez
074ef83fa2a544b2,train,https://open-images-dataset.s3.amazonaws.com/train/074ef83fa2a544b2.jpg,https://www.flickr.com/photos/walkingsf/2775319055,https://creativecommons.org/licenses/by/2.0/,Eric Fischer
074f24c2d1b80e9e,train,https://open-images-dataset.s3.amazonaws.com/train/074f24c2d1b80e9e.jpg,https://www.flickr.com/photos/antonstetner/9504841160/,https://creativecommons.org/licenses/by/2.0/,Anton Stetner
07597b504fc05c3c,train,https://open-images-dataset.s3.amazonaws.com/train/07597b504fc05c3c.jpg,https://www.flickr.com/photos/jsolomon/2235190554,https://creativecommons.org/licenses/by/2.0/,john
075e90ea3c910541,train,https://open-images-dataset.s3.amazonaws.com/train/075e90ea3c910541.jpg,https://www.flickr.com/photos/nhayashida/9892977625,https://creativecommons.org/licenses/by/2.0/,nhayashida
0760331d772dad46,train,https://open-images-dataset.s3.amazonaws.com/train/0760331d772dad46.jpg,https://www.flickr.com/photos/pellesten/9636193307,https://creativecommons.org/licenses/by/2.0/,Pelle Sten
076c97472d6057d0,train,https://open-images-dataset.s3.amazonaws.com/train/076c97472d6057d0.jpg,https://www.flickr.com/photos/miamism/16094829757,https://creativecommons.org/licenses/by/2.0/,Ines Hegedus-Garcia
077d8e162deb3294,train,https://open-images-dataset.s3.amazonaws.com/train/077d8e162deb3294.jpg,https://www.flickr.com/photos/softsurfaces/7194953914,https://creativecommons.org/licenses/by/2.0/,Soft Surfaces Ltd
0793b97eeb63113a,train,https://open-images-dataset.s3.amazonaws.com/train/0793b97eeb63113a.jpg,https://www.flickr.com/photos/pantulis/20404375178,https://creativecommons.org/licenses/by/2.0/,Juan Lupión
079504f618541dfe,train,https://open-images-dataset.s3.amazonaws.com/train/079504f618541dfe.jpg,https://www.flickr.com/photos/aubergene/4555927123,https://creativecommons.org/licenses/by/2.0/,Julian Burgess
07978a48f2d20a10,train,https://open-images-dataset.s3.amazonaws.com/train/07978a48f2d20a10.jpg,https://www.flickr.com/photos/eager/8302048777,https://creativecommons.org/licenses/by/2.0/,準建築人手札網站 Forgemind ArchiMedia
0798331558cd7b33,train,https://open-images-dataset.s3.amazonaws.com/train/0798331558cd7b33.jpg,https://www.flickr.com/photos/loestamosgrabando/2530488887,https://creativecommons.org/licenses/by/2.0/,loestamosgrabando
079afa1edb777fe6,train,https://open-images-dataset.s3.amazonaws.com/train/079afa1edb777fe6.jpg,https://www.flickr.com/photos/licht3pics/4757855024,https://creativecommons.org/licenses/by/2.0/,Licht3
079dc70ea67d30d5,train,https://open-images-dataset.s3.amazonaws.com/train/079dc70ea67d30d5.jpg,https://www.flickr.com/photos/liddybits/768635408,https://creativecommons.org/licenses/by/2.0/,liddybits
079fc2281e79bf82,train,https://open-images-dataset.s3.amazonaws.com/train/079fc2281e79bf82.jpg,https://www.flickr.com/photos/supa_pedro/4038642966,https://creativecommons.org/licenses/by/2.0/,Daniel Means
07a5d00c6c808ecb,train,https://open-images-dataset.s3.amazonaws.com/train/07a5d00c6c808ecb.jpg,https://flickr.com/10390868@N07/17185142909,https://creativecommons.org/licenses/by/2.0/,bazzadaramblerimages
07a789b32254ccdd,train,https://open-images-dataset.s3.amazonaws.com/train/07a789b32254ccdd.jpg,https://www.flickr.com/photos/clairity/2018293350,https://creativecommons.org/licenses/by/2.0/,Sharon Mollerus
07c0e26d215601df,train,https://open-images-dataset.s3.amazonaws.com/train/07c0e26d215601df.jpg,https://www.flickr.com/photos/49889874@N05/15434805101,https://creativecommons.org/licenses/by/2.0/,marc falardeau
07c94d6df41a1dc5,train,https://open-images-dataset.s3.amazonaws.com/train/07c94d6df41a1dc5.jpg,https://www.flickr.com/photos/66992990@N00/6853375277/,https://creativecommons.org/licenses/by/2.0/,Joanna Bourne
07ca1d50fe17a4ea,train,https://open-images-dataset.s3.amazonaws.com/train/07ca1d50fe17a4ea.jpg,https://www.flickr.com/photos/allaboutgeorge/2628258329,https://creativecommons.org/licenses/by/2.0/,George Kelly
07ccc13fbe455c55,train,https://open-images-dataset.s3.amazonaws.com/train/07ccc13fbe455c55.jpg,https://www.flickr.com/photos/mister-e/393076785,https://creativecommons.org/licenses/by/2.0/,Chris Eason
07cf3711673ce588,train,https://open-images-dataset.s3.amazonaws.com/train/07cf3711673ce588.jpg,https://www.flickr.com/photos/hisgett/5133838796,https://creativecommons.org/licenses/by/2.0/,Tony Hisgett
07d418b28e3882b0,train,https://open-images-dataset.s3.amazonaws.com/train/07d418b28e3882b0.jpg,https://www.flickr.com/photos/92682792@N00/5414630018,https://creativecommons.org/licenses/by/2.0/,gravitat-OFF
08095928f58d7df8,train,https://open-images-dataset.s3.amazonaws.com/train/08095928f58d7df8.jpg,https://www.flickr.com/photos/liferfe/4713531626,https://creativecommons.org/licenses/by/2.0/,Jose Mesa
081e110b58e9f85a,train,https://open-images-dataset.s3.amazonaws.com/train/081e110b58e9f85a.jpg,https://www.flickr.com/photos/rvc/8751321306,https://creativecommons.org/licenses/by/2.0/,rvcroffi
081e318b29e91d8f,train,https://open-images-dataset.s3.amazonaws.com/train/081e318b29e91d8f.jpg,https://www.flickr.com/photos/tboard/5616931675,https://creativecommons.org/licenses/by/2.0/,Teresa Boardman
08230f73db0b42e6,train,https://open-images-dataset.s3.amazonaws.com/train/08230f73db0b42e6.jpg,https://www.flickr.com/photos/talitaribeiro/3881925893,https://creativecommons.org/licenses/by/2.0/,Talita Ribeiro
0825406e6770f6f4,train,https://open-images-dataset.s3.amazonaws.com/train/0825406e6770f6f4.jpg,https://www.flickr.com/photos/pyride/12900357995,https://creativecommons.org/licenses/by/2.0/,Julie anne Johnson
082d5805e187de79,train,https://open-images-dataset.s3.amazonaws.com/train/082d5805e187de79.jpg,https://www.flickr.com/photos/mdpettitt/5099923506,https://creativecommons.org/licenses/by/2.0/,Martin Pettitt
0855f550ac0c70f8,train,https://open-images-dataset.s3.amazonaws.com/train/0855f550ac0c70f8.jpg,https://www.flickr.com/photos/caspermoller/1629358396,https://creativecommons.org/licenses/by/2.0/,Casper Moller
08645f7e3a9641c1,train,https://open-images-dataset.s3.amazonaws.com/train/08645f7e3a9641c1.jpg,https://www.flickr.com/photos/eager/8341241333,https://creativecommons.org/licenses/by/2.0/,準建築人手札網站 Forgemind ArchiMedia
087747b508af7a53,train,https://open-images-dataset.s3.amazonaws.com/train/087747b508af7a53.jpg,https://www.flickr.com/photos/tuba/4006760767/,https://creativecommons.org/licenses/by/2.0/,Alex Shultz
087edfb3d1797320,train,https://open-images-dataset.s3.amazonaws.com/train/087edfb3d1797320.jpg,https://www.flickr.com/photos/speculummundi/8674171617,https://creativecommons.org/licenses/by/2.0/,Amelia Wells
0889cc56f7629c82,train,https://open-images-dataset.s3.amazonaws.com/train/0889cc56f7629c82.jpg,https://www.flickr.com/photos/edvolunteers/5546946177,https://creativecommons.org/licenses/by/2.0/,International  Disaster Volunteers
088bdd1705067783,train,https://open-images-dataset.s3.amazonaws.com/train/088bdd1705067783.jpg,https://www.flickr.com/photos/girl_named_fred/240810026,https://creativecommons.org/licenses/by/2.0/,Cynthia Donovan
088f878f10503d6a,train,https://open-images-dataset.s3.amazonaws.com/train/088f878f10503d6a.jpg,https://www.flickr.com/photos/tinou/116650740,https://creativecommons.org/licenses/by/2.0/,Tinou Bao
0899c5542bd8e7e9,train,https://open-images-dataset.s3.amazonaws.com/train/0899c5542bd8e7e9.jpg,https://www.flickr.com/photos/73416633@N00/297827882,https://creativecommons.org/licenses/by/2.0/,Sandra Cohen-Rose and   Colin Rose
08c38e93b0c18d8c,train,https://open-images-dataset.s3.amazonaws.com/train/08c38e93b0c18d8c.jpg,https://www.flickr.com/photos/hisgett/8148790307,https://creativecommons.org/licenses/by/2.0/,Tony Hisgett
08c59ab57a346657,train,https://open-images-dataset.s3.amazonaws.com/train/08c59ab57a346657.jpg,https://www.flickr.com/photos/bragadocchio/442811659,https://creativecommons.org/licenses/by/2.0/,Bill Slawski
08d059a542d49fdc,train,https://open-images-dataset.s3.amazonaws.com/train/08d059a542d49fdc.jpg,https://www.flickr.com/photos/jeepersmedia/13946010707,https://creativecommons.org/licenses/by/2.0/,Mike Mozart
08deac315f1527bf,train,https://open-images-dataset.s3.amazonaws.com/train/08deac315f1527bf.jpg,https://www.flickr.com/photos/auntylaurie/3271988893,https://creativecommons.org/licenses/by/2.0/,Laurie Avocado
08e1766c97677845,train,https://open-images-dataset.s3.amazonaws.com/train/08e1766c97677845.jpg,https://www.flickr.com/photos/28585409@N04/5225050541,https://creativecommons.org/licenses/by/2.0/,Sam Beebe
08e1aa8cf5618c18,train,https://open-images-dataset.s3.amazonaws.com/train/08e1aa8cf5618c18.jpg,https://www.flickr.com/photos/dok1/193408285,https://creativecommons.org/licenses/by/2.0/,Don O&#x27;Brien
08eb1daaab9d252a,train,https://open-images-dataset.s3.amazonaws.com/train/08eb1daaab9d252a.jpg,https://www.flickr.com/photos/77919343@N08/8571801424,https://creativecommons.org/licenses/by/2.0/,MrWooly71
08ee3b1cb727b0fe,train,https://open-images-dataset.s3.amazonaws.com/train/08ee3b1cb727b0fe.jpg,https://www.flickr.com/photos/42360712@N04/7252831210,https://creativecommons.org/licenses/by/2.0/,Carlisle Reject
08fad881421a6257,train,https://open-images-dataset.s3.amazonaws.com/train/08fad881421a6257.jpg,https://www.flickr.com/photos/bonitalabanane/5155792589,https://creativecommons.org/licenses/by/2.0/,Bonita de Boer
0908d617a667957c,train,https://open-images-dataset.s3.amazonaws.com/train/0908d617a667957c.jpg,https://www.flickr.com/photos/37553027@N02/6253979558,https://creativecommons.org/licenses/by/2.0/,Lucy Fisher
092815bee1798100,train,https://open-images-dataset.s3.amazonaws.com/train/092815bee1798100.jpg,https://www.flickr.com/photos/fusion_of_horizons/6166203548,https://creativecommons.org/licenses/by/2.0/,fusion-of-horizons
093ed34207bc4c99,train,https://open-images-dataset.s3.amazonaws.com/train/093ed34207bc4c99.jpg,https://www.flickr.com/photos/remedy451/18276415250,https://creativecommons.org/licenses/by/2.0/,Peter Broster
094578429ee3da75,train,https://open-images-dataset.s3.amazonaws.com/train/094578429ee3da75.jpg,https://www.flickr.com/photos/pavdw/4054135048,https://creativecommons.org/licenses/by/2.0/,Paul VanDerWerf
09480259601421cc,train,https://open-images-dataset.s3.amazonaws.com/train/09480259601421cc.jpg,https://www.flickr.com/photos/crabchick/2697183442,https://creativecommons.org/licenses/by/2.0/,crabchick
0948af7bfcf923e8,train,https://open-images-dataset.s3.amazonaws.com/train/0948af7bfcf923e8.jpg,https://www.flickr.com/photos/shadowgate/1232325140,https://creativecommons.org/licenses/by/2.0/,Shadowgate
094cdd416c95480c,train,https://open-images-dataset.s3.amazonaws.com/train/094cdd416c95480c.jpg,https://www.flickr.com/photos/snippetsofmydays/6259624309,https://creativecommons.org/licenses/by/2.0/,Saikat Sengupta
09594078dfba99fc,train,https://open-images-dataset.s3.amazonaws.com/train/09594078dfba99fc.jpg,https://www.flickr.com/photos/harshlight/2144931589,https://creativecommons.org/licenses/by/2.0/,HarshLight
095d6a16b365c9c8,train,https://open-images-dataset.s3.amazonaws.com/train/095d6a16b365c9c8.jpg,https://www.flickr.com/photos/flavouz/395626580,https://creativecommons.org/licenses/by/2.0/,Flavio Ensiki
095ef54f4130ae72,train,https://open-images-dataset.s3.amazonaws.com/train/095ef54f4130ae72.jpg,https://www.flickr.com/photos/erix/11370733546,https://creativecommons.org/licenses/by/2.0/,Erich Ferdinand
0969ceaa83d72bf4,train,https://open-images-dataset.s3.amazonaws.com/train/0969ceaa83d72bf4.jpg,https://www.flickr.com/photos/kendylyoung/7412610182,https://creativecommons.org/licenses/by/2.0/,Kendyl Young
096c69cb19dfa45c,train,https://open-images-dataset.s3.amazonaws.com/train/096c69cb19dfa45c.jpg,https://www.flickr.com/photos/technowannabe/332490535,https://creativecommons.org/licenses/by/2.0/,Todd Baker
09765e27a374a7b5,train,https://open-images-dataset.s3.amazonaws.com/train/09765e27a374a7b5.jpg,https://www.flickr.com/photos/modofodo/20306831404,https://creativecommons.org/licenses/by/2.0/,el-toro
097851e8e91f0034,train,https://open-images-dataset.s3.amazonaws.com/train/097851e8e91f0034.jpg,https://www.flickr.com/photos/foshie/87009555,https://creativecommons.org/licenses/by/2.0/,foshie
0988647ee85a2ac6,train,https://open-images-dataset.s3.amazonaws.com/train/0988647ee85a2ac6.jpg,https://www.flickr.com/photos/dottiemae/7827802482,https://creativecommons.org/licenses/by/2.0/,Jenn Durfey
098ad575c1683f1b,train,https://open-images-dataset.s3.amazonaws.com/train/098ad575c1683f1b.jpg,https://www.flickr.com/photos/jmrodri/7967130404,https://creativecommons.org/licenses/by/2.0/,Jesus Rodriguez
099b16de7c810005,train,https://open-images-dataset.s3.amazonaws.com/train/099b16de7c810005.jpg,https://www.flickr.com/photos/maggiejane/3487913946,https://creativecommons.org/licenses/by/2.0/,Maggie Hoffman
09a43f1cd729985a,train,https://open-images-dataset.s3.amazonaws.com/train/09a43f1cd729985a.jpg,https://www.flickr.com/photos/73416633@N00/86614065,https://creativecommons.org/licenses/by/2.0/,Sandra Cohen-Rose and   Colin Rose
09a64fd351e32a14,train,https://open-images-dataset.s3.amazonaws.com/train/09a64fd351e32a14.jpg,https://www.flickr.com/photos/mister-e/393062548,https://creativecommons.org/licenses/by/2.0/,Chris Eason
09b5978003dcd3e6,train,https://open-images-dataset.s3.amazonaws.com/train/09b5978003dcd3e6.jpg,https://www.flickr.com/photos/flottenheimer/5365045657,https://creativecommons.org/licenses/by/2.0/,Kristian Thøgersen
09b6f2db3230b352,train,https://open-images-dataset.s3.amazonaws.com/train/09b6f2db3230b352.jpg,https://www.flickr.com/photos/acidka/4379779061,https://creativecommons.org/licenses/by/2.0/,Peter
09c7506f2eb1e26a,train,https://open-images-dataset.s3.amazonaws.com/train/09c7506f2eb1e26a.jpg,https://www.flickr.com/photos/73416633@N00/251913181,https://creativecommons.org/licenses/by/2.0/,Sandra Cohen-Rose and   Colin Rose
09e632b9c1a4138e,train,https://open-images-dataset.s3.amazonaws.com/train/09e632b9c1a4138e.jpg,https://www.flickr.com/photos/thoseguys119/16453773819,https://creativecommons.org/licenses/by/2.0/,ThoseGuys119
09f9ea54b7fa5d41,train,https://open-images-dataset.s3.amazonaws.com/train/09f9ea54b7fa5d41.jpg,https://www.flickr.com/photos/volantra/5506487414,https://creativecommons.org/licenses/by/2.0/,Cheryl Brind
0a020e62c4f38dca,train,https://open-images-dataset.s3.amazonaws.com/train/0a020e62c4f38dca.jpg,https://www.flickr.com/photos/nanpalmero/14983944188,https://creativecommons.org/licenses/by/2.0/,Nan Palmero
0a0de40ac8e6e355,train,https://open-images-dataset.s3.amazonaws.com/train/0a0de40ac8e6e355.jpg,https://www.flickr.com/photos/marcus_hansson/3725720927,https://creativecommons.org/licenses/by/2.0/,Marcus Hansson
0a18e938b4e65c37,train,https://open-images-dataset.s3.amazonaws.com/train/0a18e938b4e65c37.jpg,https://www.flickr.com/photos/blakespot/4938989003,https://creativecommons.org/licenses/by/2.0/,Blake Patterson
0a1985eabf62ad9a,train,https://open-images-dataset.s3.amazonaws.com/train/0a1985eabf62ad9a.jpg,https://www.flickr.com/photos/fletcherprince/3118451624/,https://creativecommons.org/licenses/by/2.0/,Fletcher Prince
0a285fe7b986a00c,train,https://open-images-dataset.s3.amazonaws.com/train/0a285fe7b986a00c.jpg,https://www.flickr.com/photos/pauljill/6294730753,https://creativecommons.org/licenses/by/2.0/,Paul Asman and Jill Lenoble
0a28e1a30134eab7,train,https://open-images-dataset.s3.amazonaws.com/train/0a28e1a30134eab7.jpg,https://www.flickr.com/photos/schuerch-architekten/7837107050/,https://creativecommons.org/licenses/by/2.0/,Andreas Schuerch
0a2d8a70383c0f88,train,https://open-images-dataset.s3.amazonaws.com/train/0a2d8a70383c0f88.jpg,https://www.flickr.com/photos/31883499@N05/3522972965,https://creativecommons.org/licenses/by/2.0/,Yves Cosentino
0a38f628d9acd769,train,https://open-images-dataset.s3.amazonaws.com/train/0a38f628d9acd769.jpg,https://www.flickr.com/photos/paytonc/3719458,https://creativecommons.org/licenses/by/2.0/,Payton Chung
0a3cf5d9bfef0cad,train,https://open-images-dataset.s3.amazonaws.com/train/0a3cf5d9bfef0cad.jpg,https://www.flickr.com/photos/alexao/3523151749,https://creativecommons.org/licenses/by/2.0/,Alexander Ottesen
0a41f37258307ef8,train,https://open-images-dataset.s3.amazonaws.com/train/0a41f37258307ef8.jpg,https://www.flickr.com/photos/joccay/6250667621,https://creativecommons.org/licenses/by/2.0/,Joccay
0a4334cf2d21c7c1,train,https://open-images-dataset.s3.amazonaws.com/train/0a4334cf2d21c7c1.jpg,https://www.flickr.com/photos/jlascar/4577527173,https://creativecommons.org/licenses/by/2.0/,Jorge Láscar
0a5327ea12bc682d,train,https://open-images-dataset.s3.amazonaws.com/train/0a5327ea12bc682d.jpg,https://www.flickr.com/photos/astrooscar/8771194696,https://creativecommons.org/licenses/by/2.0/,Astro Oscar ||*||
0a5d2c29a13d083e,train,https://open-images-dataset.s3.amazonaws.com/train/0a5d2c29a13d083e.jpg,https://www.flickr.com/photos/ricksmithshow/10190827405,https://creativecommons.org/licenses/by/2.0/,Rick Smith
0a6128fad8ca7fb9,train,https://open-images-dataset.s3.amazonaws.com/train/0a6128fad8ca7fb9.jpg,https://www.flickr.com/photos/pasa/9091913368,https://creativecommons.org/licenses/by/2.0/,Paul Sableman
0a63c9a49c4e0a72,train,https://open-images-dataset.s3.amazonaws.com/train/0a63c9a49c4e0a72.jpg,https://www.flickr.com/photos/futureshape/509957192,https://creativecommons.org/licenses/by/2.0/,Alexander Baxevanis
0a672685c0a78224,train,https://open-images-dataset.s3.amazonaws.com/train/0a672685c0a78224.jpg,https://www.flickr.com/photos/thomaspurves/4393126036,https://creativecommons.org/licenses/by/2.0/,Tom Purves
0a6abfc40839e1db,train,https://open-images-dataset.s3.amazonaws.com/train/0a6abfc40839e1db.jpg,https://www.flickr.com/photos/infrogmation/15055659554,https://creativecommons.org/licenses/by/2.0/,Infrogmation of New Orleans
0a7004f19702b353,train,https://open-images-dataset.s3.amazonaws.com/train/0a7004f19702b353.jpg,https://www.flickr.com/photos/maxime-b/15777215621,https://creativecommons.org/licenses/by/2.0/,Maxime B
0a748f89bb743993,train,https://open-images-dataset.s3.amazonaws.com/train/0a748f89bb743993.jpg,https://www.flickr.com/photos/globetrotteri/4394308829,https://creativecommons.org/licenses/by/2.0/,Carrie Kellenberger
0a7eda86654d9333,train,https://open-images-dataset.s3.amazonaws.com/train/0a7eda86654d9333.jpg,https://www.flickr.com/photos/bedesign/8706798181,https://creativecommons.org/licenses/by/2.0/,Benito Condemi de Felice
0a836d67e9c855a3,train,https://open-images-dataset.s3.amazonaws.com/train/0a836d67e9c855a3.jpg,https://www.flickr.com/photos/nightwing_26/2337037339,https://creativecommons.org/licenses/by/2.0/,Harry Li
0a8be81037ff7a7e,train,https://open-images-dataset.s3.amazonaws.com/train/0a8be81037ff7a7e.jpg,https://www.flickr.com/photos/elvissa/2325155089,https://creativecommons.org/licenses/by/2.0/,Tricia
0a8c8fb83044e168,train,https://open-images-dataset.s3.amazonaws.com/train/0a8c8fb83044e168.jpg,https://www.flickr.com/photos/76474729@N02/7248248586,https://creativecommons.org/licenses/by/2.0/,Mario Fornasari
0a965c4c3e71280c,train,https://open-images-dataset.s3.amazonaws.com/train/0a965c4c3e71280c.jpg,https://www.flickr.com/photos/ombatak/6940461524,https://creativecommons.org/licenses/by/2.0/,Gabriel Sianturi
0aa39ab31425f38c,train,https://open-images-dataset.s3.amazonaws.com/train/0aa39ab31425f38c.jpg,https://www.flickr.com/photos/dale_ellerm/3403042949,https://creativecommons.org/licenses/by/2.0/,Dale Ellerm
0ab1bf0607e3e409,train,https://open-images-dataset.s3.amazonaws.com/train/0ab1bf0607e3e409.jpg,https://www.flickr.com/photos/lancerrevolution/4032223943,https://creativecommons.org/licenses/by/2.0/,LancerE
0ab67ad570b8712d,train,https://open-images-dataset.s3.amazonaws.com/train/0ab67ad570b8712d.jpg,https://www.flickr.com/photos/alsager/6103113612,https://creativecommons.org/licenses/by/2.0/,Ahmed Alsaqer
0ac3642f741f7b96,train,https://open-images-dataset.s3.amazonaws.com/train/0ac3642f741f7b96.jpg,https://www.flickr.com/photos/69091371@N00/4141546857,https://creativecommons.org/licenses/by/2.0/,Heather McCall
0ac43b1430ff8726,train,https://open-images-dataset.s3.amazonaws.com/train/0ac43b1430ff8726.jpg,https://www.flickr.com/photos/viaggioroutard/15103063040,https://creativecommons.org/licenses/by/2.0/,Viaggio Routard
0ad0b4919bd10928,train,https://open-images-dataset.s3.amazonaws.com/train/0ad0b4919bd10928.jpg,https://www.flickr.com/photos/calliope/1896984414,https://creativecommons.org/licenses/by/2.0/,liz west
0adca529cab8ad1e,train,https://open-images-dataset.s3.amazonaws.com/train/0adca529cab8ad1e.jpg,https://www.flickr.com/photos/jseita/5395118522,https://creativecommons.org/licenses/by/2.0/,Jun Seita
0addd44f322259ec,train,https://open-images-dataset.s3.amazonaws.com/train/0addd44f322259ec.jpg,https://www.flickr.com/photos/marko8904/279797369,https://creativecommons.org/licenses/by/2.0/,Marko Kudjerski
0ae3a7127d5a5ad9,train,https://open-images-dataset.s3.amazonaws.com/train/0ae3a7127d5a5ad9.jpg,https://www.flickr.com/photos/jetalone/16059199293,https://creativecommons.org/licenses/by/2.0/,Hajime NAKANO
0ae8781a0993b771,train,https://open-images-dataset.s3.amazonaws.com/train/0ae8781a0993b771.jpg,https://www.flickr.com/photos/zak/84084431,https://creativecommons.org/licenses/by/2.0/,Zak Greant
0aeadd19328b0b7a,train,https://open-images-dataset.s3.amazonaws.com/train/0aeadd19328b0b7a.jpg,https://www.flickr.com/photos/striatic/1693327059,https://creativecommons.org/licenses/by/2.0/,hobvias sudoneighm
0aec22915799dc2d,train,https://open-images-dataset.s3.amazonaws.com/train/0aec22915799dc2d.jpg,https://www.flickr.com/photos/63837784@N08/13721044843,https://creativecommons.org/licenses/by/2.0/,Ohio Redevelopment Projects - ODSA
0aec4040c9f16038,train,https://open-images-dataset.s3.amazonaws.com/train/0aec4040c9f16038.jpg,https://www.flickr.com/photos/53628283@N03/8620649025,https://creativecommons.org/licenses/by/2.0/,Niyaz Bakılı
0af2b6da9b529ccb,train,https://open-images-dataset.s3.amazonaws.com/train/0af2b6da9b529ccb.jpg,https://www.flickr.com/photos/psyberartist/8198241064/,https://creativecommons.org/licenses/by/2.0/,psyberartist
0b015a10d545d1bd,train,https://open-images-dataset.s3.amazonaws.com/train/0b015a10d545d1bd.jpg,https://www.flickr.com/photos/97480562@N03/10691539434,https://creativecommons.org/licenses/by/2.0/,Emily Gray
0b0ea341256cdb5f,train,https://open-images-dataset.s3.amazonaws.com/train/0b0ea341256cdb5f.jpg,https://www.flickr.com/photos/laurenprofeta/3815711253,https://creativecommons.org/licenses/by/2.0/,Lauren Mitchell
0b229d758ae7f5f0,train,https://open-images-dataset.s3.amazonaws.com/train/0b229d758ae7f5f0.jpg,https://www.flickr.com/photos/janahmontana/15448237717,https://creativecommons.org/licenses/by/2.0/,Jana-Sophie Lauer
0b25af2112edd08b,train,https://open-images-dataset.s3.amazonaws.com/train/0b25af2112edd08b.jpg,https://www.flickr.com/photos/boscdanjou/15319132035,https://creativecommons.org/licenses/by/2.0/,Bosc d&#x27;Anjou
0b2c96dcb9e5c556,train,https://open-images-dataset.s3.amazonaws.com/train/0b2c96dcb9e5c556.jpg,https://www.flickr.com/photos/palander/4700865855,https://creativecommons.org/licenses/by/2.0/,petter palander
0b36808aaab47820,train,https://open-images-dataset.s3.amazonaws.com/train/0b36808aaab47820.jpg,https://www.flickr.com/photos/renaissancechambara/21370706153,https://creativecommons.org/licenses/by/2.0/,Ged Carroll
0b38a4aefd877dd6,train,https://open-images-dataset.s3.amazonaws.com/train/0b38a4aefd877dd6.jpg,https://www.flickr.com/photos/ccordova/3108458587,https://creativecommons.org/licenses/by/2.0/,Christian Córdova
0b6a3ff28a3e5eb4,train,https://open-images-dataset.s3.amazonaws.com/train/0b6a3ff28a3e5eb4.jpg,https://www.flickr.com/photos/isthis4real/4232352239,https://creativecommons.org/licenses/by/2.0/,A QUIVERFUL OF FOTOS
0b6e2a31b1664d46,train,https://open-images-dataset.s3.amazonaws.com/train/0b6e2a31b1664d46.jpg,https://www.flickr.com/photos/stevan/41606968,https://creativecommons.org/licenses/by/2.0/,Stevan Sheets
0b7aaa03e1a3fc38,train,https://open-images-dataset.s3.amazonaws.com/train/0b7aaa03e1a3fc38.jpg,https://www.flickr.com/photos/subzonica/3390847610,https://creativecommons.org/licenses/by/2.0/,Hernán García Crespo
0b7c59ccb82fd3f9,train,https://open-images-dataset.s3.amazonaws.com/train/0b7c59ccb82fd3f9.jpg,https://www.flickr.com/photos/105884218@N08/15696516545/,https://creativecommons.org/licenses/by/2.0/,Sara Alaica
0b8b13e09b101936,train,https://open-images-dataset.s3.amazonaws.com/train/0b8b13e09b101936.jpg,https://www.flickr.com/photos/kikoz/8585015935,https://creativecommons.org/licenses/by/2.0/,gildas_f
0b8be8f9a43a8f83,train,https://open-images-dataset.s3.amazonaws.com/train/0b8be8f9a43a8f83.jpg,https://www.flickr.com/photos/nathalie_magniez/4711368772,https://creativecommons.org/licenses/by/2.0/,Nathalie Magniez
0b8f289d985b7607,train,https://open-images-dataset.s3.amazonaws.com/train/0b8f289d985b7607.jpg,https://www.flickr.com/photos/23056733@N05/15672790380,https://creativecommons.org/licenses/by/2.0/,jodelli
0b957a280496f6f5,train,https://open-images-dataset.s3.amazonaws.com/train/0b957a280496f6f5.jpg,https://www.flickr.com/photos/danmarksdesignskole/7463149002,https://creativecommons.org/licenses/by/2.0/,Kunstakademiets  Designskole
0b989c64b563cc9a,train,https://open-images-dataset.s3.amazonaws.com/train/0b989c64b563cc9a.jpg,https://www.flickr.com/photos/briangiesen/4488283779,https://creativecommons.org/licenses/by/2.0/,Brian Giesen
0baa9a93d8fea75d,train,https://open-images-dataset.s3.amazonaws.com/train/0baa9a93d8fea75d.jpg,https://www.flickr.com/photos/dalbera/7974216684,https://creativecommons.org/licenses/by/2.0/,Jean-Pierre Dalbéra
0baab613f4572669,train,https://open-images-dataset.s3.amazonaws.com/train/0baab613f4572669.jpg,https://www.flickr.com/photos/wm_archiv/3317620820,https://creativecommons.org/licenses/by/2.0/,Allie_Caulfield
0bb78cec2768a1f0,train,https://open-images-dataset.s3.amazonaws.com/train/0bb78cec2768a1f0.jpg,https://www.flickr.com/photos/glynlowe/8415042596,https://creativecommons.org/licenses/by/2.0/,www.GlynLowe.com
0bbea2cd35fe261d,train,https://open-images-dataset.s3.amazonaws.com/train/0bbea2cd35fe261d.jpg,https://www.flickr.com/photos/wengs/17328224,https://creativecommons.org/licenses/by/2.0/,WalkingGeek
0be849b02c044301,train,https://open-images-dataset.s3.amazonaws.com/train/0be849b02c044301.jpg,https://www.flickr.com/photos/capcase/15512063078,https://creativecommons.org/licenses/by/2.0/,James Case
0beb7aca6c55bc4e,train,https://open-images-dataset.s3.amazonaws.com/train/0beb7aca6c55bc4e.jpg,https://www.flickr.com/photos/hannahdonovan/3644649180/,https://creativecommons.org/licenses/by/2.0/,Hannah Donovan
0bf4138d0f052cf6,train,https://open-images-dataset.s3.amazonaws.com/train/0bf4138d0f052cf6.jpg,https://www.flickr.com/photos/pauljill/7146158025,https://creativecommons.org/licenses/by/2.0/,Paul Asman and Jill Lenoble
0bf588f9e87c71ff,train,https://open-images-dataset.s3.amazonaws.com/train/0bf588f9e87c71ff.jpg,https://www.flickr.com/photos/sergio94707/2424799976,https://creativecommons.org/licenses/by/2.0/,another sergio
0bf8a1dc0827950f,train,https://open-images-dataset.s3.amazonaws.com/train/0bf8a1dc0827950f.jpg,https://www.flickr.com/photos/othree/10927231536,https://creativecommons.org/licenses/by/2.0/,othree
0c004fa1557a1d49,train,https://open-images-dataset.s3.amazonaws.com/train/0c004fa1557a1d49.jpg,https://www.flickr.com/photos/kucinski/10548358114,https://creativecommons.org/licenses/by/2.0/,Ben Kucinski
0c0345f70a278559,train,https://open-images-dataset.s3.amazonaws.com/train/0c0345f70a278559.jpg,https://www.flickr.com/photos/57460141@N05/8587860050,https://creativecommons.org/licenses/by/2.0/,Thomas Long
0c07aa933834dbc1,train,https://open-images-dataset.s3.amazonaws.com/train/0c07aa933834dbc1.jpg,https://www.flickr.com/photos/rauckhaus/15476865709,https://creativecommons.org/licenses/by/2.0/,Jereme Rauckman
0c0a7b8b641aa601,train,https://open-images-dataset.s3.amazonaws.com/train/0c0a7b8b641aa601.jpg,https://www.flickr.com/photos/homestilo/8505223533,https://creativecommons.org/licenses/by/2.0/,homestilo
0c0edea113b641c3,train,https://open-images-dataset.s3.amazonaws.com/train/0c0edea113b641c3.jpg,https://www.flickr.com/photos/quinet/127796440,https://creativecommons.org/licenses/by/2.0/,Thomas Quine
0c10599382349e7e,train,https://open-images-dataset.s3.amazonaws.com/train/0c10599382349e7e.jpg,https://www.flickr.com/photos/kendoerr/13354532593,https://creativecommons.org/licenses/by/2.0/,Ken Doerr
0c134d543aa58495,train,https://open-images-dataset.s3.amazonaws.com/train/0c134d543aa58495.jpg,https://www.flickr.com/photos/harriyott/5713837390,https://creativecommons.org/licenses/by/2.0/,Simon Harriyott
0c1783b09ee05447,train,https://open-images-dataset.s3.amazonaws.com/train/0c1783b09ee05447.jpg,https://www.flickr.com/photos/walmart3/12442110605,https://creativecommons.org/licenses/by/2.0/,Random Retail
0c190b039c66efee,train,https://open-images-dataset.s3.amazonaws.com/train/0c190b039c66efee.jpg,https://www.flickr.com/photos/greenwichphotography/13581476813,https://creativecommons.org/licenses/by/2.0/,Surreal Name Given
0c1ab50b8c9c506b,train,https://open-images-dataset.s3.amazonaws.com/train/0c1ab50b8c9c506b.jpg,https://www.flickr.com/photos/sedonahiker/14731719760,https://creativecommons.org/licenses/by/2.0/,Sedona Hiker
0c2d6412fa30dbaa,train,https://open-images-dataset.s3.amazonaws.com/train/0c2d6412fa30dbaa.jpg,https://www.flickr.com/photos/olenkaolja/1426845453,https://creativecommons.org/licenses/by/2.0/,Olga Pavlovsky
0c3a4087ba01a5bc,train,https://open-images-dataset.s3.amazonaws.com/train/0c3a4087ba01a5bc.jpg,https://www.flickr.com/photos/pasa/10987384453,https://creativecommons.org/licenses/by/2.0/,Paul Sableman
0c40051d1c73fa59,train,https://open-images-dataset.s3.amazonaws.com/train/0c40051d1c73fa59.jpg,https://www.flickr.com/photos/kaeru/13977143403,https://creativecommons.org/licenses/by/2.0/,Kars Alfrink
0c40c79955aed671,train,https://open-images-dataset.s3.amazonaws.com/train/0c40c79955aed671.jpg,https://www.flickr.com/photos/jamescronin/4853188248,https://creativecommons.org/licenses/by/2.0/,James Cronin
0c4eb8de33034f6c,train,https://open-images-dataset.s3.amazonaws.com/train/0c4eb8de33034f6c.jpg,https://www.flickr.com/photos/jasoneppink/8532789962,https://creativecommons.org/licenses/by/2.0/,Jason Eppink
0c60baa351dbaaf3,train,https://open-images-dataset.s3.amazonaws.com/train/0c60baa351dbaaf3.jpg,https://www.flickr.com/photos/ell-r-brown/5232823310,https://creativecommons.org/licenses/by/2.0/,Elliott Brown
0c62ce6c7096f295,train,https://open-images-dataset.s3.amazonaws.com/train/0c62ce6c7096f295.jpg,https://www.flickr.com/photos/ell-r-brown/7006784756,https://creativecommons.org/licenses/by/2.0/,Elliott Brown
0c6d76c010c29ef5,train,https://open-images-dataset.s3.amazonaws.com/train/0c6d76c010c29ef5.jpg,https://www.flickr.com/photos/andypowe11/2750608115,https://creativecommons.org/licenses/by/2.0/,Andy Powell
0c6ebfa015012398,train,https://open-images-dataset.s3.amazonaws.com/train/0c6ebfa015012398.jpg,https://www.flickr.com/photos/cgpgrey/4887161003,https://creativecommons.org/licenses/by/2.0/,CGP Grey
0c77e49efb7daced,train,https://open-images-dataset.s3.amazonaws.com/train/0c77e49efb7daced.jpg,https://www.flickr.com/photos/eager/5591333113,https://creativecommons.org/licenses/by/2.0/,準建築人手札網站 Forgemind ArchiMedia
0c89be4d66633ce4,train,https://open-images-dataset.s3.amazonaws.com/train/0c89be4d66633ce4.jpg,https://www.flickr.com/photos/gruenemann/5199401350,https://creativecommons.org/licenses/by/2.0/,John W. Schulze
0c8ebd9431edd552,train,https://open-images-dataset.s3.amazonaws.com/train/0c8ebd9431edd552.jpg,https://www.flickr.com/photos/oscardelrio/141872754/,https://creativecommons.org/licenses/by/2.0/,Óscar del Río
0c9089fb8e8c8e22,train,https://open-images-dataset.s3.amazonaws.com/train/0c9089fb8e8c8e22.jpg,https://www.flickr.com/photos/tomyto/5480350606,https://creativecommons.org/licenses/by/2.0/,Guillermo Tomoyose
0c90f3b66c2b02f2,train,https://open-images-dataset.s3.amazonaws.com/train/0c90f3b66c2b02f2.jpg,https://www.flickr.com/photos/chiaramarra/1220453252,https://creativecommons.org/licenses/by/2.0/,Chiara Marra
0c9c9892fcebeea9,train,https://open-images-dataset.s3.amazonaws.com/train/0c9c9892fcebeea9.jpg,https://www.flickr.com/photos/revstan/3581706751,https://creativecommons.org/licenses/by/2.0/,Rev Stan
0c9d28cd2da44ccf,train,https://open-images-dataset.s3.amazonaws.com/train/0c9d28cd2da44ccf.jpg,https://www.flickr.com/photos/shansby/290291829,https://creativecommons.org/licenses/by/2.0/,shansby
0ca1db52353feee8,train,https://open-images-dataset.s3.amazonaws.com/train/0ca1db52353feee8.jpg,https://www.flickr.com/photos/kelsey97/21401142884,https://creativecommons.org/licenses/by/2.0/,fernando butcher
0cb4a797c123d2cf,train,https://open-images-dataset.s3.amazonaws.com/train/0cb4a797c123d2cf.jpg,https://www.flickr.com/photos/bravenboer/5338636216/,https://creativecommons.org/licenses/by/2.0/,Martin Bravenboer
0cc1bbc28fe24df0,train,https://open-images-dataset.s3.amazonaws.com/train/0cc1bbc28fe24df0.jpg,https://www.flickr.com/photos/bootbearwdc/225720718,https://creativecommons.org/licenses/by/2.0/,David
0cc3d0c94666272e,train,https://open-images-dataset.s3.amazonaws.com/train/0cc3d0c94666272e.jpg,https://www.flickr.com/photos/leeco/4711606013,https://creativecommons.org/licenses/by/2.0/,Lee Coursey
0cdc0c4cb25bfbe6,train,https://open-images-dataset.s3.amazonaws.com/train/0cdc0c4cb25bfbe6.jpg,https://www.flickr.com/photos/yakobusan/8086859912,https://creativecommons.org/licenses/by/2.0/,Jakob Montrasio
0cddd3b472bc04cc,train,https://open-images-dataset.s3.amazonaws.com/train/0cddd3b472bc04cc.jpg,https://www.flickr.com/photos/morrissey/4234553482,https://creativecommons.org/licenses/by/2.0/,Jorge Gobbi
0ce830f1e03e9ec3,train,https://open-images-dataset.s3.amazonaws.com/train/0ce830f1e03e9ec3.jpg,https://www.flickr.com/photos/zeevveez/4411092970,https://creativecommons.org/licenses/by/2.0/,zeevveez
0ceb42b98417b88c,train,https://open-images-dataset.s3.amazonaws.com/train/0ceb42b98417b88c.jpg,https://www.flickr.com/photos/73416633@N00/250671947,https://creativecommons.org/licenses/by/2.0/,Sandra Cohen-Rose and   Colin Rose
0cefd7fbbe725428,train,https://open-images-dataset.s3.amazonaws.com/train/0cefd7fbbe725428.jpg,https://www.flickr.com/photos/trishhhh/4377733758,https://creativecommons.org/licenses/by/2.0/,Trishhhh
0cf216bef1ec8e21,train,https://open-images-dataset.s3.amazonaws.com/train/0cf216bef1ec8e21.jpg,https://www.flickr.com/photos/choose_freewill/232084069,https://creativecommons.org/licenses/by/2.0/,Choose_Freewill
0cf925a1a3aed95e,train,https://open-images-dataset.s3.amazonaws.com/train/0cf925a1a3aed95e.jpg,https://www.flickr.com/photos/byzantiumbooks/14609807491,https://creativecommons.org/licenses/by/2.0/,Bill Smith
0d02acee5a7d169c,train,https://open-images-dataset.s3.amazonaws.com/train/0d02acee5a7d169c.jpg,https://www.flickr.com/photos/ddebold/16613584702,https://creativecommons.org/licenses/by/2.0/,Don DeBold
0d065e63cc8f31f6,train,https://open-images-dataset.s3.amazonaws.com/train/0d065e63cc8f31f6.jpg,https://www.flickr.com/photos/amsterdame/14579394675,https://creativecommons.org/licenses/by/2.0/,Helen Olney
0d086221900e1ce8,train,https://open-images-dataset.s3.amazonaws.com/train/0d086221900e1ce8.jpg,https://www.flickr.com/photos/joeshlabotnik/502019285,https://creativecommons.org/licenses/by/2.0/,Joe Shlabotnik
0d12746005baccc5,train,https://open-images-dataset.s3.amazonaws.com/train/0d12746005baccc5.jpg,https://www.flickr.com/photos/mecklenburg/5647718714/,https://creativecommons.org/licenses/by/2.0/,Thomas Kohler
0d13c9736e3b946a,train,https://open-images-dataset.s3.amazonaws.com/train/0d13c9736e3b946a.jpg,https://www.flickr.com/photos/trondheim_byarkiv/8725700604,https://creativecommons.org/licenses/by/2.0/,Municipal Archives of Trondheim
0d1b8d2541c99a0a,train,https://open-images-dataset.s3.amazonaws.com/train/0d1b8d2541c99a0a.jpg,https://www.flickr.com/photos/frenchy/17205753033,https://creativecommons.org/licenses/by/2.0/,francois schnell
0d24ce32e3068ed1,train,https://open-images-dataset.s3.amazonaws.com/train/0d24ce32e3068ed1.jpg,https://www.flickr.com/photos/pasa/7805720302,https://creativecommons.org/licenses/by/2.0/,Paul Sableman
0d34c6ef6030ef6c,train,https://open-images-dataset.s3.amazonaws.com/train/0d34c6ef6030ef6c.jpg,https://www.flickr.com/photos/gtzecosan/4361657471,https://creativecommons.org/licenses/by/2.0/,SuSanA Secretariat
0d5c075e91b9309e,train,https://open-images-dataset.s3.amazonaws.com/train/0d5c075e91b9309e.jpg,https://www.flickr.com/photos/98983159@N00/79093915,https://creativecommons.org/licenses/by/2.0/,Lachlan Hardy
0d654af2af57c319,train,https://open-images-dataset.s3.amazonaws.com/train/0d654af2af57c319.jpg,https://www.flickr.com/photos/pasa/9518603543/?map=1,https://creativecommons.org/licenses/by/2.0/,Paul Sableman
0d6aabcff376e06a,train,https://open-images-dataset.s3.amazonaws.com/train/0d6aabcff376e06a.jpg,https://www.flickr.com/photos/ramella/6155358795,https://creativecommons.org/licenses/by/2.0/,Simone Ramella
0d6e778496f22df6,train,https://open-images-dataset.s3.amazonaws.com/train/0d6e778496f22df6.jpg,https://www.flickr.com/photos/12265657@N04/7110623993,https://creativecommons.org/licenses/by/2.0/,hillman54
0d75f4d0712d4dd7,train,https://open-images-dataset.s3.amazonaws.com/train/0d75f4d0712d4dd7.jpg,https://www.flickr.com/photos/andypowe11/15044038184/,https://creativecommons.org/licenses/by/2.0/,Andy Powell
0d8bbabdfc256b7b,train,https://open-images-dataset.s3.amazonaws.com/train/0d8bbabdfc256b7b.jpg,https://www.flickr.com/photos/arenamontanus/551624661,https://creativecommons.org/licenses/by/2.0/,Anders Sandberg
0d94d277f79cc437,train,https://open-images-dataset.s3.amazonaws.com/train/0d94d277f79cc437.jpg,https://www.flickr.com/photos/coreforce/4796452940,https://creativecommons.org/licenses/by/2.0/,Falk Lademann
0d9a27555510c6c2,train,https://open-images-dataset.s3.amazonaws.com/train/0d9a27555510c6c2.jpg,https://www.flickr.com/photos/zigazou76/19647918739,https://creativecommons.org/licenses/by/2.0/,Frédéric BISSON
0dba02432495d47a,train,https://open-images-dataset.s3.amazonaws.com/train/0dba02432495d47a.jpg,https://www.flickr.com/photos/pepemartin/4507840049/,https://creativecommons.org/licenses/by/2.0/,Pepe Martin (Mário José Martins)
0e04b7fb9fa3c60c,train,https://open-images-dataset.s3.amazonaws.com/train/0e04b7fb9fa3c60c.jpg,https://www.flickr.com/photos/mbschlemmer/6872791976,https://creativecommons.org/licenses/by/2.0/,Mark B. Schlemmer
0e251034924e90e6,train,https://open-images-dataset.s3.amazonaws.com/train/0e251034924e90e6.jpg,https://www.flickr.com/photos/artwork_rebel/2548602056,https://creativecommons.org/licenses/by/2.0/,Rob Walker
0e338e88d8ca6c52,train,https://open-images-dataset.s3.amazonaws.com/train/0e338e88d8ca6c52.jpg,https://www.flickr.com/photos/cjmartin/5511140789,https://creativecommons.org/licenses/by/2.0/,Chris Martin
0e363618cb0f9bf8,train,https://open-images-dataset.s3.amazonaws.com/train/0e363618cb0f9bf8.jpg,https://www.flickr.com/photos/bazzadarambler/3856342917,https://creativecommons.org/licenses/by/2.0/,bazzadaramblerimages
0e47126559819116,train,https://open-images-dataset.s3.amazonaws.com/train/0e47126559819116.jpg,https://www.flickr.com/photos/pat00139/15061183168,https://creativecommons.org/licenses/by/2.0/,Pat Pilon
0e5136e572fda862,train,https://open-images-dataset.s3.amazonaws.com/train/0e5136e572fda862.jpg,https://www.flickr.com/photos/tjeerd/200910604,https://creativecommons.org/licenses/by/2.0/,Tjeerd Wiersma
0e67a66ac110da51,train,https://open-images-dataset.s3.amazonaws.com/train/0e67a66ac110da51.jpg,https://www.flickr.com/photos/lonewolf87/469785130,https://creativecommons.org/licenses/by/2.0/,LoneWolf87
0e67ef6b111995ea,train,https://open-images-dataset.s3.amazonaws.com/train/0e67ef6b111995ea.jpg,https://www.flickr.com/photos/bumeister/20799020668,https://creativecommons.org/licenses/by/2.0/,John Buie
0e7007958c4ba791,train,https://open-images-dataset.s3.amazonaws.com/train/0e7007958c4ba791.jpg,https://www.flickr.com/photos/deepphoto/3939636213,https://creativecommons.org/licenses/by/2.0/,Dave Proffer
0e759e74589524b3,train,https://open-images-dataset.s3.amazonaws.com/train/0e759e74589524b3.jpg,https://www.flickr.com/photos/crabchick/7701499334,https://creativecommons.org/licenses/by/2.0/,crabchick
0e87814cbe9dd3c6,train,https://open-images-dataset.s3.amazonaws.com/train/0e87814cbe9dd3c6.jpg,https://www.flickr.com/photos/chrisdag/14316999756,https://creativecommons.org/licenses/by/2.0/,ChrisDag
0e95ed44c4d9d9a6,train,https://open-images-dataset.s3.amazonaws.com/train/0e95ed44c4d9d9a6.jpg,https://www.flickr.com/photos/europeanatech/6288528296,https://creativecommons.org/licenses/by/2.0/,EuropeanaTech
0ea71c0967f66a86,train,https://open-images-dataset.s3.amazonaws.com/train/0ea71c0967f66a86.jpg,https://www.flickr.com/photos/leonl/5688151850/,https://creativecommons.org/licenses/by/2.0/,Leon
0ea9346e23ff9032,train,https://open-images-dataset.s3.amazonaws.com/train/0ea9346e23ff9032.jpg,https://www.flickr.com/photos/blineconstruction/5198614461/,https://creativecommons.org/licenses/by/2.0/,Chris Lattuada
0eb2c146387764c3,train,https://open-images-dataset.s3.amazonaws.com/train/0eb2c146387764c3.jpg,https://www.flickr.com/photos/vialbost/6016966339,https://creativecommons.org/licenses/by/2.0/,Frédérique Voisin-Demery
0eb80289f63b0ea0,train,https://open-images-dataset.s3.amazonaws.com/train/0eb80289f63b0ea0.jpg,https://www.flickr.com/photos/5nap/14098423609,https://creativecommons.org/licenses/by/2.0/,Sergey Norin
0eb8c615983f8fde,train,https://open-images-dataset.s3.amazonaws.com/train/0eb8c615983f8fde.jpg,https://www.flickr.com/photos/squidormykid/5419601,https://creativecommons.org/licenses/by/2.0/,dustbin
0ed2e0651308a1e2,train,https://open-images-dataset.s3.amazonaws.com/train/0ed2e0651308a1e2.jpg,https://www.flickr.com/photos/trondheim_byarkiv/15080601318,https://creativecommons.org/licenses/by/2.0/,Municipal Archives of Trondheim
0edb945c347d6709,train,https://open-images-dataset.s3.amazonaws.com/train/0edb945c347d6709.jpg,https://www.flickr.com/photos/torsten-behrens/9734295595,https://creativecommons.org/licenses/by/2.0/,Torsten Behrens
0edf33241ae07d7e,train,https://open-images-dataset.s3.amazonaws.com/train/0edf33241ae07d7e.jpg,https://www.flickr.com/photos/bachmont/3528347511,https://creativecommons.org/licenses/by/2.0/,bachmont
0ee4033b194de462,train,https://open-images-dataset.s3.amazonaws.com/train/0ee4033b194de462.jpg,https://www.flickr.com/photos/londonmatt/5436508907,https://creativecommons.org/licenses/by/2.0/,Matt Brown
0efc611e14c92cb4,train,https://open-images-dataset.s3.amazonaws.com/train/0efc611e14c92cb4.jpg,https://www.flickr.com/photos/dalbera/5478758597,https://creativecommons.org/licenses/by/2.0/,Jean-Pierre Dalbéra
0efd741fc045966d,train,https://open-images-dataset.s3.amazonaws.com/train/0efd741fc045966d.jpg,https://www.flickr.com/photos/daquellamanera/317329457,https://creativecommons.org/licenses/by/2.0/,Daniel Lobo
0f016c383cf35fc2,train,https://open-images-dataset.s3.amazonaws.com/train/0f016c383cf35fc2.jpg,https://www.flickr.com/photos/markhillary/3662619947,https://creativecommons.org/licenses/by/2.0/,Mark Hillary
0f0727a2ef99fb93,train,https://open-images-dataset.s3.amazonaws.com/train/0f0727a2ef99fb93.jpg,https://www.flickr.com/photos/deanschreuder/3227263172,https://creativecommons.org/licenses/by/2.0/,Dean Schreuder
0f0ac12d4fab9b94,train,https://open-images-dataset.s3.amazonaws.com/train/0f0ac12d4fab9b94.jpg,https://www.flickr.com/photos/editor/5592280736,https://creativecommons.org/licenses/by/2.0/,Bart Everson
0f0f9ef95038d528,train,https://open-images-dataset.s3.amazonaws.com/train/0f0f9ef95038d528.jpg,https://www.flickr.com/photos/86624586@N00/12506423185,https://creativecommons.org/licenses/by/2.0/,Kevin Walsh
0f1688113c56290a,train,https://open-images-dataset.s3.amazonaws.com/train/0f1688113c56290a.jpg,https://www.flickr.com/photos/usaghumphreys/14601999082,https://creativecommons.org/licenses/by/2.0/,USAG- Humphreys
0f1d5d6e555f2c58,train,https://open-images-dataset.s3.amazonaws.com/train/0f1d5d6e555f2c58.jpg,https://www.flickr.com/photos/mos0711/15590374545,https://creativecommons.org/licenses/by/2.0/,MO S
0f23f0b768c0d495,train,https://open-images-dataset.s3.amazonaws.com/train/0f23f0b768c0d495.jpg,https://www.flickr.com/photos/stewdean/15295817833,https://creativecommons.org/licenses/by/2.0/,Stew Dean
0f2bcc6420a74138,train,https://open-images-dataset.s3.amazonaws.com/train/0f2bcc6420a74138.jpg,https://www.flickr.com/photos/watercolor121/4976363213,https://creativecommons.org/licenses/by/2.0/,Maham Tariq
0f32b48eb808d7ed,train,https://open-images-dataset.s3.amazonaws.com/train/0f32b48eb808d7ed.jpg,https://www.flickr.com/photos/cleochiara/358079415,https://creativecommons.org/licenses/by/2.0/,cleò
0f38e222c88bde76,train,https://open-images-dataset.s3.amazonaws.com/train/0f38e222c88bde76.jpg,https://www.flickr.com/photos/arunkatiyar/29739854,https://creativecommons.org/licenses/by/2.0/,Arun  Katiyar
0f438eeae80b6e02,train,https://open-images-dataset.s3.amazonaws.com/train/0f438eeae80b6e02.jpg,https://www.flickr.com/photos/uscoastguardacademy/4013467505,https://creativecommons.org/licenses/by/2.0/,US Coast Guard Academy
0f4497c59b008023,train,https://open-images-dataset.s3.amazonaws.com/train/0f4497c59b008023.jpg,https://www.flickr.com/photos/kiasmamuseum/14280682546,https://creativecommons.org/licenses/by/2.0/,Museum of Contemporary Art Kiasma
0f48fa01add72b51,train,https://open-images-dataset.s3.amazonaws.com/train/0f48fa01add72b51.jpg,https://www.flickr.com/photos/miss_pupik/2734348605,https://creativecommons.org/licenses/by/2.0/,shira gal
0f4eae57dae5bec8,train,https://open-images-dataset.s3.amazonaws.com/train/0f4eae57dae5bec8.jpg,https://www.flickr.com/photos/annspan/3890848440,https://creativecommons.org/licenses/by/2.0/,Ann Baekken
0f5820e81d00b2f8,train,https://open-images-dataset.s3.amazonaws.com/train/0f5820e81d00b2f8.jpg,https://www.flickr.com/photos/newton/582042357,https://creativecommons.org/licenses/by/2.0/,Michael Newton
0f5d370f26780f80,train,https://open-images-dataset.s3.amazonaws.com/train/0f5d370f26780f80.jpg,https://www.flickr.com/photos/joeduck/6798657564,https://creativecommons.org/licenses/by/2.0/,Joseph Hunkins
0f6bb371c4f4ff4c,train,https://open-images-dataset.s3.amazonaws.com/train/0f6bb371c4f4ff4c.jpg,https://www.flickr.com/photos/paulkelley/9514269867,https://creativecommons.org/licenses/by/2.0/,Paul Kelley
0f7fb413472f54d6,train,https://open-images-dataset.s3.amazonaws.com/train/0f7fb413472f54d6.jpg,https://www.flickr.com/photos/jfanaian/13975496431,https://creativecommons.org/licenses/by/2.0/,Jamal Fanaian
0f895557d1bacfb2,train,https://open-images-dataset.s3.amazonaws.com/train/0f895557d1bacfb2.jpg,https://www.flickr.com/photos/consumerist/482844738,https://creativecommons.org/licenses/by/2.0/,Consumerist Dot Com
0f9b03328774d4ba,train,https://open-images-dataset.s3.amazonaws.com/train/0f9b03328774d4ba.jpg,https://www.flickr.com/photos/eltb/3111648097,https://creativecommons.org/licenses/by/2.0/,Enrique López-Tamayo Biosca
0fa5f98dd68c4b6d,train,https://open-images-dataset.s3.amazonaws.com/train/0fa5f98dd68c4b6d.jpg,https://www.flickr.com/photos/westher/4987686630,https://creativecommons.org/licenses/by/2.0/,Esther Westerveld
0fac35468ab13880,train,https://open-images-dataset.s3.amazonaws.com/train/0fac35468ab13880.jpg,https://www.flickr.com/photos/perspective/245443149,https://creativecommons.org/licenses/by/2.0/,Elvert Barnes
0fae5de352561972,train,https://open-images-dataset.s3.amazonaws.com/train/0fae5de352561972.jpg,https://www.flickr.com/photos/freecat/4391105367,https://creativecommons.org/licenses/by/2.0/,José Antonio Gil Martínez
0fbc758ec0ba85ff,train,https://open-images-dataset.s3.amazonaws.com/train/0fbc758ec0ba85ff.jpg,https://www.flickr.com/photos/everydaypants/4220699059,https://creativecommons.org/licenses/by/2.0/,ramsey beyer
0fccfcadd9dd3bb6,train,https://open-images-dataset.s3.amazonaws.com/train/0fccfcadd9dd3bb6.jpg,https://www.flickr.com/photos/trondheim_byarkiv/6988966552,https://creativecommons.org/licenses/by/2.0/,Municipal Archives of Trondheim
0fcdc0ca45df8856,train,https://open-images-dataset.s3.amazonaws.com/train/0fcdc0ca45df8856.jpg,https://www.flickr.com/photos/walkingsf/18766049226,https://creativecommons.org/licenses/by/2.0/,Eric Fischer
0fd196e6030341e8,train,https://open-images-dataset.s3.amazonaws.com/train/0fd196e6030341e8.jpg,https://www.flickr.com/photos/75816597@N07/15425432890,https://creativecommons.org/licenses/by/2.0/,Bjarke Liboriussen
0fd5469660eb9e2d,train,https://open-images-dataset.s3.amazonaws.com/train/0fd5469660eb9e2d.jpg,https://www.flickr.com/photos/melisatg/9652231465,https://creativecommons.org/licenses/by/2.0/,MelisaTG
0fdbac2bea92fa8d,train,https://open-images-dataset.s3.amazonaws.com/train/0fdbac2bea92fa8d.jpg,https://www.flickr.com/photos/chrstphre/5815440131,https://creativecommons.org/licenses/by/2.0/,chrstphre ㋛ campbell
0fde1072888dba0f,train,https://open-images-dataset.s3.amazonaws.com/train/0fde1072888dba0f.jpg,https://www.flickr.com/photos/emme-dk/6533268469,https://creativecommons.org/licenses/by/2.0/,Katrine Thielke
0fec68f73048431c,train,https://open-images-dataset.s3.amazonaws.com/train/0fec68f73048431c.jpg,https://www.flickr.com/photos/minnellium/2188432934,https://creativecommons.org/licenses/by/2.0/,Dave Haygarth
0ff13465c4efe50b,train,https://open-images-dataset.s3.amazonaws.com/train/0ff13465c4efe50b.jpg,https://www.flickr.com/photos/jasonparis/21181481881,https://creativecommons.org/licenses/by/2.0/,JasonParis
0ff39a3bc8fead27,train,https://open-images-dataset.s3.amazonaws.com/train/0ff39a3bc8fead27.jpg,https://www.flickr.com/photos/freecat/2022947636,https://creativecommons.org/licenses/by/2.0/,José Antonio Gil Martínez
10083906d1c66928,train,https://open-images-dataset.s3.amazonaws.com/train/10083906d1c66928.jpg,https://www.flickr.com/photos/hankzby/6062145524,https://creativecommons.org/licenses/by/2.0/,Henry Zbyszynski
101bbbcbfde30d6a,train,https://open-images-dataset.s3.amazonaws.com/train/101bbbcbfde30d6a.jpg,https://www.flickr.com/photos/92833011@N00/1880396192,https://creativecommons.org/licenses/by/2.0/,Chris Breeze
101d233b7808c02d,train,https://open-images-dataset.s3.amazonaws.com/train/101d233b7808c02d.jpg,https://www.flickr.com/photos/gonmi/6419356959,https://creativecommons.org/licenses/by/2.0/,Nacho
1030061a4e735878,train,https://open-images-dataset.s3.amazonaws.com/train/1030061a4e735878.jpg,https://www.flickr.com/photos/albertoyoan/8782213272,https://creativecommons.org/licenses/by/2.0/,Alberto Yoan Arego Pulido
103a8c672b0a0ca0,train,https://open-images-dataset.s3.amazonaws.com/train/103a8c672b0a0ca0.jpg,https://www.flickr.com/photos/mamnaimie/16890652040,https://creativecommons.org/licenses/by/2.0/,piotr mamnaimie
1053de3c8b666dbd,train,https://open-images-dataset.s3.amazonaws.com/train/1053de3c8b666dbd.jpg,https://www.flickr.com/photos/28120556@N08/6999913102,https://creativecommons.org/licenses/by/2.0/,gnomonic
10569bdc3ce474d3,train,https://open-images-dataset.s3.amazonaws.com/train/10569bdc3ce474d3.jpg,https://www.flickr.com/photos/29233640@N07/13950935371,https://creativecommons.org/licenses/by/2.0/,Robert Couse-Baker
1057890b58225a8d,train,https://open-images-dataset.s3.amazonaws.com/train/1057890b58225a8d.jpg,https://www.flickr.com/photos/joostmarkerink/16768980847,https://creativecommons.org/licenses/by/2.0/,Joost Markerink
106261a1909e8b65,train,https://open-images-dataset.s3.amazonaws.com/train/106261a1909e8b65.jpg,https://www.flickr.com/photos/78428166@N00/8259767996/,https://creativecommons.org/licenses/by/2.0/,Tony Alter
108d568d3a4d3fcd,train,https://open-images-dataset.s3.amazonaws.com/train/108d568d3a4d3fcd.jpg,https://www.flickr.com/photos/martius/18610337392,https://creativecommons.org/licenses/by/2.0/,Manuel
109fa8bf9adcdcbb,train,https://open-images-dataset.s3.amazonaws.com/train/109fa8bf9adcdcbb.jpg,https://www.flickr.com/photos/carolyncoles/7497980574,https://creativecommons.org/licenses/by/2.0/,Carolyn Coles
10a2a3303576c0f2,train,https://open-images-dataset.s3.amazonaws.com/train/10a2a3303576c0f2.jpg,https://www.flickr.com/photos/rasmusknutsson/2374319730,https://creativecommons.org/licenses/by/2.0/,Rasmus Zwickson
10af72829120cdbd,train,https://open-images-dataset.s3.amazonaws.com/train/10af72829120cdbd.jpg,https://www.flickr.com/photos/celsoabreu/16995408625,https://creativecommons.org/licenses/by/2.0/,Celso  Abreu
10b5bf3f33046f84,train,https://open-images-dataset.s3.amazonaws.com/train/10b5bf3f33046f84.jpg,https://www.flickr.com/photos/lindaburnett/766584635,https://creativecommons.org/licenses/by/2.0/,Linda
10b6232b4d34206f,train,https://open-images-dataset.s3.amazonaws.com/train/10b6232b4d34206f.jpg,https://www.flickr.com/photos/donabelandewen/3909018038,https://creativecommons.org/licenses/by/2.0/,Ewen Roberts
10be0474d0e2b5c1,train,https://open-images-dataset.s3.amazonaws.com/train/10be0474d0e2b5c1.jpg,https://www.flickr.com/photos/jhnnsstnbrg/7241541976,https://creativecommons.org/licenses/by/2.0/,jhnnsstnbrg
10e3faaa870cc052,train,https://open-images-dataset.s3.amazonaws.com/train/10e3faaa870cc052.jpg,https://www.flickr.com/photos/trondheim_byarkiv/3876819231,https://creativecommons.org/licenses/by/2.0/,Municipal Archives of Trondheim
10e5096f57d44182,train,https://open-images-dataset.s3.amazonaws.com/train/10e5096f57d44182.jpg,https://www.flickr.com/photos/bethness/6050711290,https://creativecommons.org/licenses/by/2.0/,beth h
10e7f8cf2b941d93,train,https://open-images-dataset.s3.amazonaws.com/train/10e7f8cf2b941d93.jpg,https://www.flickr.com/photos/psyberartist/8198238428/,https://creativecommons.org/licenses/by/2.0/,psyberartist
10ea074dd7ca39c2,train,https://open-images-dataset.s3.amazonaws.com/train/10ea074dd7ca39c2.jpg,https://www.flickr.com/photos/spine/495141598,https://creativecommons.org/licenses/by/2.0/,rick
10ea35fa4000e0f8,train,https://open-images-dataset.s3.amazonaws.com/train/10ea35fa4000e0f8.jpg,https://www.flickr.com/photos/centralasian/3655334656,https://creativecommons.org/licenses/by/2.0/,cea +
10fb91a39abb10e9,train,https://open-images-dataset.s3.amazonaws.com/train/10fb91a39abb10e9.jpg,https://www.flickr.com/photos/ifengsaelueang/15358681589,https://creativecommons.org/licenses/by/2.0/,Frank Berge
10fd5d7c4fc6b001,train,https://open-images-dataset.s3.amazonaws.com/train/10fd5d7c4fc6b001.jpg,https://www.flickr.com/photos/sherwood-real-estate/15449599056/,https://creativecommons.org/licenses/by/2.0/,Sherwood CC
11010e5358c03be1,train,https://open-images-dataset.s3.amazonaws.com/train/11010e5358c03be1.jpg,https://www.flickr.com/photos/66944824@N05/11110529843,https://creativecommons.org/licenses/by/2.0/,Denis Bocquet
1102a8ac09ba2cdf,train,https://open-images-dataset.s3.amazonaws.com/train/1102a8ac09ba2cdf.jpg,https://www.flickr.com/photos/1234abcd/6694056731,https://creativecommons.org/licenses/by/2.0/,thinboyfatter
11034afde232610c,train,https://open-images-dataset.s3.amazonaws.com/train/11034afde232610c.jpg,https://www.flickr.com/photos/diversey/15784155476,https://creativecommons.org/licenses/by/2.0/,Tony Webster
110b9bc2757d65f2,train,https://open-images-dataset.s3.amazonaws.com/train/110b9bc2757d65f2.jpg,https://www.flickr.com/photos/22865921@N07/2798459107/,https://creativecommons.org/licenses/by/2.0/,Nikki L.
111126cb30e02979,train,https://open-images-dataset.s3.amazonaws.com/train/111126cb30e02979.jpg,https://www.flickr.com/photos/ee_biggs/14255059234,https://creativecommons.org/licenses/by/2.0/,ebiggs vancouver
1118cdffc045e008,train,https://open-images-dataset.s3.amazonaws.com/train/1118cdffc045e008.jpg,https://www.flickr.com/photos/10413717@N08/5696990980,https://creativecommons.org/licenses/by/2.0/,Smabs Sputzer
111ba74486f71240,train,https://open-images-dataset.s3.amazonaws.com/train/111ba74486f71240.jpg,https://www.flickr.com/photos/133450284@N06/18036859549,https://creativecommons.org/licenses/by/2.0/,신일자동문 SWICO
111ccbc58a53fea5,train,https://open-images-dataset.s3.amazonaws.com/train/111ccbc58a53fea5.jpg,https://www.flickr.com/photos/shaneglobal/7038152275,https://creativecommons.org/licenses/by/2.0/,Shane Global
1122de4d19a9f540,train,https://open-images-dataset.s3.amazonaws.com/train/1122de4d19a9f540.jpg,https://www.flickr.com/photos/subraytan/6948946970,https://creativecommons.org/licenses/by/2.0/,Andypiper
1128f86c236f717b,train,https://open-images-dataset.s3.amazonaws.com/train/1128f86c236f717b.jpg,https://www.flickr.com/photos/sergemelki/5128343915,https://creativecommons.org/licenses/by/2.0/,Serge Melki
112d64b1c662f8cd,train,https://open-images-dataset.s3.amazonaws.com/train/112d64b1c662f8cd.jpg,https://www.flickr.com/photos/bradfordcoy/3120393033,https://creativecommons.org/licenses/by/2.0/,Brad Coy
112d6a63fc382636,train,https://open-images-dataset.s3.amazonaws.com/train/112d6a63fc382636.jpg,https://www.flickr.com/photos/gammaman/19383985355,https://creativecommons.org/licenses/by/2.0/,Eli Christman
112e9a23ea2d3ba3,train,https://open-images-dataset.s3.amazonaws.com/train/112e9a23ea2d3ba3.jpg,https://www.flickr.com/photos/94215313@N00/7897713636,https://creativecommons.org/licenses/by/2.0/,Joseph Kranak
1131ab8db4e93455,train,https://open-images-dataset.s3.amazonaws.com/train/1131ab8db4e93455.jpg,https://www.flickr.com/photos/jimmyharris/47683412,https://creativecommons.org/licenses/by/2.0/,Jimmy Harris
1134ace1a48207e2,train,https://open-images-dataset.s3.amazonaws.com/train/1134ace1a48207e2.jpg,https://www.flickr.com/photos/eli-duende/2969254144,https://creativecommons.org/licenses/by/2.0/,Elisabetta
113ece738d078586,train,https://open-images-dataset.s3.amazonaws.com/train/113ece738d078586.jpg,https://www.flickr.com/photos/hagel54/16813399268,https://creativecommons.org/licenses/by/2.0/,Hans Geldmacher - גרשום
1143672f8a89282f,train,https://open-images-dataset.s3.amazonaws.com/train/1143672f8a89282f.jpg,https://www.flickr.com/photos/dhilowitz/3186274200,https://creativecommons.org/licenses/by/2.0/,David Hilowitz
115101dd6d3e160c,train,https://open-images-dataset.s3.amazonaws.com/train/115101dd6d3e160c.jpg,https://www.flickr.com/photos/jakecaptive/7122280233/,https://creativecommons.org/licenses/by/2.0/,Jacob Bøtter
1156244dcbd3b3fc,train,https://open-images-dataset.s3.amazonaws.com/train/1156244dcbd3b3fc.jpg,https://www.flickr.com/photos/reupa/15137712883,https://creativecommons.org/licenses/by/2.0/,K.H.Reichert
116001a179e124b8,train,https://open-images-dataset.s3.amazonaws.com/train/116001a179e124b8.jpg,https://www.flickr.com/photos/alebonvini/17066614778,https://creativecommons.org/licenses/by/2.0/,Alessandro Bonvini
116dd58b7caab287,train,https://open-images-dataset.s3.amazonaws.com/train/116dd58b7caab287.jpg,https://www.flickr.com/photos/govim/10532457876,https://creativecommons.org/licenses/by/2.0/,Isle of Man Government
117146d731a63c7f,train,https://open-images-dataset.s3.amazonaws.com/train/117146d731a63c7f.jpg,https://www.flickr.com/photos/ticicardoso/3996565310,https://creativecommons.org/licenses/by/2.0/,Ticiana Cardoso
1189a13faa0006bd,train,https://open-images-dataset.s3.amazonaws.com/train/1189a13faa0006bd.jpg,https://www.flickr.com/photos/mont_aigoual_causses_cevennes/5953563221,https://creativecommons.org/licenses/by/2.0/,Office de Tourisme Mont Aigoual
11991abc4827ab80,train,https://open-images-dataset.s3.amazonaws.com/train/11991abc4827ab80.jpg,https://www.flickr.com/photos/ninian_reid/16846439865/,https://creativecommons.org/licenses/by/2.0/,Ninian  Reid
119c928e745fa45b,train,https://open-images-dataset.s3.amazonaws.com/train/119c928e745fa45b.jpg,https://www.flickr.com/photos/hisgett/5550942874,https://creativecommons.org/licenses/by/2.0/,Tony Hisgett
11a37358d90f48af,train,https://open-images-dataset.s3.amazonaws.com/train/11a37358d90f48af.jpg,https://www.flickr.com/photos/jblndl/10571713214,https://creativecommons.org/licenses/by/2.0/,Môsieur J. [version 9.1]
11b99e96ed5b12a2,train,https://open-images-dataset.s3.amazonaws.com/train/11b99e96ed5b12a2.jpg,https://www.flickr.com/photos/andreasbloch/14786517998,https://creativecommons.org/licenses/by/2.0/,Andreas Bloch
11bee313c4b4622b,train,https://open-images-dataset.s3.amazonaws.com/train/11bee313c4b4622b.jpg,https://www.flickr.com/photos/phideltatheta/14658727378,https://creativecommons.org/licenses/by/2.0/,pdtghq
11c573ed63e2a1c1,train,https://open-images-dataset.s3.amazonaws.com/train/11c573ed63e2a1c1.jpg,https://www.flickr.com/photos/lajolo/11457579934,https://creativecommons.org/licenses/by/2.0/,Roberto Lajolo
11da91191fa58f1f,train,https://open-images-dataset.s3.amazonaws.com/train/11da91191fa58f1f.jpg,https://www.flickr.com/photos/kzaral/4042821126,https://creativecommons.org/licenses/by/2.0/,Kzaral
11e80e6c55775282,train,https://open-images-dataset.s3.amazonaws.com/train/11e80e6c55775282.jpg,https://www.flickr.com/photos/eager/7533893786,https://creativecommons.org/licenses/by/2.0/,準建築人手札網站 Forgemind ArchiMedia
11f26674f05d7f44,train,https://open-images-dataset.s3.amazonaws.com/train/11f26674f05d7f44.jpg,https://www.flickr.com/photos/ilgoico/8639086773,https://creativecommons.org/licenses/by/2.0/,iñaki lopez
11f49fca0795b7fb,train,https://open-images-dataset.s3.amazonaws.com/train/11f49fca0795b7fb.jpg,https://www.flickr.com/photos/tracyhunter/15753247542,https://creativecommons.org/licenses/by/2.0/,Tracy Hunter
11f7b026f2995c11,train,https://open-images-dataset.s3.amazonaws.com/train/11f7b026f2995c11.jpg,https://www.flickr.com/photos/garryknight/8438233475,https://creativecommons.org/licenses/by/2.0/,Garry Knight
11f9d915f0c5f5ec,train,https://open-images-dataset.s3.amazonaws.com/train/11f9d915f0c5f5ec.jpg,https://www.flickr.com/photos/jeremylevinedesign/3410068861,https://creativecommons.org/licenses/by/2.0/,Jeremy Levine
120ba0bb283fd7bb,train,https://open-images-dataset.s3.amazonaws.com/train/120ba0bb283fd7bb.jpg,https://www.flickr.com/photos/notthe1s/6147491400,https://creativecommons.org/licenses/by/2.0/,Eric Steuer
1210df3b3b8301a9,train,https://open-images-dataset.s3.amazonaws.com/train/1210df3b3b8301a9.jpg,https://www.flickr.com/photos/desmog/14524065390,https://creativecommons.org/licenses/by/2.0/,DeSmogCanada
1216dc848a91ef18,train,https://open-images-dataset.s3.amazonaws.com/train/1216dc848a91ef18.jpg,https://www.flickr.com/photos/xslim/6762802453,https://creativecommons.org/licenses/by/2.0/,Taras Kalapun
121737e20e2075ba,train,https://open-images-dataset.s3.amazonaws.com/train/121737e20e2075ba.jpg,https://www.flickr.com/photos/marksurman/3456867370,https://creativecommons.org/licenses/by/2.0/,Mark Surman
121bc6ed146d3273,train,https://open-images-dataset.s3.amazonaws.com/train/121bc6ed146d3273.jpg,https://www.flickr.com/photos/gatz125/5176666843,https://creativecommons.org/licenses/by/2.0/,Colleen McMahon
1225eb91cb8bc217,train,https://open-images-dataset.s3.amazonaws.com/train/1225eb91cb8bc217.jpg,https://www.flickr.com/photos/is_kyoto_jp/3880568149,https://creativecommons.org/licenses/by/2.0/,Ippei Suzuki
122a9d6fbe9a3430,train,https://open-images-dataset.s3.amazonaws.com/train/122a9d6fbe9a3430.jpg,https://www.flickr.com/photos/sue_elias/11776588633,https://creativecommons.org/licenses/by/2.0/,Sue
1234920f70349411,train,https://open-images-dataset.s3.amazonaws.com/train/1234920f70349411.jpg,https://www.flickr.com/photos/marghe_photos/3527521761,https://creativecommons.org/licenses/by/2.0/,-SayCheese-
124273a65605234d,train,https://open-images-dataset.s3.amazonaws.com/train/124273a65605234d.jpg,https://www.flickr.com/photos/ikermerodio/2905173136,https://creativecommons.org/licenses/by/2.0/,Iker Merodio
12787aa172ea815a,train,https://open-images-dataset.s3.amazonaws.com/train/12787aa172ea815a.jpg,https://www.flickr.com/photos/bosstweed/17202522626,https://creativecommons.org/licenses/by/2.0/,Boss Tweed
12839b891a933779,train,https://open-images-dataset.s3.amazonaws.com/train/12839b891a933779.jpg,https://www.flickr.com/photos/stas_r/15296036876,https://creativecommons.org/licenses/by/2.0/,Stas
1285a749f5eeb296,train,https://open-images-dataset.s3.amazonaws.com/train/1285a749f5eeb296.jpg,https://www.flickr.com/photos/janitors/9469060041,https://creativecommons.org/licenses/by/2.0/,Kārlis Dambrāns
128925b822e5f0f8,train,https://open-images-dataset.s3.amazonaws.com/train/128925b822e5f0f8.jpg,https://www.flickr.com/photos/jmv/15165149741,https://creativecommons.org/licenses/by/2.0/,jmv
1290714b034100c0,train,https://open-images-dataset.s3.amazonaws.com/train/1290714b034100c0.jpg,https://www.flickr.com/photos/ruthanddave/13916884474,https://creativecommons.org/licenses/by/2.0/,Ruth Hartnup
12914dbd0a4d7054,train,https://open-images-dataset.s3.amazonaws.com/train/12914dbd0a4d7054.jpg,https://www.flickr.com/photos/ksenia-sm/6721639503,https://creativecommons.org/licenses/by/2.0/,Ksenia Smirnova
1296aeacfcb0ef50,train,https://open-images-dataset.s3.amazonaws.com/train/1296aeacfcb0ef50.jpg,https://www.flickr.com/photos/63837784@N08/16801891052,https://creativecommons.org/licenses/by/2.0/,Ohio Redevelopment Projects - ODSA
129799e150740211,train,https://open-images-dataset.s3.amazonaws.com/train/129799e150740211.jpg,https://www.flickr.com/photos/massimobarbieri/153617324,https://creativecommons.org/licenses/by/2.0/,Massimo Barbieri
12a100361bb95b8b,train,https://open-images-dataset.s3.amazonaws.com/train/12a100361bb95b8b.jpg,https://www.flickr.com/photos/podere-casanova/4151101790,https://creativecommons.org/licenses/by/2.0/,Podere Casanova
12a3c725b824d424,train,https://open-images-dataset.s3.amazonaws.com/train/12a3c725b824d424.jpg,https://www.flickr.com/photos/mikebfotos/8311803099,https://creativecommons.org/licenses/by/2.0/,MICHAEL BROWN
12a6d726a66599db,train,https://open-images-dataset.s3.amazonaws.com/train/12a6d726a66599db.jpg,https://www.flickr.com/photos/celsoabreu/6038702189/,https://creativecommons.org/licenses/by/2.0/,Celso  Abreu
12aad059aafe1147,train,https://open-images-dataset.s3.amazonaws.com/train/12aad059aafe1147.jpg,https://www.flickr.com/photos/fanofretail/9220747520,https://creativecommons.org/licenses/by/2.0/,Nicholas Eckhart
12b7ed43b6c6f1fb,train,https://open-images-dataset.s3.amazonaws.com/train/12b7ed43b6c6f1fb.jpg,https://www.flickr.com/photos/phil_fth/7985277137,https://creativecommons.org/licenses/by/2.0/,PFNKIS
12bed48ea35fe9dd,train,https://open-images-dataset.s3.amazonaws.com/train/12bed48ea35fe9dd.jpg,https://www.flickr.com/photos/56155476@N08/5916282074,https://creativecommons.org/licenses/by/2.0/,Brad Flickinger
12ceb0186b1652f2,train,https://open-images-dataset.s3.amazonaws.com/train/12ceb0186b1652f2.jpg,https://www.flickr.com/photos/awrose/7673160230,https://creativecommons.org/licenses/by/2.0/,Adam Rose
12dd957edbd24282,train,https://open-images-dataset.s3.amazonaws.com/train/12dd957edbd24282.jpg,https://www.flickr.com/photos/theonewithout/5486420987/,https://creativecommons.org/licenses/by/2.0/,Gerben Jacobs
12e30ff3b23a688e,train,https://open-images-dataset.s3.amazonaws.com/train/12e30ff3b23a688e.jpg,https://www.flickr.com/photos/therubyring/7489284548,https://creativecommons.org/licenses/by/2.0/,Alex Beattie
12ebd604504f1f09,train,https://open-images-dataset.s3.amazonaws.com/train/12ebd604504f1f09.jpg,https://www.flickr.com/photos/modofodo/16077826670,https://creativecommons.org/licenses/by/2.0/,el-toro
12f23a260f4b3e37,train,https://open-images-dataset.s3.amazonaws.com/train/12f23a260f4b3e37.jpg,https://www.flickr.com/photos/rasmusknutsson/9656713138,https://creativecommons.org/licenses/by/2.0/,Rasmus Zwickson
12ff4eaab1bae4c0,train,https://open-images-dataset.s3.amazonaws.com/train/12ff4eaab1bae4c0.jpg,https://www.flickr.com/photos/letlet/64155216,https://creativecommons.org/licenses/by/2.0/,let²
131d949754df51fc,train,https://open-images-dataset.s3.amazonaws.com/train/131d949754df51fc.jpg,https://www.flickr.com/photos/apreche/20794148431,https://creativecommons.org/licenses/by/2.0/,Scott Rubin
133f7c7f753b8bec,train,https://open-images-dataset.s3.amazonaws.com/train/133f7c7f753b8bec.jpg,https://www.flickr.com/photos/nanymata/496132890,https://creativecommons.org/licenses/by/2.0/,Nany Mata
13441f2738948ff1,train,https://open-images-dataset.s3.amazonaws.com/train/13441f2738948ff1.jpg,https://www.flickr.com/photos/tiarescott/33508159,https://creativecommons.org/licenses/by/2.0/,tiarescott
135ef6b0db10e31d,train,https://open-images-dataset.s3.amazonaws.com/train/135ef6b0db10e31d.jpg,https://www.flickr.com/photos/43557956@N00/2896588714,https://creativecommons.org/licenses/by/2.0/,sportsilliterate
13608aed49e58acb,train,https://open-images-dataset.s3.amazonaws.com/train/13608aed49e58acb.jpg,https://www.flickr.com/photos/balletonirico/7803781274,https://creativecommons.org/licenses/by/2.0/,Nuria Carballo
1360ff5d92d14488,train,https://open-images-dataset.s3.amazonaws.com/train/1360ff5d92d14488.jpg,https://www.flickr.com/photos/leshaines123/6659377603,https://creativecommons.org/licenses/by/2.0/,Les Haines
1364b5c2c60dfee7,train,https://open-images-dataset.s3.amazonaws.com/train/1364b5c2c60dfee7.jpg,https://www.flickr.com/photos/pkovacs/14925458486,https://creativecommons.org/licenses/by/2.0/,kovapete
1385fbde1c85f319,train,https://open-images-dataset.s3.amazonaws.com/train/1385fbde1c85f319.jpg,https://www.flickr.com/photos/666_is_money/6841538912,https://creativecommons.org/licenses/by/2.0/,Raquel Baranow
138921f51136dc91,train,https://open-images-dataset.s3.amazonaws.com/train/138921f51136dc91.jpg,https://www.flickr.com/photos/linobento/6476298781,https://creativecommons.org/licenses/by/2.0/,Lino Bento
1393e5c09cf484f4,train,https://open-images-dataset.s3.amazonaws.com/train/1393e5c09cf484f4.jpg,https://www.flickr.com/photos/psyberartist/7591964002,https://creativecommons.org/licenses/by/2.0/,psyberartist
139a7f0a93f89477,train,https://open-images-dataset.s3.amazonaws.com/train/139a7f0a93f89477.jpg,https://www.flickr.com/photos/30733371@N00/17127035033,https://creativecommons.org/licenses/by/2.0/,spotter_nl
139e4324cb71b3a8,train,https://open-images-dataset.s3.amazonaws.com/train/139e4324cb71b3a8.jpg,https://www.flickr.com/photos/onthewhiteline/8635763362,https://creativecommons.org/licenses/by/2.0/,Corey Taratuta
13a21b218129f79a,train,https://open-images-dataset.s3.amazonaws.com/train/13a21b218129f79a.jpg,https://www.flickr.com/photos/tahini/12954222054,https://creativecommons.org/licenses/by/2.0/,Mr Thinktank
13a40b40ed2c4f36,train,https://open-images-dataset.s3.amazonaws.com/train/13a40b40ed2c4f36.jpg,https://www.flickr.com/photos/trondheim_byarkiv/6988966144,https://creativecommons.org/licenses/by/2.0/,Municipal Archives of Trondheim
13a4dc33c80c12f5,train,https://open-images-dataset.s3.amazonaws.com/train/13a4dc33c80c12f5.jpg,https://www.flickr.com/photos/kuruman/19230787691,https://creativecommons.org/licenses/by/2.0/,Kuruman
13ae7332516c6c3b,train,https://open-images-dataset.s3.amazonaws.com/train/13ae7332516c6c3b.jpg,https://www.flickr.com/photos/hisgett/4980059925,https://creativecommons.org/licenses/by/2.0/,Tony Hisgett
13b534ed49b41b38,train,https://open-images-dataset.s3.amazonaws.com/train/13b534ed49b41b38.jpg,https://www.flickr.com/photos/karen_roe/4161898147,https://creativecommons.org/licenses/by/2.0/,Karen Roe
13c7c13fe0641285,train,https://open-images-dataset.s3.amazonaws.com/train/13c7c13fe0641285.jpg,https://www.flickr.com/photos/mdpettitt/7865897284,https://creativecommons.org/licenses/by/2.0/,Martin Pettitt
13ce43216bfa3491,train,https://open-images-dataset.s3.amazonaws.com/train/13ce43216bfa3491.jpg,https://www.flickr.com/photos/rejfl/2689295611,https://creativecommons.org/licenses/by/2.0/,Raphael Schön
13cf69cfd86a2a66,train,https://open-images-dataset.s3.amazonaws.com/train/13cf69cfd86a2a66.jpg,https://www.flickr.com/photos/aubergene/380456522,https://creativecommons.org/licenses/by/2.0/,Julian Burgess
13d2b9441eabdcc2,train,https://open-images-dataset.s3.amazonaws.com/train/13d2b9441eabdcc2.jpg,https://www.flickr.com/photos/dalbera/8154074741,https://creativecommons.org/licenses/by/2.0/,Jean-Pierre Dalbéra
13dc05d1fcc83cd4,train,https://open-images-dataset.s3.amazonaws.com/train/13dc05d1fcc83cd4.jpg,https://www.flickr.com/photos/martl/2366644445,https://creativecommons.org/licenses/by/2.0/,heartbeaz
13e7f80d9280dd6f,train,https://open-images-dataset.s3.amazonaws.com/train/13e7f80d9280dd6f.jpg,https://www.flickr.com/photos/brostad/5819058706,https://creativecommons.org/licenses/by/2.0/,Bernt Rostad
13f2f9b7f37862e0,train,https://open-images-dataset.s3.amazonaws.com/train/13f2f9b7f37862e0.jpg,https://www.flickr.com/photos/projectart69/8482489696,https://creativecommons.org/licenses/by/2.0/,Artondra Hall
13fddd572074a012,train,https://open-images-dataset.s3.amazonaws.com/train/13fddd572074a012.jpg,https://www.flickr.com/photos/lisawilliams/882005568,https://creativecommons.org/licenses/by/2.0/,Lisa Williams
1411ff8461b59eeb,train,https://open-images-dataset.s3.amazonaws.com/train/1411ff8461b59eeb.jpg,https://www.flickr.com/photos/jordanschulz/8918746122,https://creativecommons.org/licenses/by/2.0/,Jordan Schulz
14289cd16128871e,train,https://open-images-dataset.s3.amazonaws.com/train/14289cd16128871e.jpg,https://www.flickr.com/photos/mcfadden1978/8277360375,https://creativecommons.org/licenses/by/2.0/,Mark McFadden
142ddd1065a648ce,train,https://open-images-dataset.s3.amazonaws.com/train/142ddd1065a648ce.jpg,https://www.flickr.com/photos/larrison/14053569738,https://creativecommons.org/licenses/by/2.0/,Jim Larrison
142ed86dd8070982,train,https://open-images-dataset.s3.amazonaws.com/train/142ed86dd8070982.jpg,https://www.flickr.com/photos/59923990@N05/15514313849,https://creativecommons.org/licenses/by/2.0/,Picturepest
14367cffe8bdaee2,train,https://open-images-dataset.s3.amazonaws.com/train/14367cffe8bdaee2.jpg,https://www.flickr.com/photos/62510442@N06/5717963635,https://creativecommons.org/licenses/by/2.0/,Erin van V
1449bb895a076efb,train,https://open-images-dataset.s3.amazonaws.com/train/1449bb895a076efb.jpg,https://www.flickr.com/photos/kendylyoung/9301182499,https://creativecommons.org/licenses/by/2.0/,Kendyl Young
144d0487fa7efa2f,train,https://open-images-dataset.s3.amazonaws.com/train/144d0487fa7efa2f.jpg,https://www.flickr.com/photos/hugocadavez/3097436143,https://creativecommons.org/licenses/by/2.0/,Hugo Cadavez
144f5774bfc273e6,train,https://open-images-dataset.s3.amazonaws.com/train/144f5774bfc273e6.jpg,https://www.flickr.com/photos/97877859@N03/14051920049,https://creativecommons.org/licenses/by/2.0/,Estorweb .com
144fe9e264d48181,train,https://open-images-dataset.s3.amazonaws.com/train/144fe9e264d48181.jpg,https://www.flickr.com/photos/fenwench/15266474059,https://creativecommons.org/licenses/by/2.0/,fenwench
14554384e83bb07d,train,https://open-images-dataset.s3.amazonaws.com/train/14554384e83bb07d.jpg,https://www.flickr.com/photos/77913019@N00/2331027705,https://creativecommons.org/licenses/by/2.0/,Rob Loftis
14729806f01d2ee8,train,https://open-images-dataset.s3.amazonaws.com/train/14729806f01d2ee8.jpg,https://www.flickr.com/photos/avramishin/15991654933,https://creativecommons.org/licenses/by/2.0/,avramishin33
14755dea126e8391,train,https://open-images-dataset.s3.amazonaws.com/train/14755dea126e8391.jpg,https://www.flickr.com/photos/aloha75/4984867700,https://creativecommons.org/licenses/by/2.0/,Sam Howzit
148673c739a153d7,train,https://open-images-dataset.s3.amazonaws.com/train/148673c739a153d7.jpg,https://www.flickr.com/photos/uned/8703608973,https://creativecommons.org/licenses/by/2.0/,UNED Universidad Nacional de Educación a Distancia
149535f3c6556bea,train,https://open-images-dataset.s3.amazonaws.com/train/149535f3c6556bea.jpg,https://www.flickr.com/photos/eager/11831707554,https://creativecommons.org/licenses/by/2.0/,準建築人手札網站 Forgemind ArchiMedia
149b512661b7ed41,train,https://open-images-dataset.s3.amazonaws.com/train/149b512661b7ed41.jpg,https://www.flickr.com/photos/calliope/3650677777,https://creativecommons.org/licenses/by/2.0/,liz west
14a19da86e946431,train,https://open-images-dataset.s3.amazonaws.com/train/14a19da86e946431.jpg,https://www.flickr.com/photos/pasa/8481005082,https://creativecommons.org/licenses/by/2.0/,Paul Sableman
14b9cb2d17d8d549,train,https://open-images-dataset.s3.amazonaws.com/train/14b9cb2d17d8d549.jpg,https://www.flickr.com/photos/martijnmunneke/4865768452,https://creativecommons.org/licenses/by/2.0/,Martijn.Munneke
14c3a797faccc715,train,https://open-images-dataset.s3.amazonaws.com/train/14c3a797faccc715.jpg,https://www.flickr.com/photos/jadis1958/4932112882,https://creativecommons.org/licenses/by/2.0/,Anja Disseldorp
14c57ecc2893fe4b,train,https://open-images-dataset.s3.amazonaws.com/train/14c57ecc2893fe4b.jpg,https://www.flickr.com/photos/fegavronski/16626917980,https://creativecommons.org/licenses/by/2.0/,Felipe Gavronski
14d43d7629360ba8,train,https://open-images-dataset.s3.amazonaws.com/train/14d43d7629360ba8.jpg,https://www.flickr.com/photos/94693506@N00/1470281131,https://creativecommons.org/licenses/by/2.0/,Nina Hale
14e16156f0d909ac,train,https://open-images-dataset.s3.amazonaws.com/train/14e16156f0d909ac.jpg,https://www.flickr.com/photos/harshlight/5003622248/,https://creativecommons.org/licenses/by/2.0/,HarshLight
14e1f3d8d404b9a8,train,https://open-images-dataset.s3.amazonaws.com/train/14e1f3d8d404b9a8.jpg,https://www.flickr.com/photos/16782093@N03/11825244736,https://creativecommons.org/licenses/by/2.0/,Metro Centric
14ecd015c99a6358,train,https://open-images-dataset.s3.amazonaws.com/train/14ecd015c99a6358.jpg,https://www.flickr.com/photos/78428166@N00/13965386617,https://creativecommons.org/licenses/by/2.0/,Tony Alter
14ed8e79f33f459c,train,https://open-images-dataset.s3.amazonaws.com/train/14ed8e79f33f459c.jpg,https://www.flickr.com/photos/bfs_man/6608634495,https://creativecommons.org/licenses/by/2.0/,Mike Fisher
14eee1911872efc7,train,https://open-images-dataset.s3.amazonaws.com/train/14eee1911872efc7.jpg,https://www.flickr.com/photos/yodudedan/148601203,https://creativecommons.org/licenses/by/2.0/,Dan
14f471a24ccfca9b,train,https://open-images-dataset.s3.amazonaws.com/train/14f471a24ccfca9b.jpg,https://www.flickr.com/photos/the-o/4226395921,https://creativecommons.org/licenses/by/2.0/,David Ohmer
14f793885165c958,train,https://open-images-dataset.s3.amazonaws.com/train/14f793885165c958.jpg,https://www.flickr.com/photos/loughboroughuniversitylibrary/8357916932,https://creativecommons.org/licenses/by/2.0/,Loughborough University Library
14fa2573165205e0,train,https://open-images-dataset.s3.amazonaws.com/train/14fa2573165205e0.jpg,https://www.flickr.com/photos/nagarjun/16877589888,https://creativecommons.org/licenses/by/2.0/,Nagarjun Kandukuru
1503a5ce2f0215e1,train,https://open-images-dataset.s3.amazonaws.com/train/1503a5ce2f0215e1.jpg,https://www.flickr.com/photos/georgeparrilla/2781014688,https://creativecommons.org/licenses/by/2.0/,George Parrilla
1515dbe04f9508a4,train,https://open-images-dataset.s3.amazonaws.com/train/1515dbe04f9508a4.jpg,https://www.flickr.com/photos/atoach/15271187085,https://creativecommons.org/licenses/by/2.0/,Tim Green
1518cfab4f837025,train,https://open-images-dataset.s3.amazonaws.com/train/1518cfab4f837025.jpg,https://www.flickr.com/photos/crown_molding/5456666193,https://creativecommons.org/licenses/by/2.0/,Brian  Moloney
1521acfdba93e5a0,train,https://open-images-dataset.s3.amazonaws.com/train/1521acfdba93e5a0.jpg,https://www.flickr.com/photos/mihalorel/277576247,https://creativecommons.org/licenses/by/2.0/,Михал Орела
1534a59c949e177c,train,https://open-images-dataset.s3.amazonaws.com/train/1534a59c949e177c.jpg,https://www.flickr.com/photos/samcockman/4675052358,https://creativecommons.org/licenses/by/2.0/,Samuel Cockman
15465c892a658aae,train,https://open-images-dataset.s3.amazonaws.com/train/15465c892a658aae.jpg,https://www.flickr.com/photos/davidwilson1949/6444327605,https://creativecommons.org/licenses/by/2.0/,David Wilson
154c656a60c8e616,train,https://open-images-dataset.s3.amazonaws.com/train/154c656a60c8e616.jpg,https://www.flickr.com/photos/arileu/17811527249,https://creativecommons.org/licenses/by/2.0/,arileu
155b8749ac29377a,train,https://open-images-dataset.s3.amazonaws.com/train/155b8749ac29377a.jpg,https://www.flickr.com/photos/hills_alive/4781512559,https://creativecommons.org/licenses/by/2.0/,Caroline
155c245f90d476f0,train,https://open-images-dataset.s3.amazonaws.com/train/155c245f90d476f0.jpg,https://www.flickr.com/photos/mikolski/6823284563,https://creativecommons.org/licenses/by/2.0/,Milosz1
155c33173b8c4bfc,train,https://open-images-dataset.s3.amazonaws.com/train/155c33173b8c4bfc.jpg,https://www.flickr.com/photos/etwood/5606374177,https://creativecommons.org/licenses/by/2.0/,Evan Wood
155fae8b8682bba7,train,https://open-images-dataset.s3.amazonaws.com/train/155fae8b8682bba7.jpg,https://www.flickr.com/photos/lianza/3724800628,https://creativecommons.org/licenses/by/2.0/,Tom Lianza
1562d6a7054627c0,train,https://open-images-dataset.s3.amazonaws.com/train/1562d6a7054627c0.jpg,https://www.flickr.com/photos/hmcramer/6583410119,https://creativecommons.org/licenses/by/2.0/,Hans_Martin
15734e07ffc554d1,train,https://open-images-dataset.s3.amazonaws.com/train/15734e07ffc554d1.jpg,https://www.flickr.com/photos/listento/11675645496/,https://creativecommons.org/licenses/by/2.0/,Karam Al-Ghossein
157e47e917fd846c,train,https://open-images-dataset.s3.amazonaws.com/train/157e47e917fd846c.jpg,https://www.flickr.com/photos/in_rainbows69/8092547835,https://creativecommons.org/licenses/by/2.0/,ღ ℂℏ℟ḯʂ ღ
1580c6567d5a9015,train,https://open-images-dataset.s3.amazonaws.com/train/1580c6567d5a9015.jpg,https://www.flickr.com/photos/southbeachcars/13768275743,https://creativecommons.org/licenses/by/2.0/,Phillip Pessar
158ab8858f7c424e,train,https://open-images-dataset.s3.amazonaws.com/train/158ab8858f7c424e.jpg,https://www.flickr.com/photos/51417107@N03/5063715235,https://creativecommons.org/licenses/by/2.0/,LaurPhil
1592605732059d34,train,https://open-images-dataset.s3.amazonaws.com/train/1592605732059d34.jpg,https://www.flickr.com/photos/heretakis/7014707591/,https://creativecommons.org/licenses/by/2.0/,Lefteris Heretakis
15944f4df377239a,train,https://open-images-dataset.s3.amazonaws.com/train/15944f4df377239a.jpg,https://www.flickr.com/photos/cogdog/8763608710,https://creativecommons.org/licenses/by/2.0/,Alan Levine
15b2590e312ff4a5,train,https://open-images-dataset.s3.amazonaws.com/train/15b2590e312ff4a5.jpg,https://www.flickr.com/photos/24429031@N06/17383548455,https://creativecommons.org/licenses/by/2.0/,nschouterden
15b474f54a348dd0,train,https://open-images-dataset.s3.amazonaws.com/train/15b474f54a348dd0.jpg,https://www.flickr.com/photos/tipsfortravellers/2082960634,https://creativecommons.org/licenses/by/2.0/,Gary Bembridge
15b4f3a6c8edb922,train,https://open-images-dataset.s3.amazonaws.com/train/15b4f3a6c8edb922.jpg,https://www.flickr.com/photos/selmer/5371268236,https://creativecommons.org/licenses/by/2.0/,Selmer van Alten
15b657ee40312b9c,train,https://open-images-dataset.s3.amazonaws.com/train/15b657ee40312b9c.jpg,https://www.flickr.com/photos/mbschlemmer/6176110101,https://creativecommons.org/licenses/by/2.0/,Mark B. Schlemmer
15e938643a48aee6,train,https://open-images-dataset.s3.amazonaws.com/train/15e938643a48aee6.jpg,https://www.flickr.com/photos/tinkerszone/4969503117/,https://creativecommons.org/licenses/by/2.0/,tinkerbrad
15fac38e63d994e5,train,https://open-images-dataset.s3.amazonaws.com/train/15fac38e63d994e5.jpg,https://www.flickr.com/photos/huwt/5579639793,https://creativecommons.org/licenses/by/2.0/,Huw Thomas
15fb12ebecfd0283,train,https://open-images-dataset.s3.amazonaws.com/train/15fb12ebecfd0283.jpg,https://www.flickr.com/photos/wordridden/6357647403,https://creativecommons.org/licenses/by/2.0/,Jessica Spengler
15fd6bd957338029,train,https://open-images-dataset.s3.amazonaws.com/train/15fd6bd957338029.jpg,https://www.flickr.com/photos/gabycamaton/9420329726,https://creativecommons.org/licenses/by/2.0/,Gabriela Camaton
1607460487ede109,train,https://open-images-dataset.s3.amazonaws.com/train/1607460487ede109.jpg,https://www.flickr.com/photos/cayobo/7811808598,https://creativecommons.org/licenses/by/2.0/,Cayobo
160fb38b2a652164,train,https://open-images-dataset.s3.amazonaws.com/train/160fb38b2a652164.jpg,https://www.flickr.com/photos/osseous/983396182,https://creativecommons.org/licenses/by/2.0/,osseous
161d7a305377e67c,train,https://open-images-dataset.s3.amazonaws.com/train/161d7a305377e67c.jpg,https://www.flickr.com/photos/hisgett/5544089643,https://creativecommons.org/licenses/by/2.0/,Tony Hisgett
1626085967bceeb8,train,https://open-images-dataset.s3.amazonaws.com/train/1626085967bceeb8.jpg,https://www.flickr.com/photos/panr/4529230450,https://creativecommons.org/licenses/by/2.0/,Robert Cutts
163500befc176b51,train,https://open-images-dataset.s3.amazonaws.com/train/163500befc176b51.jpg,https://www.flickr.com/photos/karen_roe/15527155364,https://creativecommons.org/licenses/by/2.0/,Karen Roe
1637138db0948e17,train,https://open-images-dataset.s3.amazonaws.com/train/1637138db0948e17.jpg,https://www.flickr.com/photos/90664717@N00/331859249,https://creativecommons.org/licenses/by/2.0/,Akuppa John Wigham
1638631b0f5b5d6b,train,https://open-images-dataset.s3.amazonaws.com/train/1638631b0f5b5d6b.jpg,https://www.flickr.com/photos/danja/132892921,https://creativecommons.org/licenses/by/2.0/,Danny Ayers
1640c4deecd54a8d,train,https://open-images-dataset.s3.amazonaws.com/train/1640c4deecd54a8d.jpg,https://www.flickr.com/photos/micronova/4550150676,https://creativecommons.org/licenses/by/2.0/,Afshin Darian
16449f432c08138f,train,https://open-images-dataset.s3.amazonaws.com/train/16449f432c08138f.jpg,https://www.flickr.com/photos/mackinac/14701034447,https://creativecommons.org/licenses/by/2.0/,Mary McGuire | Mackinac Design
16483717a6764805,train,https://open-images-dataset.s3.amazonaws.com/train/16483717a6764805.jpg,https://www.flickr.com/photos/jedimentat/5012846516,https://creativecommons.org/licenses/by/2.0/,Jedimentat44
16543b24d3c50b55,train,https://open-images-dataset.s3.amazonaws.com/train/16543b24d3c50b55.jpg,https://www.flickr.com/photos/83015819@N00/5786391191,https://creativecommons.org/licenses/by/2.0/,Jon Worth
165dc153b1ffb6ef,train,https://open-images-dataset.s3.amazonaws.com/train/165dc153b1ffb6ef.jpg,https://www.flickr.com/photos/dberry/2860101847,https://creativecommons.org/licenses/by/2.0/,David Berry
1662cc6a20fade7c,train,https://open-images-dataset.s3.amazonaws.com/train/1662cc6a20fade7c.jpg,https://www.flickr.com/photos/futuredu/11564096955,https://creativecommons.org/licenses/by/2.0/,Marcin Polak
16751b11672a4ebf,train,https://open-images-dataset.s3.amazonaws.com/train/16751b11672a4ebf.jpg,https://www.flickr.com/photos/mauring/4695634282,https://creativecommons.org/licenses/by/2.0/,Tõnu Mauring
16767d9b5d98f7ae,train,https://open-images-dataset.s3.amazonaws.com/train/16767d9b5d98f7ae.jpg,https://www.flickr.com/photos/en321/2407141781,https://creativecommons.org/licenses/by/2.0/,Susan Sermoneta
168032cb2086ea9d,train,https://open-images-dataset.s3.amazonaws.com/train/168032cb2086ea9d.jpg,https://www.flickr.com/photos/paytonc/15431992759,https://creativecommons.org/licenses/by/2.0/,Payton Chung
1681299a6fae1206,train,https://open-images-dataset.s3.amazonaws.com/train/1681299a6fae1206.jpg,https://www.flickr.com/photos/127399779@N06/16801323932,https://creativecommons.org/licenses/by/2.0/,Quinten Van Hoecke
16895afdfccb5904,train,https://open-images-dataset.s3.amazonaws.com/train/16895afdfccb5904.jpg,https://www.flickr.com/photos/26101489@N00/8336231725,https://creativecommons.org/licenses/by/2.0/,Say-no
16938725df3e7bde,train,https://open-images-dataset.s3.amazonaws.com/train/16938725df3e7bde.jpg,https://www.flickr.com/photos/crabchick/2550698537,https://creativecommons.org/licenses/by/2.0/,crabchick
16a383d7d1c88f71,train,https://open-images-dataset.s3.amazonaws.com/train/16a383d7d1c88f71.jpg,https://www.flickr.com/photos/amal-fm/8915650789,https://creativecommons.org/licenses/by/2.0/,Amal FM
16b7be7b4ab8a237,train,https://open-images-dataset.s3.amazonaws.com/train/16b7be7b4ab8a237.jpg,https://www.flickr.com/photos/rainsong/16625112949,https://creativecommons.org/licenses/by/2.0/,Ali from Riyadh : )
16bc5ce3c8e0fbd1,train,https://open-images-dataset.s3.amazonaws.com/train/16bc5ce3c8e0fbd1.jpg,https://www.flickr.com/photos/126473520@N07/20586397722,https://creativecommons.org/licenses/by/2.0/,Camino Granado
16bcf6f3d9d2c917,train,https://open-images-dataset.s3.amazonaws.com/train/16bcf6f3d9d2c917.jpg,https://www.flickr.com/photos/annahape-gallery/3683046433,https://creativecommons.org/licenses/by/2.0/,Anna Hape
16bff61f94890f07,train,https://open-images-dataset.s3.amazonaws.com/train/16bff61f94890f07.jpg,https://www.flickr.com/photos/steenbergs/7455757100,https://creativecommons.org/licenses/by/2.0/,Steenbergs
16c7adb6a8e28488,train,https://open-images-dataset.s3.amazonaws.com/train/16c7adb6a8e28488.jpg,https://www.flickr.com/photos/gonmi/15773169982,https://creativecommons.org/licenses/by/2.0/,Nacho
16d29dbb95b9a3f9,train,https://open-images-dataset.s3.amazonaws.com/train/16d29dbb95b9a3f9.jpg,https://www.flickr.com/photos/miamism/6963513175,https://creativecommons.org/licenses/by/2.0/,Ines Hegedus-Garcia
16d9ff372cd6f1c2,train,https://open-images-dataset.s3.amazonaws.com/train/16d9ff372cd6f1c2.jpg,https://www.flickr.com/photos/eager/13951167987,https://creativecommons.org/licenses/by/2.0/,準建築人手札網站 Forgemind ArchiMedia
16e8cbd246dd1137,train,https://open-images-dataset.s3.amazonaws.com/train/16e8cbd246dd1137.jpg,https://www.flickr.com/photos/sensinct/6866077421,https://creativecommons.org/licenses/by/2.0/,Brian Pirie
16ecfc2083dbe580,train,https://open-images-dataset.s3.amazonaws.com/train/16ecfc2083dbe580.jpg,https://www.flickr.com/photos/mdpettitt/1775007292,https://creativecommons.org/licenses/by/2.0/,Martin Pettitt
16ee8c7305d75037,train,https://open-images-dataset.s3.amazonaws.com/train/16ee8c7305d75037.jpg,https://www.flickr.com/photos/hankzby/8492404984,https://creativecommons.org/licenses/by/2.0/,Henry Zbyszynski
173944a713c161b8,train,https://open-images-dataset.s3.amazonaws.com/train/173944a713c161b8.jpg,https://www.flickr.com/photos/damo1977/4398216713,https://creativecommons.org/licenses/by/2.0/,damo1977
173bc4a7fc2a4d42,train,https://open-images-dataset.s3.amazonaws.com/train/173bc4a7fc2a4d42.jpg,https://www.flickr.com/photos/ruthsphotos/12902092293,https://creativecommons.org/licenses/by/2.0/,skniht_em
17675c40ab4d0d3c,train,https://open-images-dataset.s3.amazonaws.com/train/17675c40ab4d0d3c.jpg,https://www.flickr.com/photos/21524179@N08/4360919174,https://creativecommons.org/licenses/by/2.0/,nerissa&#x27;s ring
17690bb929be47ed,train,https://open-images-dataset.s3.amazonaws.com/train/17690bb929be47ed.jpg,https://www.flickr.com/photos/reddevilaustria/5775533366,https://creativecommons.org/licenses/by/2.0/,reddevilaustria
176d10afa1b7b525,train,https://open-images-dataset.s3.amazonaws.com/train/176d10afa1b7b525.jpg,https://www.flickr.com/photos/ffg/5068962406,https://creativecommons.org/licenses/by/2.0/,Dave Walker
176e1462149ae3d7,train,https://open-images-dataset.s3.amazonaws.com/train/176e1462149ae3d7.jpg,https://www.flickr.com/photos/mister-e/1788033663,https://creativecommons.org/licenses/by/2.0/,Chris Eason
1780273ce8b8201f,train,https://open-images-dataset.s3.amazonaws.com/train/1780273ce8b8201f.jpg,https://www.flickr.com/photos/16782093@N03/10351622424,https://creativecommons.org/licenses/by/2.0/,Metro Centric
1781e65b46670dee,train,https://open-images-dataset.s3.amazonaws.com/train/1781e65b46670dee.jpg,https://www.flickr.com/photos/eager/4918152757,https://creativecommons.org/licenses/by/2.0/,準建築人手札網站 Forgemind ArchiMedia
17884f73202b990a,train,https://open-images-dataset.s3.amazonaws.com/train/17884f73202b990a.jpg,https://www.flickr.com/photos/rafaelrobles/3656344469,https://creativecommons.org/licenses/by/2.0/,Rafael Robles
178e1e3bb7a03ca6,train,https://open-images-dataset.s3.amazonaws.com/train/178e1e3bb7a03ca6.jpg,https://www.flickr.com/photos/superadrianme/15760358039,https://creativecommons.org/licenses/by/2.0/,SUPERADRIANME
178e4945b46fd447,train,https://open-images-dataset.s3.amazonaws.com/train/178e4945b46fd447.jpg,https://www.flickr.com/photos/21655750@N00/26837179,https://creativecommons.org/licenses/by/2.0/,_details_
1790017b26f9d5f0,train,https://open-images-dataset.s3.amazonaws.com/train/1790017b26f9d5f0.jpg,https://www.flickr.com/photos/rob-young/9410035076,https://creativecommons.org/licenses/by/2.0/,Rob Young
1790d285250139b9,train,https://open-images-dataset.s3.amazonaws.com/train/1790d285250139b9.jpg,https://www.flickr.com/photos/lucagalli/9306086885,https://creativecommons.org/licenses/by/2.0/,Luca Galli
17b020c95802041a,train,https://open-images-dataset.s3.amazonaws.com/train/17b020c95802041a.jpg,https://www.flickr.com/photos/okfn/6471565787,https://creativecommons.org/licenses/by/2.0/,Open Knowledge
17bf1c4deb8d84c0,train,https://open-images-dataset.s3.amazonaws.com/train/17bf1c4deb8d84c0.jpg,https://www.flickr.com/photos/gregerravik/16168943298,https://creativecommons.org/licenses/by/2.0/,Greger Ravik
17c5410016a75457,train,https://open-images-dataset.s3.amazonaws.com/train/17c5410016a75457.jpg,https://www.flickr.com/photos/oatsy40/10382007503,https://creativecommons.org/licenses/by/2.0/,oatsy40
17c79b1293e46c85,train,https://open-images-dataset.s3.amazonaws.com/train/17c79b1293e46c85.jpg,https://www.flickr.com/photos/robertlylebolton/7804702936,https://creativecommons.org/licenses/by/2.0/,Robert Lyle Bolton
17c8604437697c9b,train,https://open-images-dataset.s3.amazonaws.com/train/17c8604437697c9b.jpg,https://www.flickr.com/photos/ukanda/518980242,https://creativecommons.org/licenses/by/2.0/,Upendra Kanda
17d27a8cf69083ae,train,https://open-images-dataset.s3.amazonaws.com/train/17d27a8cf69083ae.jpg,https://www.flickr.com/photos/skin_ubx/5465843415,https://creativecommons.org/licenses/by/2.0/,Skin - ubx
17d3bc4ee030c1d5,train,https://open-images-dataset.s3.amazonaws.com/train/17d3bc4ee030c1d5.jpg,https://www.flickr.com/photos/brighton/7549636932,https://creativecommons.org/licenses/by/2.0/,Jim Linwood
17d4ad6f6b46db2f,train,https://open-images-dataset.s3.amazonaws.com/train/17d4ad6f6b46db2f.jpg,https://www.flickr.com/photos/gcourbis/371113707,https://creativecommons.org/licenses/by/2.0/,Grace
17d649575dd48970,train,https://open-images-dataset.s3.amazonaws.com/train/17d649575dd48970.jpg,https://www.flickr.com/photos/is_kyoto_jp/8646832225,https://creativecommons.org/licenses/by/2.0/,Ippei Suzuki
17dd6f65a44edafa,train,https://open-images-dataset.s3.amazonaws.com/train/17dd6f65a44edafa.jpg,https://www.flickr.com/photos/uudenkaupunginmuseo/21080520280,https://creativecommons.org/licenses/by/2.0/,Museo Uusikaupunki
17e5887f3147f13a,train,https://open-images-dataset.s3.amazonaws.com/train/17e5887f3147f13a.jpg,https://www.flickr.com/photos/21804434@N02/3210325906,https://creativecommons.org/licenses/by/2.0/,mira66
17f65b937f017d0e,train,https://open-images-dataset.s3.amazonaws.com/train/17f65b937f017d0e.jpg,https://www.flickr.com/photos/rubenholthuijsen/11843013363,https://creativecommons.org/licenses/by/2.0/,Ruben Holthuijsen
181219ac338b1049,train,https://open-images-dataset.s3.amazonaws.com/train/181219ac338b1049.jpg,https://www.flickr.com/photos/frankieroberto/3396092198,https://creativecommons.org/licenses/by/2.0/,Frankie Roberto
1818c383981a2000,train,https://open-images-dataset.s3.amazonaws.com/train/1818c383981a2000.jpg,https://www.flickr.com/photos/109536074@N05/14455464999,https://creativecommons.org/licenses/by/2.0/,tetedelart1855
1818f8296586feb8,train,https://open-images-dataset.s3.amazonaws.com/train/1818f8296586feb8.jpg,https://www.flickr.com/photos/locosteve/5392633899,https://creativecommons.org/licenses/by/2.0/,Loco Steve
1819c471aa08d923,train,https://open-images-dataset.s3.amazonaws.com/train/1819c471aa08d923.jpg,https://www.flickr.com/photos/uriba/18626040,https://creativecommons.org/licenses/by/2.0/,Uri Baruchin
1826143d511c78e3,train,https://open-images-dataset.s3.amazonaws.com/train/1826143d511c78e3.jpg,https://www.flickr.com/photos/eguidetravel/6098818785,https://creativecommons.org/licenses/by/2.0/,eGuide Travel
18292cf8ef465813,train,https://open-images-dataset.s3.amazonaws.com/train/18292cf8ef465813.jpg,https://www.flickr.com/photos/tanaka_juuyoh/5419136087,https://creativecommons.org/licenses/by/2.0/,TANAKA Juuyoh (田中十洋)
182c8e199e5dea29,train,https://open-images-dataset.s3.amazonaws.com/train/182c8e199e5dea29.jpg,https://www.flickr.com/photos/galfred/145720430,https://creativecommons.org/licenses/by/2.0/,Gail Frederick
1831d273a6f0ee34,train,https://open-images-dataset.s3.amazonaws.com/train/1831d273a6f0ee34.jpg,https://www.flickr.com/photos/39908901@N06/7206986494,https://creativecommons.org/licenses/by/2.0/,m01229
1836d33528e5f9f1,train,https://open-images-dataset.s3.amazonaws.com/train/1836d33528e5f9f1.jpg,https://www.flickr.com/photos/markhillary/13577898473,https://creativecommons.org/licenses/by/2.0/,Mark Hillary
1837dc26c684ec20,train,https://open-images-dataset.s3.amazonaws.com/train/1837dc26c684ec20.jpg,https://www.flickr.com/photos/brostad/8722930942,https://creativecommons.org/licenses/by/2.0/,Bernt Rostad
1842b9f5dc220048,train,https://open-images-dataset.s3.amazonaws.com/train/1842b9f5dc220048.jpg,https://www.flickr.com/photos/heatheronhertravels/2405928078,https://creativecommons.org/licenses/by/2.0/,Heather Cowper
18532495fa7d6f3d,train,https://open-images-dataset.s3.amazonaws.com/train/18532495fa7d6f3d.jpg,https://www.flickr.com/photos/14519665@N05/11880068175/,https://creativecommons.org/licenses/by/2.0/,Adam Lehman
185f03883af3b1c8,train,https://open-images-dataset.s3.amazonaws.com/train/185f03883af3b1c8.jpg,https://www.flickr.com/photos/ell-r-brown/5441194223,https://creativecommons.org/licenses/by/2.0/,Elliott Brown
185ff692d1e7e34a,train,https://open-images-dataset.s3.amazonaws.com/train/185ff692d1e7e34a.jpg,https://www.flickr.com/photos/fotorita/73215777,https://creativecommons.org/licenses/by/2.0/,Rita M.
18826262e5c685c2,train,https://open-images-dataset.s3.amazonaws.com/train/18826262e5c685c2.jpg,https://www.flickr.com/photos/gastev/4337563250,https://creativecommons.org/licenses/by/2.0/,Mirko Tobias Schäfer
1884b94f04486992,train,https://open-images-dataset.s3.amazonaws.com/train/1884b94f04486992.jpg,https://www.flickr.com/photos/kenarroni/12684967693,https://creativecommons.org/licenses/by/2.0/,Ken M
18856ba1bd53a6e3,train,https://open-images-dataset.s3.amazonaws.com/train/18856ba1bd53a6e3.jpg,https://www.flickr.com/photos/nahemoth/12547101403,https://creativecommons.org/licenses/by/2.0/,=Nahemoth= (absent for a while)
188d4f5ac3381062,train,https://open-images-dataset.s3.amazonaws.com/train/188d4f5ac3381062.jpg,https://www.flickr.com/photos/lisa_yarost/210032647,https://creativecommons.org/licenses/by/2.0/,Lisa Yarost
1890e24e2c1c70f9,train,https://open-images-dataset.s3.amazonaws.com/train/1890e24e2c1c70f9.jpg,https://www.flickr.com/photos/45909111@N00/10883224646,https://creativecommons.org/licenses/by/2.0/,Gwydion M. Williams
18abd084b3382d97,train,https://open-images-dataset.s3.amazonaws.com/train/18abd084b3382d97.jpg,https://www.flickr.com/photos/bilk/2736765748,https://creativecommons.org/licenses/by/2.0/,Leszek Kozlowski
18ba5a9f610b41bc,train,https://open-images-dataset.s3.amazonaws.com/train/18ba5a9f610b41bc.jpg,https://www.flickr.com/photos/triplemimg/7384623288,https://creativecommons.org/licenses/by/2.0/,Muhammad Mansour
18bfbacde1383818,train,https://open-images-dataset.s3.amazonaws.com/train/18bfbacde1383818.jpg,https://www.flickr.com/photos/trondheim_byarkiv/6917796458,https://creativecommons.org/licenses/by/2.0/,Municipal Archives of Trondheim
18d08133c517a9e1,train,https://open-images-dataset.s3.amazonaws.com/train/18d08133c517a9e1.jpg,https://www.flickr.com/photos/panr/4189441353,https://creativecommons.org/licenses/by/2.0/,Robert Cutts
18e47b8139925474,train,https://open-images-dataset.s3.amazonaws.com/train/18e47b8139925474.jpg,https://www.flickr.com/photos/alphalex/20382136139,https://creativecommons.org/licenses/by/2.0/,Alessandro Caneve
18edd129bb741382,train,https://open-images-dataset.s3.amazonaws.com/train/18edd129bb741382.jpg,https://www.flickr.com/photos/conanil/3002838276,https://creativecommons.org/licenses/by/2.0/,Conan
1900833715d9de15,train,https://open-images-dataset.s3.amazonaws.com/train/1900833715d9de15.jpg,https://www.flickr.com/photos/joebielawa/3692998946,https://creativecommons.org/licenses/by/2.0/,Joe Bielawa
190878b1f1d0c25e,train,https://open-images-dataset.s3.amazonaws.com/train/190878b1f1d0c25e.jpg,https://www.flickr.com/photos/eager/7406502282,https://creativecommons.org/licenses/by/2.0/,準建築人手札網站 Forgemind ArchiMedia
190fc3b73ea6798e,train,https://open-images-dataset.s3.amazonaws.com/train/190fc3b73ea6798e.jpg,https://www.flickr.com/photos/trondheim_byarkiv/16051981949,https://creativecommons.org/licenses/by/2.0/,Municipal Archives of Trondheim
1918d770dfbca325,train,https://open-images-dataset.s3.amazonaws.com/train/1918d770dfbca325.jpg,https://www.flickr.com/photos/loestamosgrabando/2083170102,https://creativecommons.org/licenses/by/2.0/,loestamosgrabando
1921fd00261af75c,train,https://open-images-dataset.s3.amazonaws.com/train/1921fd00261af75c.jpg,https://www.flickr.com/photos/ell-r-brown/8723398325,https://creativecommons.org/licenses/by/2.0/,Elliott Brown
1923c0c2d945a5bc,train,https://open-images-dataset.s3.amazonaws.com/train/1923c0c2d945a5bc.jpg,https://www.flickr.com/photos/92682792@N00/4700395835,https://creativecommons.org/licenses/by/2.0/,gravitat-OFF
192ef0284a8a7490,train,https://open-images-dataset.s3.amazonaws.com/train/192ef0284a8a7490.jpg,https://www.flickr.com/photos/27892629@N04/6008329822,https://creativecommons.org/licenses/by/2.0/,Caroline Léna Becker
193d1741d00ce3fe,train,https://open-images-dataset.s3.amazonaws.com/train/193d1741d00ce3fe.jpg,https://www.flickr.com/photos/jries/3409145521,https://creativecommons.org/licenses/by/2.0/,Jean &amp; Nathalie
194145284df7a299,train,https://open-images-dataset.s3.amazonaws.com/train/194145284df7a299.jpg,https://www.flickr.com/photos/moe/165727740,https://creativecommons.org/licenses/by/2.0/,Stephan Mosel
195f89ed0b9a1b02,train,https://open-images-dataset.s3.amazonaws.com/train/195f89ed0b9a1b02.jpg,https://www.flickr.com/photos/gillyberlin/2345432474/,https://creativecommons.org/licenses/by/2.0/,GillyBerlin
1963b2856999e56f,train,https://open-images-dataset.s3.amazonaws.com/train/1963b2856999e56f.jpg,https://www.flickr.com/photos/94693506@N00/442798666,https://creativecommons.org/licenses/by/2.0/,Nina Hale
19684faacf824a50,train,https://open-images-dataset.s3.amazonaws.com/train/19684faacf824a50.jpg,https://www.flickr.com/photos/katiebordner/6746741649,https://creativecommons.org/licenses/by/2.0/,katiebordner
197328ad5638aeda,train,https://open-images-dataset.s3.amazonaws.com/train/197328ad5638aeda.jpg,https://www.flickr.com/photos/roland/383875775,https://creativecommons.org/licenses/by/2.0/,Roland Tanglao
198daa0cb6008996,train,https://open-images-dataset.s3.amazonaws.com/train/198daa0cb6008996.jpg,https://www.flickr.com/photos/edwin11/491287288,https://creativecommons.org/licenses/by/2.0/,edwin.11
19af786524f141f0,train,https://open-images-dataset.s3.amazonaws.com/train/19af786524f141f0.jpg,https://www.flickr.com/photos/37553027@N02/6389755109,https://creativecommons.org/licenses/by/2.0/,Lucy Fisher
19b9a23038b658c8,train,https://open-images-dataset.s3.amazonaws.com/train/19b9a23038b658c8.jpg,https://www.flickr.com/photos/southbeachcars/16683602104,https://creativecommons.org/licenses/by/2.0/,Phillip Pessar
19d020cc3625812c,train,https://open-images-dataset.s3.amazonaws.com/train/19d020cc3625812c.jpg,https://www.flickr.com/photos/ipeguy/7386718012,https://creativecommons.org/licenses/by/2.0/,Jeff Hart
19d7f46d9dd582d7,train,https://open-images-dataset.s3.amazonaws.com/train/19d7f46d9dd582d7.jpg,https://www.flickr.com/photos/23609673@N05/15322625507,https://creativecommons.org/licenses/by/2.0/,Alejandro Zürcher
19d9bacd5c56d05d,train,https://open-images-dataset.s3.amazonaws.com/train/19d9bacd5c56d05d.jpg,https://www.flickr.com/photos/jamiejohn/5747617297,https://creativecommons.org/licenses/by/2.0/,Jamie Davies
19df1f463b313d75,train,https://open-images-dataset.s3.amazonaws.com/train/19df1f463b313d75.jpg,https://www.flickr.com/photos/torsten-behrens/6170555468/,https://creativecommons.org/licenses/by/2.0/,Torsten Behrens
19e1a13ea269c931,train,https://open-images-dataset.s3.amazonaws.com/train/19e1a13ea269c931.jpg,https://www.flickr.com/photos/bmiphone/10035185154,https://creativecommons.org/licenses/by/2.0/,bm.iphone
19e9007336be0400,train,https://open-images-dataset.s3.amazonaws.com/train/19e9007336be0400.jpg,https://www.flickr.com/photos/39965300@N07/14879654860,https://creativecommons.org/licenses/by/2.0/,Mike
19ea8f99e6ba17de,train,https://open-images-dataset.s3.amazonaws.com/train/19ea8f99e6ba17de.jpg,https://www.flickr.com/photos/harlequeen/4204788128,https://creativecommons.org/licenses/by/2.0/,Neil McIntosh
19ee174488ed3691,train,https://open-images-dataset.s3.amazonaws.com/train/19ee174488ed3691.jpg,https://www.flickr.com/photos/rezlab/2400386510/,https://creativecommons.org/licenses/by/2.0/,Greg Balzer
19efbef3344ac1c4,train,https://open-images-dataset.s3.amazonaws.com/train/19efbef3344ac1c4.jpg,https://www.flickr.com/photos/luigi-barone/14331661914,https://creativecommons.org/licenses/by/2.0/,Luigi Barone
19f0bb0376ab6d82,train,https://open-images-dataset.s3.amazonaws.com/train/19f0bb0376ab6d82.jpg,https://www.flickr.com/photos/haijue_pokka/4664860954,https://creativecommons.org/licenses/by/2.0/,haikal Othman
19fd3843a1d9958e,train,https://open-images-dataset.s3.amazonaws.com/train/19fd3843a1d9958e.jpg,https://www.flickr.com/photos/58964293@N00/3860428773,https://creativecommons.org/licenses/by/2.0/,David Miller
1a035d8054b4a915,train,https://open-images-dataset.s3.amazonaws.com/train/1a035d8054b4a915.jpg,https://www.flickr.com/photos/eshank/10738781276,https://creativecommons.org/licenses/by/2.0/,Eshank Sehgal
1a0de11ff19a4bc3,train,https://open-images-dataset.s3.amazonaws.com/train/1a0de11ff19a4bc3.jpg,https://www.flickr.com/photos/rubbermaid/4525784414,https://creativecommons.org/licenses/by/2.0/,Rubbermaid Products
1a166e5fde726ab7,train,https://open-images-dataset.s3.amazonaws.com/train/1a166e5fde726ab7.jpg,https://www.flickr.com/photos/gonmi/8682432725,https://creativecommons.org/licenses/by/2.0/,Nacho
1a1fd8f9355f0298,train,https://open-images-dataset.s3.amazonaws.com/train/1a1fd8f9355f0298.jpg,https://www.flickr.com/photos/erwinrommel/4624521195,https://creativecommons.org/licenses/by/2.0/,Torsten Maue
1a2192efd06462ea,train,https://open-images-dataset.s3.amazonaws.com/train/1a2192efd06462ea.jpg,https://www.flickr.com/photos/32421400@N04/6041175775,https://creativecommons.org/licenses/by/2.0/,Eladio Anxo Fernández Manso
1a260df96d2b31f9,train,https://open-images-dataset.s3.amazonaws.com/train/1a260df96d2b31f9.jpg,https://www.flickr.com/photos/63837784@N08/11571426704,https://creativecommons.org/licenses/by/2.0/,Ohio Redevelopment Projects - ODSA
1a29800305bf1331,train,https://open-images-dataset.s3.amazonaws.com/train/1a29800305bf1331.jpg,https://www.flickr.com/photos/studiospecialplace/2824306697,https://creativecommons.org/licenses/by/2.0/,Michael Herzog
1a3360a53ee1a186,train,https://open-images-dataset.s3.amazonaws.com/train/1a3360a53ee1a186.jpg,https://www.flickr.com/photos/rob-young/8264533086,https://creativecommons.org/licenses/by/2.0/,Rob Young
1a3c106ff64ae13f,train,https://open-images-dataset.s3.amazonaws.com/train/1a3c106ff64ae13f.jpg,https://www.flickr.com/photos/groovysoup/7734074650,https://creativecommons.org/licenses/by/2.0/,Dave Newman
1a3ddf5ea8bbf7ee,train,https://open-images-dataset.s3.amazonaws.com/train/1a3ddf5ea8bbf7ee.jpg,https://www.flickr.com/photos/lordcolus/3947152193,https://creativecommons.org/licenses/by/2.0/,Lordcolus
1a4dc5fd93a9525b,train,https://open-images-dataset.s3.amazonaws.com/train/1a4dc5fd93a9525b.jpg,https://www.flickr.com/photos/27149250@N00/2396416286,https://creativecommons.org/licenses/by/2.0/,CFAGELNYC
1a69495bb7ad0be6,train,https://open-images-dataset.s3.amazonaws.com/train/1a69495bb7ad0be6.jpg,https://www.flickr.com/photos/oclcpar/3619240123/,https://creativecommons.org/licenses/by/2.0/,OCLC Research
1a7c0f61692e04e9,train,https://open-images-dataset.s3.amazonaws.com/train/1a7c0f61692e04e9.jpg,https://www.flickr.com/photos/schmilblick/4802208278,https://creativecommons.org/licenses/by/2.0/,schmilblick
1a7eee3106ea1b0d,train,https://open-images-dataset.s3.amazonaws.com/train/1a7eee3106ea1b0d.jpg,https://www.flickr.com/photos/alfsan/4833261382,https://creativecommons.org/licenses/by/2.0/,kuma chan
1a89d774017a3617,train,https://open-images-dataset.s3.amazonaws.com/train/1a89d774017a3617.jpg,https://www.flickr.com/photos/southbeachcars/14490363403,https://creativecommons.org/licenses/by/2.0/,Phillip Pessar
1a8e51662a62a5f5,train,https://open-images-dataset.s3.amazonaws.com/train/1a8e51662a62a5f5.jpg,https://www.flickr.com/photos/bortescristian/2358557659,https://creativecommons.org/licenses/by/2.0/,Cristian Bortes
1a8ec78a66126322,train,https://open-images-dataset.s3.amazonaws.com/train/1a8ec78a66126322.jpg,https://www.flickr.com/photos/frankieroberto/3396124798,https://creativecommons.org/licenses/by/2.0/,Frankie Roberto
1a92a536ea1083dd,train,https://open-images-dataset.s3.amazonaws.com/train/1a92a536ea1083dd.jpg,https://www.flickr.com/photos/emme-dk/2507483283,https://creativecommons.org/licenses/by/2.0/,Katrine Thielke
1a98a294cbace03c,train,https://open-images-dataset.s3.amazonaws.com/train/1a98a294cbace03c.jpg,https://www.flickr.com/photos/vanceypants/4896087286,https://creativecommons.org/licenses/by/2.0/,vanceypants
1ab02d33966cc194,train,https://open-images-dataset.s3.amazonaws.com/train/1ab02d33966cc194.jpg,https://www.flickr.com/photos/eltb/6151958212,https://creativecommons.org/licenses/by/2.0/,Enrique López-Tamayo Biosca
1ab167834800fdbe,train,https://open-images-dataset.s3.amazonaws.com/train/1ab167834800fdbe.jpg,https://www.flickr.com/photos/tanaka_juuyoh/2468364631,https://creativecommons.org/licenses/by/2.0/,TANAKA Juuyoh (田中十洋)
1ab87e04415864f8,train,https://open-images-dataset.s3.amazonaws.com/train/1ab87e04415864f8.jpg,https://www.flickr.com/photos/kendoerr/7188057743,https://creativecommons.org/licenses/by/2.0/,Ken Doerr
1ac8ae3d14b2acf7,train,https://open-images-dataset.s3.amazonaws.com/train/1ac8ae3d14b2acf7.jpg,https://www.flickr.com/photos/brostad/5939426825,https://creativecommons.org/licenses/by/2.0/,Bernt Rostad
1ac92d4b22aaad00,train,https://open-images-dataset.s3.amazonaws.com/train/1ac92d4b22aaad00.jpg,https://www.flickr.com/photos/ersupalermo/6168852006,https://creativecommons.org/licenses/by/2.0/,ersupalermo
1ad4d7f840031822,train,https://open-images-dataset.s3.amazonaws.com/train/1ad4d7f840031822.jpg,https://www.flickr.com/photos/freecat/427222053,https://creativecommons.org/licenses/by/2.0/,José Antonio Gil Martínez
1ae20e1b61fb2fea,train,https://open-images-dataset.s3.amazonaws.com/train/1ae20e1b61fb2fea.jpg,https://www.flickr.com/photos/cflava/232105634,https://creativecommons.org/licenses/by/2.0/,cheryl flava
1ae48ce441d287f3,train,https://open-images-dataset.s3.amazonaws.com/train/1ae48ce441d287f3.jpg,https://www.flickr.com/photos/walschots/11812306724,https://creativecommons.org/licenses/by/2.0/,Pascal Walschots
1ae7f766a90b46b4,train,https://open-images-dataset.s3.amazonaws.com/train/1ae7f766a90b46b4.jpg,https://www.flickr.com/photos/butterflysha/93361759,https://creativecommons.org/licenses/by/2.0/,fly
1aebfed59c870b63,train,https://open-images-dataset.s3.amazonaws.com/train/1aebfed59c870b63.jpg,https://www.flickr.com/photos/momentfoto/11174073186,https://creativecommons.org/licenses/by/2.0/,Alex Muller
1aff1a221934fb13,train,https://open-images-dataset.s3.amazonaws.com/train/1aff1a221934fb13.jpg,https://www.flickr.com/photos/kyz/11982867,https://creativecommons.org/licenses/by/2.0/,Stuart Caie
1b021a190111c714,train,https://open-images-dataset.s3.amazonaws.com/train/1b021a190111c714.jpg,https://www.flickr.com/photos/14528084@N02/11414213516,https://creativecommons.org/licenses/by/2.0/,Fernando Cordova
1b0799b83550d1bb,train,https://open-images-dataset.s3.amazonaws.com/train/1b0799b83550d1bb.jpg,https://www.flickr.com/photos/danbricklin/14795235185,https://creativecommons.org/licenses/by/2.0/,Dan Bricklin
1b0ec7cadf8015b2,train,https://open-images-dataset.s3.amazonaws.com/train/1b0ec7cadf8015b2.jpg,https://www.flickr.com/photos/bazzadarambler/3965617644,https://creativecommons.org/licenses/by/2.0/,bazzadaramblerimages
1b155fa6cf5d831d,train,https://open-images-dataset.s3.amazonaws.com/train/1b155fa6cf5d831d.jpg,https://www.flickr.com/photos/ell-r-brown/4877314964,https://creativecommons.org/licenses/by/2.0/,Elliott Brown
1b18dd2677e391e8,train,https://open-images-dataset.s3.amazonaws.com/train/1b18dd2677e391e8.jpg,https://www.flickr.com/photos/23024164@N06/4683208755/,https://creativecommons.org/licenses/by/2.0/,Damian Gadal
1b23a50b2c278b6b,train,https://open-images-dataset.s3.amazonaws.com/train/1b23a50b2c278b6b.jpg,https://www.flickr.com/photos/marlondias/5045030488,https://creativecommons.org/licenses/by/2.0/,Marlon Dias
1b2849c2f283f132,train,https://open-images-dataset.s3.amazonaws.com/train/1b2849c2f283f132.jpg,https://www.flickr.com/photos/timwilson/7007833113,https://creativecommons.org/licenses/by/2.0/,Tim Wilson
1b38a0ec773f20bc,train,https://open-images-dataset.s3.amazonaws.com/train/1b38a0ec773f20bc.jpg,https://www.flickr.com/photos/jfanaian/5405382052,https://creativecommons.org/licenses/by/2.0/,Jamal Fanaian
1b3e088749927766,train,https://open-images-dataset.s3.amazonaws.com/train/1b3e088749927766.jpg,https://www.flickr.com/photos/rictor-and-david/8750719209,https://creativecommons.org/licenses/by/2.0/,Rictor Norton  &amp; David Allen
1b4ffeb50315fb7a,train,https://open-images-dataset.s3.amazonaws.com/train/1b4ffeb50315fb7a.jpg,https://www.flickr.com/photos/lazymonkey/293803304,https://creativecommons.org/licenses/by/2.0/,Bess Sadler
1b55a39426148104,train,https://open-images-dataset.s3.amazonaws.com/train/1b55a39426148104.jpg,https://www.flickr.com/photos/ileohidalgo/12330395344,https://creativecommons.org/licenses/by/2.0/,Leo Hidalgo
1b55ebeefe095d4e,train,https://open-images-dataset.s3.amazonaws.com/train/1b55ebeefe095d4e.jpg,https://www.flickr.com/photos/huhezi/16642050091,https://creativecommons.org/licenses/by/2.0/,HUHEZI (Mondragon Unibertsitatea)
1b5fcab5f1dc55db,train,https://open-images-dataset.s3.amazonaws.com/train/1b5fcab5f1dc55db.jpg,https://www.flickr.com/photos/fillmorephotography/293618716,https://creativecommons.org/licenses/by/2.0/,Michael Chen
1b6bcb5558642696,train,https://open-images-dataset.s3.amazonaws.com/train/1b6bcb5558642696.jpg,https://www.flickr.com/photos/kaffeeringe/14437964162,https://creativecommons.org/licenses/by/2.0/,Steffen Voß
1b7d5c5b4de48a46,train,https://open-images-dataset.s3.amazonaws.com/train/1b7d5c5b4de48a46.jpg,https://www.flickr.com/photos/michaeljohnbutton/11671038206,https://creativecommons.org/licenses/by/2.0/,Michael Button
1b7fbe1e229fd9d3,train,https://open-images-dataset.s3.amazonaws.com/train/1b7fbe1e229fd9d3.jpg,https://www.flickr.com/photos/smemon/9556311231,https://creativecommons.org/licenses/by/2.0/,Sean MacEntee
1b83b0a34fb24098,train,https://open-images-dataset.s3.amazonaws.com/train/1b83b0a34fb24098.jpg,https://www.flickr.com/photos/cogdog/5493690229,https://creativecommons.org/licenses/by/2.0/,Alan Levine
1b8ac3dbcd3824c4,train,https://open-images-dataset.s3.amazonaws.com/train/1b8ac3dbcd3824c4.jpg,https://www.flickr.com/photos/18091975@N00/4071317421,https://creativecommons.org/licenses/by/2.0/,Eoin Gardiner
1b9e6900648b1cc3,train,https://open-images-dataset.s3.amazonaws.com/train/1b9e6900648b1cc3.jpg,https://www.flickr.com/photos/cynthiacloskey/3023378431,https://creativecommons.org/licenses/by/2.0/,Cynthia Closkey
1bbb62e560467215,train,https://open-images-dataset.s3.amazonaws.com/train/1bbb62e560467215.jpg,https://www.flickr.com/photos/gonmi/14867595347/,https://creativecommons.org/licenses/by/2.0/,Nacho
1bd132f28fbf38eb,train,https://open-images-dataset.s3.amazonaws.com/train/1bd132f28fbf38eb.jpg,https://www.flickr.com/photos/southbeachcars/4911660492,https://creativecommons.org/licenses/by/2.0/,Phillip Pessar
1be290011d9cb398,train,https://open-images-dataset.s3.amazonaws.com/train/1be290011d9cb398.jpg,https://www.flickr.com/photos/brighton/16031913973,https://creativecommons.org/licenses/by/2.0/,Jim Linwood
1be36518ba775e78,train,https://open-images-dataset.s3.amazonaws.com/train/1be36518ba775e78.jpg,https://www.flickr.com/photos/komunews/15373546157,https://creativecommons.org/licenses/by/2.0/,KOMUnews
1c031b76dd0aeded,train,https://open-images-dataset.s3.amazonaws.com/train/1c031b76dd0aeded.jpg,https://www.flickr.com/photos/mountjoy/9661723943,https://creativecommons.org/licenses/by/2.0/,Jon Mountjoy
1c0bd5259fe81888,train,https://open-images-dataset.s3.amazonaws.com/train/1c0bd5259fe81888.jpg,https://www.flickr.com/photos/corporatienl/16388023221,https://creativecommons.org/licenses/by/2.0/,CorporatieNL
1c0fd2d4f4620c07,train,https://open-images-dataset.s3.amazonaws.com/train/1c0fd2d4f4620c07.jpg,https://www.flickr.com/photos/jfairbairn/389750871,https://creativecommons.org/licenses/by/2.0/,James Fairbairn
1c0fe7b3e0078d70,train,https://open-images-dataset.s3.amazonaws.com/train/1c0fe7b3e0078d70.jpg,https://www.flickr.com/photos/fotoblasete/5647127099/,https://creativecommons.org/licenses/by/2.0/,José Antonio Alonso
1c116556f57bb931,train,https://open-images-dataset.s3.amazonaws.com/train/1c116556f57bb931.jpg,https://www.flickr.com/photos/stevendepolo/1076734073,https://creativecommons.org/licenses/by/2.0/,Steven Depolo
1c1f29b12a2365e8,train,https://open-images-dataset.s3.amazonaws.com/train/1c1f29b12a2365e8.jpg,https://www.flickr.com/photos/wikimapa/6220704249,https://creativecommons.org/licenses/by/2.0/,Wikimapa
1c1f36a53ac75115,train,https://open-images-dataset.s3.amazonaws.com/train/1c1f36a53ac75115.jpg,https://www.flickr.com/photos/faceme/4334398815,https://creativecommons.org/licenses/by/2.0/,FaceMePLS
1c3960e8fe0a50b8,train,https://open-images-dataset.s3.amazonaws.com/train/1c3960e8fe0a50b8.jpg,https://www.flickr.com/photos/bortescristian/3926954140/,https://creativecommons.org/licenses/by/2.0/,Cristian Bortes
1c3b4a9fa6577daa,train,https://open-images-dataset.s3.amazonaws.com/train/1c3b4a9fa6577daa.jpg,https://www.flickr.com/photos/leomei/6971750660,https://creativecommons.org/licenses/by/2.0/,Lin Mei
1c423b83ceac1324,train,https://open-images-dataset.s3.amazonaws.com/train/1c423b83ceac1324.jpg,https://www.flickr.com/photos/dalbera/8150677456,https://creativecommons.org/licenses/by/2.0/,Jean-Pierre Dalbéra
1c4262fcceb0e523,train,https://open-images-dataset.s3.amazonaws.com/train/1c4262fcceb0e523.jpg,https://www.flickr.com/photos/26675187@N03/3279931883,https://creativecommons.org/licenses/by/2.0/,danzil raines
1c443527a9bb27f7,train,https://open-images-dataset.s3.amazonaws.com/train/1c443527a9bb27f7.jpg,https://www.flickr.com/photos/26834393@N04/16520884746,https://creativecommons.org/licenses/by/2.0/,jjandchris
1c4e4d75d9092fc7,train,https://open-images-dataset.s3.amazonaws.com/train/1c4e4d75d9092fc7.jpg,https://www.flickr.com/photos/londonmatt/18233499169,https://creativecommons.org/licenses/by/2.0/,Matt Brown
1c50fdf58640b57b,train,https://open-images-dataset.s3.amazonaws.com/train/1c50fdf58640b57b.jpg,https://www.flickr.com/photos/73416633@N00/298301778,https://creativecommons.org/licenses/by/2.0/,Sandra Cohen-Rose and   Colin Rose
1c663e6f8ae07caa,train,https://open-images-dataset.s3.amazonaws.com/train/1c663e6f8ae07caa.jpg,https://www.flickr.com/photos/tahini/17046590910,https://creativecommons.org/licenses/by/2.0/,Mr Thinktank
1c6ac8cbcdbbb1cd,train,https://open-images-dataset.s3.amazonaws.com/train/1c6ac8cbcdbbb1cd.jpg,https://www.flickr.com/photos/decorativeconcrete/21381584629,https://creativecommons.org/licenses/by/2.0/,Decorative Concrete Kingdom
1c6fbe79b9440d01,train,https://open-images-dataset.s3.amazonaws.com/train/1c6fbe79b9440d01.jpg,https://www.flickr.com/photos/scaredykat/16001422579,https://creativecommons.org/licenses/by/2.0/,Krista
1c729a81e7657801,train,https://open-images-dataset.s3.amazonaws.com/train/1c729a81e7657801.jpg,https://www.flickr.com/photos/diloz/9898884545,https://creativecommons.org/licenses/by/2.0/,Azlan DuPree
1c87fe994ad4ee6b,train,https://open-images-dataset.s3.amazonaws.com/train/1c87fe994ad4ee6b.jpg,https://www.flickr.com/photos/49889874@N05/8291855463,https://creativecommons.org/licenses/by/2.0/,marc falardeau
1c907c1c8439c669,train,https://open-images-dataset.s3.amazonaws.com/train/1c907c1c8439c669.jpg,https://www.flickr.com/photos/gordon_watt/7312864396,https://creativecommons.org/licenses/by/2.0/,Gordon Watt
1c909cede62e1624,train,https://open-images-dataset.s3.amazonaws.com/train/1c909cede62e1624.jpg,https://www.flickr.com/photos/128275472@N07/16783350766/,https://creativecommons.org/licenses/by/2.0/,Raita Futo
1c91fc460094a53f,train,https://open-images-dataset.s3.amazonaws.com/train/1c91fc460094a53f.jpg,https://www.flickr.com/photos/cosimo-roams/4550186302,https://creativecommons.org/licenses/by/2.0/,Cosimo Roams
1c9c07460a72dd69,train,https://open-images-dataset.s3.amazonaws.com/train/1c9c07460a72dd69.jpg,https://www.flickr.com/photos/39908901@N06/7318046614,https://creativecommons.org/licenses/by/2.0/,m01229
1c9ecd2a9e83c932,train,https://open-images-dataset.s3.amazonaws.com/train/1c9ecd2a9e83c932.jpg,https://www.flickr.com/photos/jlastras/2710481594/,https://creativecommons.org/licenses/by/2.0/,Javier Lastras
1ca132ffcf81607a,train,https://open-images-dataset.s3.amazonaws.com/train/1ca132ffcf81607a.jpg,https://www.flickr.com/photos/apreche/232790449,https://creativecommons.org/licenses/by/2.0/,Scott Rubin
1cb4bda7e65a86fb,train,https://open-images-dataset.s3.amazonaws.com/train/1cb4bda7e65a86fb.jpg,https://www.flickr.com/photos/ken_mayer/3637797175,https://creativecommons.org/licenses/by/2.0/,Ken Mayer
1cbc82156579f5dd,train,https://open-images-dataset.s3.amazonaws.com/train/1cbc82156579f5dd.jpg,https://www.flickr.com/photos/blondinrikard/14760723065/,https://creativecommons.org/licenses/by/2.0/,Blondinrikard Fröberg
1cbe010d49efa3be,train,https://open-images-dataset.s3.amazonaws.com/train/1cbe010d49efa3be.jpg,https://www.flickr.com/photos/nnova/3335254225,https://creativecommons.org/licenses/by/2.0/,Nicolas Nova
1cc919e1ed5a71e1,train,https://open-images-dataset.s3.amazonaws.com/train/1cc919e1ed5a71e1.jpg,https://www.flickr.com/photos/tupwanders/1936599117,https://creativecommons.org/licenses/by/2.0/,tup wanders
1ccd10e9526511d0,train,https://open-images-dataset.s3.amazonaws.com/train/1ccd10e9526511d0.jpg,https://www.flickr.com/photos/behdad/20450746,https://creativecommons.org/licenses/by/2.0/,Behdad Esfahbod
1cd53056b2eec0df,train,https://open-images-dataset.s3.amazonaws.com/train/1cd53056b2eec0df.jpg,https://www.flickr.com/photos/ben124/11014191934,https://creativecommons.org/licenses/by/2.0/,Berit Watkin
1ce87bd118ce7ce8,train,https://open-images-dataset.s3.amazonaws.com/train/1ce87bd118ce7ce8.jpg,https://www.flickr.com/photos/eekim/4798347040,https://creativecommons.org/licenses/by/2.0/,Eugene Kim
1d01e2a7bebbb07f,train,https://open-images-dataset.s3.amazonaws.com/train/1d01e2a7bebbb07f.jpg,https://www.flickr.com/photos/kylaborg/11295925766,https://creativecommons.org/licenses/by/2.0/,KylaBorg
1d05f63fa8d0b663,train,https://open-images-dataset.s3.amazonaws.com/train/1d05f63fa8d0b663.jpg,https://www.flickr.com/photos/20940650@N07/10641661435,https://creativecommons.org/licenses/by/2.0/,Geoffrey Rhodes
1d0e6bb123befc16,train,https://open-images-dataset.s3.amazonaws.com/train/1d0e6bb123befc16.jpg,https://www.flickr.com/photos/trondheim_byarkiv/4922968930,https://creativecommons.org/licenses/by/2.0/,Municipal Archives of Trondheim
1d190b833510a89e,train,https://open-images-dataset.s3.amazonaws.com/train/1d190b833510a89e.jpg,https://www.flickr.com/photos/pavdw/4064093937/,https://creativecommons.org/licenses/by/2.0/,Paul VanDerWerf
1d34c160662e21f8,train,https://open-images-dataset.s3.amazonaws.com/train/1d34c160662e21f8.jpg,https://www.flickr.com/photos/herry/5309620826,https://creativecommons.org/licenses/by/2.0/,Herry Lawford
1d351356aae9166d,train,https://open-images-dataset.s3.amazonaws.com/train/1d351356aae9166d.jpg,https://www.flickr.com/photos/gordon_watt/16043026577,https://creativecommons.org/licenses/by/2.0/,Gordon Watt
1d4dfb8c9d7e0855,train,https://open-images-dataset.s3.amazonaws.com/train/1d4dfb8c9d7e0855.jpg,https://www.flickr.com/photos/crdot/7245813350,https://creativecommons.org/licenses/by/2.0/,Caleb Roenigk
1d4ed98c3e40ee5e,train,https://open-images-dataset.s3.amazonaws.com/train/1d4ed98c3e40ee5e.jpg,https://www.flickr.com/photos/washingtoncanard/7780783378,https://creativecommons.org/licenses/by/2.0/,William Beutler
1d6c4b46b2760bf8,train,https://open-images-dataset.s3.amazonaws.com/train/1d6c4b46b2760bf8.jpg,https://www.flickr.com/photos/ulift/19729598598,https://creativecommons.org/licenses/by/2.0/,WEi WEi
1d9fde5535d88224,train,https://open-images-dataset.s3.amazonaws.com/train/1d9fde5535d88224.jpg,https://www.flickr.com/photos/bootbearwdc/215388576,https://creativecommons.org/licenses/by/2.0/,David
1da3e2d76039109b,train,https://open-images-dataset.s3.amazonaws.com/train/1da3e2d76039109b.jpg,https://www.flickr.com/photos/126673529@N02/15038376057,https://creativecommons.org/licenses/by/2.0/,hmmmayor
1daf1be31f383a06,train,https://open-images-dataset.s3.amazonaws.com/train/1daf1be31f383a06.jpg,https://www.flickr.com/photos/uair01/8501376590,https://creativecommons.org/licenses/by/2.0/,P K
1dbd25069c5d5a55,train,https://open-images-dataset.s3.amazonaws.com/train/1dbd25069c5d5a55.jpg,https://www.flickr.com/photos/tahini/11497821986,https://creativecommons.org/licenses/by/2.0/,Mr Thinktank
1dc29a692234829b,train,https://open-images-dataset.s3.amazonaws.com/train/1dc29a692234829b.jpg,https://www.flickr.com/photos/andymag/8740721439,https://creativecommons.org/licenses/by/2.0/,Andy Maguire
1dc89c4dfc048cda,train,https://open-images-dataset.s3.amazonaws.com/train/1dc89c4dfc048cda.jpg,https://www.flickr.com/photos/sandipb/8926850,https://creativecommons.org/licenses/by/2.0/,Sandip Bhattacharya
1dd0ad7c0c11f9f5,train,https://open-images-dataset.s3.amazonaws.com/train/1dd0ad7c0c11f9f5.jpg,https://www.flickr.com/photos/hintsa/12205187486,https://creativecommons.org/licenses/by/2.0/,Mark Hintsa
1dd0f1694a398290,train,https://open-images-dataset.s3.amazonaws.com/train/1dd0f1694a398290.jpg,https://www.flickr.com/photos/freecat/7378736994,https://creativecommons.org/licenses/by/2.0/,José Antonio Gil Martínez
1dd41d099a497005,train,https://open-images-dataset.s3.amazonaws.com/train/1dd41d099a497005.jpg,https://www.flickr.com/photos/84554176@N00/8613305989,https://creativecommons.org/licenses/by/2.0/,Guillaume Baviere
1dd52f2b5fc3b6aa,train,https://open-images-dataset.s3.amazonaws.com/train/1dd52f2b5fc3b6aa.jpg,https://www.flickr.com/photos/rrrtem/7013581583,https://creativecommons.org/licenses/by/2.0/,Zaytsev Artem
1dd909d86b8b5c76,train,https://open-images-dataset.s3.amazonaws.com/train/1dd909d86b8b5c76.jpg,https://www.flickr.com/photos/slashdots/8211400995,https://creativecommons.org/licenses/by/2.0/,Peeranat Thongyotee
1de4c74d4e8a3dfc,train,https://open-images-dataset.s3.amazonaws.com/train/1de4c74d4e8a3dfc.jpg,https://www.flickr.com/photos/flissphil/6866943,https://creativecommons.org/licenses/by/2.0/,Phillip Capper
1de50c462ae44af6,train,https://open-images-dataset.s3.amazonaws.com/train/1de50c462ae44af6.jpg,https://www.flickr.com/photos/cletch/5369784279,https://creativecommons.org/licenses/by/2.0/,Pat (Cletch) Williams
1de95df29dcf825d,train,https://open-images-dataset.s3.amazonaws.com/train/1de95df29dcf825d.jpg,https://www.flickr.com/photos/primejunta/475267906,https://creativecommons.org/licenses/by/2.0/,Petteri Sulonen
1df11071b6842136,train,https://open-images-dataset.s3.amazonaws.com/train/1df11071b6842136.jpg,https://www.flickr.com/photos/marts-pics/3878619098,https://creativecommons.org/licenses/by/2.0/,Martin F
1df1b6cffad3909a,train,https://open-images-dataset.s3.amazonaws.com/train/1df1b6cffad3909a.jpg,https://www.flickr.com/photos/joshdubya/4146342364,https://creativecommons.org/licenses/by/2.0/,josh
1df57b811575ee9d,train,https://open-images-dataset.s3.amazonaws.com/train/1df57b811575ee9d.jpg,https://www.flickr.com/photos/degu_andre/5451639472,https://creativecommons.org/licenses/by/2.0/,André Gustavo Stumpf
1df681b2e937bc0b,train,https://open-images-dataset.s3.amazonaws.com/train/1df681b2e937bc0b.jpg,https://www.flickr.com/photos/biscotte/11685723353/,https://creativecommons.org/licenses/by/2.0/,sophie &amp; cie
1e066fd6da32807c,train,https://open-images-dataset.s3.amazonaws.com/train/1e066fd6da32807c.jpg,https://www.flickr.com/photos/eager/13599967414,https://creativecommons.org/licenses/by/2.0/,準建築人手札網站 Forgemind ArchiMedia
1e0e44af644da651,train,https://open-images-dataset.s3.amazonaws.com/train/1e0e44af644da651.jpg,https://www.flickr.com/photos/lisajocook/3010018087,https://creativecommons.org/licenses/by/2.0/,Lisa Cook
1e216b6c12d0d9b0,train,https://open-images-dataset.s3.amazonaws.com/train/1e216b6c12d0d9b0.jpg,https://www.flickr.com/photos/oregondot/5531974751,https://creativecommons.org/licenses/by/2.0/,Oregon Department of Transportation
1e230e230b97cf4d,train,https://open-images-dataset.s3.amazonaws.com/train/1e230e230b97cf4d.jpg,https://www.flickr.com/photos/126467405@N07/14784848405,https://creativecommons.org/licenses/by/2.0/,Jana Svarova
1e2566890acb4584,train,https://open-images-dataset.s3.amazonaws.com/train/1e2566890acb4584.jpg,https://www.flickr.com/photos/100308777@N07/9624943292,https://creativecommons.org/licenses/by/2.0/,Tom Babich
1e35d1d116d81e30,train,https://open-images-dataset.s3.amazonaws.com/train/1e35d1d116d81e30.jpg,https://www.flickr.com/photos/16782093@N03/10351610855,https://creativecommons.org/licenses/by/2.0/,Metro Centric
1e3af28a953e355d,train,https://open-images-dataset.s3.amazonaws.com/train/1e3af28a953e355d.jpg,https://www.flickr.com/photos/63837784@N08/16315252249,https://creativecommons.org/licenses/by/2.0/,Ohio Redevelopment Projects - ODSA
1e3fcc5778b50b05,train,https://open-images-dataset.s3.amazonaws.com/train/1e3fcc5778b50b05.jpg,https://www.flickr.com/photos/colecamplese/12235639645,https://creativecommons.org/licenses/by/2.0/,Cole Camplese
1e491a24262e1d75,train,https://open-images-dataset.s3.amazonaws.com/train/1e491a24262e1d75.jpg,https://www.flickr.com/photos/76767740@N08/12119045284,https://creativecommons.org/licenses/by/2.0/,Curtis Abert
1e5e2064fdce5b48,train,https://open-images-dataset.s3.amazonaws.com/train/1e5e2064fdce5b48.jpg,https://www.flickr.com/photos/luigi_and_linda/15616895096,https://creativecommons.org/licenses/by/2.0/,Luigi Guarino
1e8259c8bbd33b43,train,https://open-images-dataset.s3.amazonaws.com/train/1e8259c8bbd33b43.jpg,https://www.flickr.com/photos/harshlight/15024821322,https://creativecommons.org/licenses/by/2.0/,HarshLight
1e8860421ad11f99,train,https://open-images-dataset.s3.amazonaws.com/train/1e8860421ad11f99.jpg,https://www.flickr.com/photos/lorenkerns/10649123143,https://creativecommons.org/licenses/by/2.0/,Loren Kerns
1ea7ef65fe68e2de,train,https://open-images-dataset.s3.amazonaws.com/train/1ea7ef65fe68e2de.jpg,https://www.flickr.com/photos/sparklig/5803362275,https://creativecommons.org/licenses/by/2.0/,sprklg
1eab898c096ad01c,train,https://open-images-dataset.s3.amazonaws.com/train/1eab898c096ad01c.jpg,https://www.flickr.com/photos/victoriophoto/5418754312,https://creativecommons.org/licenses/by/2.0/,Victório Almeida
1eae244970a7460a,train,https://open-images-dataset.s3.amazonaws.com/train/1eae244970a7460a.jpg,https://www.flickr.com/photos/eager/7624329376,https://creativecommons.org/licenses/by/2.0/,準建築人手札網站 Forgemind ArchiMedia
1eb5f6491ebb9949,train,https://open-images-dataset.s3.amazonaws.com/train/1eb5f6491ebb9949.jpg,https://www.flickr.com/photos/toprankblog/10573468774,https://creativecommons.org/licenses/by/2.0/,TopRank Online Marketing
1eb81be89f6a9989,train,https://open-images-dataset.s3.amazonaws.com/train/1eb81be89f6a9989.jpg,https://www.flickr.com/photos/fabiogrison/12070832626,https://creativecommons.org/licenses/by/2.0/,Fábio Grison
1eb9d5e521c15e5a,train,https://open-images-dataset.s3.amazonaws.com/train/1eb9d5e521c15e5a.jpg,https://www.flickr.com/photos/rusty_clark/6858102646,https://creativecommons.org/licenses/by/2.0/,Rusty Clark - On the Air M-F 8am-noon
1ebaf27d19e67237,train,https://open-images-dataset.s3.amazonaws.com/train/1ebaf27d19e67237.jpg,https://www.flickr.com/photos/topsteph53/19212142146,https://creativecommons.org/licenses/by/2.0/,Stephane Mignon
1ebb4c643d29d46b,train,https://open-images-dataset.s3.amazonaws.com/train/1ebb4c643d29d46b.jpg,https://www.flickr.com/photos/freelancerallent/16639887523,https://creativecommons.org/licenses/by/2.0/,Tang Allen
1ebd8a6d5951e7f6,train,https://open-images-dataset.s3.amazonaws.com/train/1ebd8a6d5951e7f6.jpg,https://www.flickr.com/photos/brood_wich/5378670428,https://creativecommons.org/licenses/by/2.0/,Brood_wich
1ec34d5d38b994d1,train,https://open-images-dataset.s3.amazonaws.com/train/1ec34d5d38b994d1.jpg,https://www.flickr.com/photos/interzone00/2047365480,https://creativecommons.org/licenses/by/2.0/,OTTAVI Alain
1ec73cb9951dcf58,train,https://open-images-dataset.s3.amazonaws.com/train/1ec73cb9951dcf58.jpg,https://www.flickr.com/photos/lourdes_fisio/16306543510,https://creativecommons.org/licenses/by/2.0/,Lou Haach
1ec9f08d0373eaaa,train,https://open-images-dataset.s3.amazonaws.com/train/1ec9f08d0373eaaa.jpg,https://www.flickr.com/photos/zapthedingbat/5532281368,https://creativecommons.org/licenses/by/2.0/,Sam Greenhalgh
1ede63d9ade0d016,train,https://open-images-dataset.s3.amazonaws.com/train/1ede63d9ade0d016.jpg,https://www.flickr.com/photos/creative_stock/3423115132,https://creativecommons.org/licenses/by/2.0/,Creativity103
1edeb46a8c15497a,train,https://open-images-dataset.s3.amazonaws.com/train/1edeb46a8c15497a.jpg,https://www.flickr.com/photos/24763767@N03/4445637323,https://creativecommons.org/licenses/by/2.0/,Ben Freedman
1f206e0f48a4833d,train,https://open-images-dataset.s3.amazonaws.com/train/1f206e0f48a4833d.jpg,https://www.flickr.com/photos/cthulhuwho1/3828225415,https://creativecommons.org/licenses/by/2.0/,Will Hart
1f256e3103c07cb5,train,https://open-images-dataset.s3.amazonaws.com/train/1f256e3103c07cb5.jpg,https://www.flickr.com/photos/dbgg1979/3475599578,https://creativecommons.org/licenses/by/2.0/,dbgg1979
1f272d77b4e54067,train,https://open-images-dataset.s3.amazonaws.com/train/1f272d77b4e54067.jpg,https://www.flickr.com/photos/dsf/7982346,https://creativecommons.org/licenses/by/2.0/,Darren Foreman
1f2f69ec821d8ef3,train,https://open-images-dataset.s3.amazonaws.com/train/1f2f69ec821d8ef3.jpg,https://www.flickr.com/photos/robbophotos/5271003159,https://creativecommons.org/licenses/by/2.0/,John Robinson
1f403daa6382eaca,train,https://open-images-dataset.s3.amazonaws.com/train/1f403daa6382eaca.jpg,https://www.flickr.com/photos/martin_nikolaj/5628906318,https://creativecommons.org/licenses/by/2.0/,Martin Nikolaj Christensen
1f455fbe10bdf269,train,https://open-images-dataset.s3.amazonaws.com/train/1f455fbe10bdf269.jpg,https://www.flickr.com/photos/paulkelley/9519099485,https://creativecommons.org/licenses/by/2.0/,Paul Kelley
1f461c79d805027c,train,https://open-images-dataset.s3.amazonaws.com/train/1f461c79d805027c.jpg,https://www.flickr.com/photos/fanofretail/11788153355,https://creativecommons.org/licenses/by/2.0/,Nicholas Eckhart
1f5645121f7464e2,train,https://open-images-dataset.s3.amazonaws.com/train/1f5645121f7464e2.jpg,https://www.flickr.com/photos/respenda/8251108106,https://creativecommons.org/licenses/by/2.0/,Miguel Ángel García.
1f57e902808b8281,train,https://open-images-dataset.s3.amazonaws.com/train/1f57e902808b8281.jpg,https://www.flickr.com/photos/kellypuffs/8438501967,https://creativecommons.org/licenses/by/2.0/,kellypuffs
1f61dbe085c65989,train,https://open-images-dataset.s3.amazonaws.com/train/1f61dbe085c65989.jpg,https://www.flickr.com/photos/tracyelaine/3265315284/,https://creativecommons.org/licenses/by/2.0/,TracyElaine
1f647beb9b965e49,train,https://open-images-dataset.s3.amazonaws.com/train/1f647beb9b965e49.jpg,https://www.flickr.com/photos/maximeraphael/14909990329,https://creativecommons.org/licenses/by/2.0/,Maxime Raphael
1f6ad4f00ad11801,train,https://open-images-dataset.s3.amazonaws.com/train/1f6ad4f00ad11801.jpg,https://www.flickr.com/photos/oimax/171976731,https://creativecommons.org/licenses/by/2.0/,OiMax
1f6b4707f200c65e,train,https://open-images-dataset.s3.amazonaws.com/train/1f6b4707f200c65e.jpg,https://www.flickr.com/photos/mlazarow/9672981404/,https://creativecommons.org/licenses/by/2.0/,Melanie Lazarow
1f7640086fc10dcc,train,https://open-images-dataset.s3.amazonaws.com/train/1f7640086fc10dcc.jpg,https://www.flickr.com/photos/75662964@N00/14351707133,https://creativecommons.org/licenses/by/2.0/,Doc
1f79f50dbd308162,train,https://open-images-dataset.s3.amazonaws.com/train/1f79f50dbd308162.jpg,https://www.flickr.com/photos/michaeljohnbutton/8674791005,https://creativecommons.org/licenses/by/2.0/,Michael Button
1f7c37b0a576026d,train,https://open-images-dataset.s3.amazonaws.com/train/1f7c37b0a576026d.jpg,https://www.flickr.com/photos/denise_mayumi/5331864228,https://creativecommons.org/licenses/by/2.0/,Denise Mayumi
1f7e03df1f76fbfd,train,https://open-images-dataset.s3.amazonaws.com/train/1f7e03df1f76fbfd.jpg,https://www.flickr.com/photos/camay/10223910786,https://creativecommons.org/licenses/by/2.0/,camay
1f9e6399933dd690,train,https://open-images-dataset.s3.amazonaws.com/train/1f9e6399933dd690.jpg,https://www.flickr.com/photos/oldrebel/5291496625,https://creativecommons.org/licenses/by/2.0/,Donald Lee Pardue
1fa5487482d67837,train,https://open-images-dataset.s3.amazonaws.com/train/1fa5487482d67837.jpg,https://www.flickr.com/photos/neshuma/4511169453,https://creativecommons.org/licenses/by/2.0/,Daviddje
1fc0a12e6edee7d5,train,https://open-images-dataset.s3.amazonaws.com/train/1fc0a12e6edee7d5.jpg,https://www.flickr.com/photos/stebulus/5048444659,https://creativecommons.org/licenses/by/2.0/,Steven Taschuk
1fc6ad43a822f48e,train,https://open-images-dataset.s3.amazonaws.com/train/1fc6ad43a822f48e.jpg,https://www.flickr.com/photos/frugan/442366147,https://creativecommons.org/licenses/by/2.0/,Frugan
1fe66fc34d78c588,train,https://open-images-dataset.s3.amazonaws.com/train/1fe66fc34d78c588.jpg,https://www.flickr.com/photos/arenamontanus/2292257224,https://creativecommons.org/licenses/by/2.0/,Anders Sandberg
1fe94f71f500036e,train,https://open-images-dataset.s3.amazonaws.com/train/1fe94f71f500036e.jpg,https://www.flickr.com/photos/arenamontanus/3101343470,https://creativecommons.org/licenses/by/2.0/,Anders Sandberg
1fefe03698bcd6f2,train,https://open-images-dataset.s3.amazonaws.com/train/1fefe03698bcd6f2.jpg,https://www.flickr.com/photos/vannispen/16636095726,https://creativecommons.org/licenses/by/2.0/,Guido van Nispen
1ff3d87a1125009e,train,https://open-images-dataset.s3.amazonaws.com/train/1ff3d87a1125009e.jpg,https://www.flickr.com/photos/hsabetto/8691601888,https://creativecommons.org/licenses/by/2.0/,Hirotomo.SABETTO
1ffb203f5213cfae,train,https://open-images-dataset.s3.amazonaws.com/train/1ffb203f5213cfae.jpg,https://www.flickr.com/photos/grongar/181853973,https://creativecommons.org/licenses/by/2.0/,Rebecca Siegel
1fff4c4ed41b344f,train,https://open-images-dataset.s3.amazonaws.com/train/1fff4c4ed41b344f.jpg,https://www.flickr.com/photos/ell-r-brown/3826147874,https://creativecommons.org/licenses/by/2.0/,Elliott Brown
201fdbac4a6c73d1,train,https://open-images-dataset.s3.amazonaws.com/train/201fdbac4a6c73d1.jpg,https://www.flickr.com/photos/pixelchecker/8214673642,https://creativecommons.org/licenses/by/2.0/,pixelchecker
203036f4126d769d,train,https://open-images-dataset.s3.amazonaws.com/train/203036f4126d769d.jpg,https://www.flickr.com/photos/chiaramarra/490338653,https://creativecommons.org/licenses/by/2.0/,Chiara Marra
203e049c897ee2bf,train,https://open-images-dataset.s3.amazonaws.com/train/203e049c897ee2bf.jpg,https://www.flickr.com/photos/dalbera/10679527044,https://creativecommons.org/licenses/by/2.0/,Jean-Pierre Dalbéra
2041f2e2fcfb33b0,train,https://open-images-dataset.s3.amazonaws.com/train/2041f2e2fcfb33b0.jpg,https://www.flickr.com/photos/markusspiske/15788737332,https://creativecommons.org/licenses/by/2.0/,Markus Spiske
20485139e526d5b4,train,https://open-images-dataset.s3.amazonaws.com/train/20485139e526d5b4.jpg,https://www.flickr.com/photos/31591736@N07/15158819960,https://creativecommons.org/licenses/by/2.0/,Flckr Photo Display
20537de9e73061b3,train,https://open-images-dataset.s3.amazonaws.com/train/20537de9e73061b3.jpg,https://www.flickr.com/photos/robertlylebolton/9279047821/,https://creativecommons.org/licenses/by/2.0/,Robert Lyle Bolton
2060c66873a8df5d,train,https://open-images-dataset.s3.amazonaws.com/train/2060c66873a8df5d.jpg,https://www.flickr.com/photos/bonnerlibrary/3710543534/,https://creativecommons.org/licenses/by/2.0/,Bonner Springs Library
20653d118f601e28,train,https://open-images-dataset.s3.amazonaws.com/train/20653d118f601e28.jpg,https://www.flickr.com/photos/dantaylor/17331101902,https://creativecommons.org/licenses/by/2.0/,Dan Taylor-Watt
206896d4d8a5297f,train,https://open-images-dataset.s3.amazonaws.com/train/206896d4d8a5297f.jpg,https://www.flickr.com/photos/hutchike/460785486,https://creativecommons.org/licenses/by/2.0/,Kevin Hutchinson
20710d454bac41ef,train,https://open-images-dataset.s3.amazonaws.com/train/20710d454bac41ef.jpg,https://www.flickr.com/photos/_yuki_k_/5085427301,https://creativecommons.org/licenses/by/2.0/,Masayuki (Yuki) Kawagishi
209515fc67204ffc,train,https://open-images-dataset.s3.amazonaws.com/train/209515fc67204ffc.jpg,https://www.flickr.com/photos/lachlanhardy/10697632813,https://creativecommons.org/licenses/by/2.0/,Lachlan Hardy
209c444ad841b5f5,train,https://open-images-dataset.s3.amazonaws.com/train/209c444ad841b5f5.jpg,https://www.flickr.com/photos/109249103@N05/12120883734,https://creativecommons.org/licenses/by/2.0/,outreachr.com
209d61ea94ce8985,train,https://open-images-dataset.s3.amazonaws.com/train/209d61ea94ce8985.jpg,https://www.flickr.com/photos/sergejf/8707985634,https://creativecommons.org/licenses/by/2.0/,sergejf
20a301c4b2e518e6,train,https://open-images-dataset.s3.amazonaws.com/train/20a301c4b2e518e6.jpg,https://www.flickr.com/photos/viaggioroutard/17980905311,https://creativecommons.org/licenses/by/2.0/,Viaggio Routard
20c098e1aeefe55d,train,https://open-images-dataset.s3.amazonaws.com/train/20c098e1aeefe55d.jpg,https://www.flickr.com/photos/mkepto/20695130001,https://creativecommons.org/licenses/by/2.0/,Jean-christophe Bruneau
20cd554f083786a6,train,https://open-images-dataset.s3.amazonaws.com/train/20cd554f083786a6.jpg,https://www.flickr.com/photos/jerryluo0520/5524945925/,https://creativecommons.org/licenses/by/2.0/,Jerry Luo
20d67adade9e6cd4,train,https://open-images-dataset.s3.amazonaws.com/train/20d67adade9e6cd4.jpg,https://www.flickr.com/photos/darioalvarez/9483634623,https://creativecommons.org/licenses/by/2.0/,Dario Alvarez
20e6da78ac2bb595,train,https://open-images-dataset.s3.amazonaws.com/train/20e6da78ac2bb595.jpg,https://www.flickr.com/photos/gonmi/8746779009,https://creativecommons.org/licenses/by/2.0/,Nacho
20f1b0fac8e23657,train,https://open-images-dataset.s3.amazonaws.com/train/20f1b0fac8e23657.jpg,https://www.flickr.com/photos/annak/5618632576,https://creativecommons.org/licenses/by/2.0/,Anna
20f36bc63eebcd1d,train,https://open-images-dataset.s3.amazonaws.com/train/20f36bc63eebcd1d.jpg,https://www.flickr.com/photos/tracyhunter/107897988,https://creativecommons.org/licenses/by/2.0/,Tracy Hunter
2100b6e47c61a129,train,https://open-images-dataset.s3.amazonaws.com/train/2100b6e47c61a129.jpg,https://www.flickr.com/photos/andyatzert/16118000683,https://creativecommons.org/licenses/by/2.0/,Andy Atzert
210a0f1af20b7255,train,https://open-images-dataset.s3.amazonaws.com/train/210a0f1af20b7255.jpg,https://www.flickr.com/photos/kirstenloza/4849437111,https://creativecommons.org/licenses/by/2.0/,Kirsten Loza
211978a7eada000c,train,https://open-images-dataset.s3.amazonaws.com/train/211978a7eada000c.jpg,https://www.flickr.com/photos/pasa/4672001451,https://creativecommons.org/licenses/by/2.0/,Paul Sableman
211cb3ccecc8d216,train,https://open-images-dataset.s3.amazonaws.com/train/211cb3ccecc8d216.jpg,https://www.flickr.com/photos/11581993@N06/1141313680,https://creativecommons.org/licenses/by/2.0/,Ellen Trane Nørby
21259720d191d9c2,train,https://open-images-dataset.s3.amazonaws.com/train/21259720d191d9c2.jpg,https://www.flickr.com/photos/usdagov/15157719833,https://creativecommons.org/licenses/by/2.0/,U.S. Department of Agriculture
2126754e6bd09c14,train,https://open-images-dataset.s3.amazonaws.com/train/2126754e6bd09c14.jpg,https://www.flickr.com/photos/johnloo/10118652905,https://creativecommons.org/licenses/by/2.0/,John Loo
21291a97e97162bb,train,https://open-images-dataset.s3.amazonaws.com/train/21291a97e97162bb.jpg,https://www.flickr.com/photos/moverelbigote/6459435183,https://creativecommons.org/licenses/by/2.0/,Mover el Bigote
213a8b69c74dced2,train,https://open-images-dataset.s3.amazonaws.com/train/213a8b69c74dced2.jpg,https://www.flickr.com/photos/reibai/4689953254,https://creativecommons.org/licenses/by/2.0/,reibai
214f89bd132457eb,train,https://open-images-dataset.s3.amazonaws.com/train/214f89bd132457eb.jpg,https://www.flickr.com/photos/anonymouscollective/8274679551,https://creativecommons.org/licenses/by/2.0/,Anonymous Account
215fd81c02f2d833,train,https://open-images-dataset.s3.amazonaws.com/train/215fd81c02f2d833.jpg,https://www.flickr.com/photos/mattmurf/1284019033,https://creativecommons.org/licenses/by/2.0/,Matt Murphy
21635b1fb5a52818,train,https://open-images-dataset.s3.amazonaws.com/train/21635b1fb5a52818.jpg,https://www.flickr.com/photos/hinnosaar/4472974499,https://creativecommons.org/licenses/by/2.0/,Marit &amp; Toomas Hinnosaar
216e880b2404187b,train,https://open-images-dataset.s3.amazonaws.com/train/216e880b2404187b.jpg,https://www.flickr.com/photos/69965207@N03/6520101021,https://creativecommons.org/licenses/by/2.0/,Balmain
2174e7e2f2341747,train,https://open-images-dataset.s3.amazonaws.com/train/2174e7e2f2341747.jpg,https://www.flickr.com/photos/nicole_beauchamp/5458161667,https://creativecommons.org/licenses/by/2.0/,Nicole  Beauchamp
217d6443ebaa0691,train,https://open-images-dataset.s3.amazonaws.com/train/217d6443ebaa0691.jpg,https://www.flickr.com/photos/faircompanies/20436354855,https://creativecommons.org/licenses/by/2.0/,Nicolás Boullosa
2185cdae7bb1d0ce,train,https://open-images-dataset.s3.amazonaws.com/train/2185cdae7bb1d0ce.jpg,https://www.flickr.com/photos/tareqsalahuddin/2869454983,https://creativecommons.org/licenses/by/2.0/,Tareq Salahuddin
21919aee715687b6,train,https://open-images-dataset.s3.amazonaws.com/train/21919aee715687b6.jpg,https://www.flickr.com/photos/infrogmation/3215852450,https://creativecommons.org/licenses/by/2.0/,Infrogmation of New Orleans
2197c0ceecc191cf,train,https://open-images-dataset.s3.amazonaws.com/train/2197c0ceecc191cf.jpg,https://www.flickr.com/photos/brandonbandy/16738356045,https://creativecommons.org/licenses/by/2.0/,Brandon Bandy
219fcc1aae5bf5bb,train,https://open-images-dataset.s3.amazonaws.com/train/219fcc1aae5bf5bb.jpg,https://www.flickr.com/photos/weather-systems/16565795812,https://creativecommons.org/licenses/by/2.0/,weather-systems
21ae28e1ccd4277a,train,https://open-images-dataset.s3.amazonaws.com/train/21ae28e1ccd4277a.jpg,https://www.flickr.com/photos/eager/5140904925,https://creativecommons.org/licenses/by/2.0/,準建築人手札網站 Forgemind ArchiMedia
21b93636cb33a46b,train,https://open-images-dataset.s3.amazonaws.com/train/21b93636cb33a46b.jpg,https://www.flickr.com/photos/edkohler/4218701905,https://creativecommons.org/licenses/by/2.0/,edkohler
21bd05ea8b6e272a,train,https://open-images-dataset.s3.amazonaws.com/train/21bd05ea8b6e272a.jpg,https://www.flickr.com/photos/vastateparksstaff/14984539309,https://creativecommons.org/licenses/by/2.0/,Virginia State Parks
21c62aa00d944c69,train,https://open-images-dataset.s3.amazonaws.com/train/21c62aa00d944c69.jpg,https://www.flickr.com/photos/viewfrom52/4984709032,https://creativecommons.org/licenses/by/2.0/,Mandy Goldberg
21cb06f6cce5cea7,train,https://open-images-dataset.s3.amazonaws.com/train/21cb06f6cce5cea7.jpg,https://www.flickr.com/photos/antmoose/24508794,https://creativecommons.org/licenses/by/2.0/,Anthony Majanlahti
21cd30a2acc70fbe,train,https://open-images-dataset.s3.amazonaws.com/train/21cd30a2acc70fbe.jpg,https://www.flickr.com/photos/netpalantir/2564598453,https://creativecommons.org/licenses/by/2.0/,netpalantir
21d158c677acbf03,train,https://open-images-dataset.s3.amazonaws.com/train/21d158c677acbf03.jpg,https://www.flickr.com/photos/ronalmog/697713472,https://creativecommons.org/licenses/by/2.0/,RonAlmog
21e893ea4b890fa1,train,https://open-images-dataset.s3.amazonaws.com/train/21e893ea4b890fa1.jpg,https://www.flickr.com/photos/fibonacciblue/6227391690,https://creativecommons.org/licenses/by/2.0/,Fibonacci Blue
21ea5f96eece9b1a,train,https://open-images-dataset.s3.amazonaws.com/train/21ea5f96eece9b1a.jpg,https://www.flickr.com/photos/shadowgate/15872087898,https://creativecommons.org/licenses/by/2.0/,Shadowgate
21f0dc60b01a8340,train,https://open-images-dataset.s3.amazonaws.com/train/21f0dc60b01a8340.jpg,https://www.flickr.com/photos/12986848@N00/3137979567,https://creativecommons.org/licenses/by/2.0/,Robynne Blume
21f21eda8238ab78,train,https://open-images-dataset.s3.amazonaws.com/train/21f21eda8238ab78.jpg,https://www.flickr.com/photos/38607288@N03/4088458720/,https://creativecommons.org/licenses/by/2.0/,EURIST e.V.
21f99a9cab26f268,train,https://open-images-dataset.s3.amazonaws.com/train/21f99a9cab26f268.jpg,https://www.flickr.com/photos/eekim/6375177693,https://creativecommons.org/licenses/by/2.0/,Eugene Kim
21ff75d18f528e56,train,https://open-images-dataset.s3.amazonaws.com/train/21ff75d18f528e56.jpg,https://www.flickr.com/photos/ell-r-brown/4923913829/,https://creativecommons.org/licenses/by/2.0/,Elliott Brown
2200bcee9804f42f,train,https://open-images-dataset.s3.amazonaws.com/train/2200bcee9804f42f.jpg,https://www.flickr.com/photos/welix/5030458623,https://creativecommons.org/licenses/by/2.0/,Weli&#x27;mi&#x27;nakwan
2201cd915d5408d7,train,https://open-images-dataset.s3.amazonaws.com/train/2201cd915d5408d7.jpg,https://www.flickr.com/photos/markdoliner/8431123867,https://creativecommons.org/licenses/by/2.0/,Mark Doliner
221cde17211ae4ac,train,https://open-images-dataset.s3.amazonaws.com/train/221cde17211ae4ac.jpg,https://www.flickr.com/photos/sydneyhistory/6787436213,https://creativecommons.org/licenses/by/2.0/,Governor Macquarie
221d545ea9489efc,train,https://open-images-dataset.s3.amazonaws.com/train/221d545ea9489efc.jpg,https://www.flickr.com/photos/teddysphotos/5222540088,https://creativecommons.org/licenses/by/2.0/,Ted Hodges
221e68dffc5ab46a,train,https://open-images-dataset.s3.amazonaws.com/train/221e68dffc5ab46a.jpg,https://www.flickr.com/photos/coreforce/4272032277,https://creativecommons.org/licenses/by/2.0/,Falk Lademann
223460ae1167464f,train,https://open-images-dataset.s3.amazonaws.com/train/223460ae1167464f.jpg,https://www.flickr.com/photos/ptwo/17189776782,https://creativecommons.org/licenses/by/2.0/,ptwo
22481cb38a5cceb2,train,https://open-images-dataset.s3.amazonaws.com/train/22481cb38a5cceb2.jpg,https://www.flickr.com/photos/51195110@N00/8181386242,https://creativecommons.org/licenses/by/2.0/,Steve
22535e27984e0e54,train,https://open-images-dataset.s3.amazonaws.com/train/22535e27984e0e54.jpg,https://www.flickr.com/photos/tylerhoff/5253107695,https://creativecommons.org/licenses/by/2.0/,tylerhoff
22580fd179111c93,train,https://open-images-dataset.s3.amazonaws.com/train/22580fd179111c93.jpg,https://www.flickr.com/photos/gonmi/9537751884,https://creativecommons.org/licenses/by/2.0/,Nacho
2259fde64e034d5a,train,https://open-images-dataset.s3.amazonaws.com/train/2259fde64e034d5a.jpg,https://www.flickr.com/photos/rahulshah/4573714709,https://creativecommons.org/licenses/by/2.0/,Rahul shah
225ebb0dd92f300e,train,https://open-images-dataset.s3.amazonaws.com/train/225ebb0dd92f300e.jpg,https://www.flickr.com/photos/tommypayne/8487303129,https://creativecommons.org/licenses/by/2.0/,tommypjr
226651f9553e7f1f,train,https://open-images-dataset.s3.amazonaws.com/train/226651f9553e7f1f.jpg,https://www.flickr.com/photos/antoniolana/5760820951,https://creativecommons.org/licenses/by/2.0/,Antonio Lana Dïaz de Espada
226703f97d26058e,train,https://open-images-dataset.s3.amazonaws.com/train/226703f97d26058e.jpg,https://www.flickr.com/photos/tinfoilraccoon/269273802,https://creativecommons.org/licenses/by/2.0/,rochelle hartman
22676bfe4605c8d7,train,https://open-images-dataset.s3.amazonaws.com/train/22676bfe4605c8d7.jpg,https://www.flickr.com/photos/deanmeyers/4466476913,https://creativecommons.org/licenses/by/2.0/,Dean Meyers
2287e91d35a725fe,train,https://open-images-dataset.s3.amazonaws.com/train/2287e91d35a725fe.jpg,https://www.flickr.com/photos/infrogmation/6705081957,https://creativecommons.org/licenses/by/2.0/,Infrogmation of New Orleans
228ada236c685319,train,https://open-images-dataset.s3.amazonaws.com/train/228ada236c685319.jpg,https://www.flickr.com/photos/ell-r-brown/4197671703,https://creativecommons.org/licenses/by/2.0/,Elliott Brown
22bf0dbaa85e67aa,train,https://open-images-dataset.s3.amazonaws.com/train/22bf0dbaa85e67aa.jpg,https://www.flickr.com/photos/strelitzia/286696422,https://creativecommons.org/licenses/by/2.0/,strelitzia ---
22bfb3a379fa8f3e,train,https://open-images-dataset.s3.amazonaws.com/train/22bfb3a379fa8f3e.jpg,https://www.flickr.com/photos/13514463@N06/14503851456,https://creativecommons.org/licenses/by/2.0/,Ley
22cd35d4f2f64913,train,https://open-images-dataset.s3.amazonaws.com/train/22cd35d4f2f64913.jpg,https://www.flickr.com/photos/parisonponce/9409238103,https://creativecommons.org/licenses/by/2.0/,Paris on Ponce &amp; Le Maison Rouge
22cd8997a1421ae8,train,https://open-images-dataset.s3.amazonaws.com/train/22cd8997a1421ae8.jpg,https://www.flickr.com/photos/nahemoth/14219075911,https://creativecommons.org/licenses/by/2.0/,=Nahemoth= (absent for a while)
22e1b3b5473b60a8,train,https://open-images-dataset.s3.amazonaws.com/train/22e1b3b5473b60a8.jpg,https://www.flickr.com/photos/jametiks/5996124654,https://creativecommons.org/licenses/by/2.0/,James
22eefbc60a3cc2aa,train,https://open-images-dataset.s3.amazonaws.com/train/22eefbc60a3cc2aa.jpg,https://www.flickr.com/photos/jeremylevinedesign/2815638056,https://creativecommons.org/licenses/by/2.0/,Jeremy Levine
22f3888940664ccf,train,https://open-images-dataset.s3.amazonaws.com/train/22f3888940664ccf.jpg,https://www.flickr.com/photos/cgpgrey/4888595936,https://creativecommons.org/licenses/by/2.0/,CGP Grey
22fc927f9a2cecc7,train,https://open-images-dataset.s3.amazonaws.com/train/22fc927f9a2cecc7.jpg,https://www.flickr.com/photos/chokingsun/6137185803,https://creativecommons.org/licenses/by/2.0/,choking sun
230fc18d2bb4114e,train,https://open-images-dataset.s3.amazonaws.com/train/230fc18d2bb4114e.jpg,https://www.flickr.com/photos/jackdorsey/142881484,https://creativecommons.org/licenses/by/2.0/,Jack Dorsey
23201305694d4f67,train,https://open-images-dataset.s3.amazonaws.com/train/23201305694d4f67.jpg,https://www.flickr.com/photos/ilovemypit/3727447582,https://creativecommons.org/licenses/by/2.0/,Kari Sullivan
2322150cc9167f2b,train,https://open-images-dataset.s3.amazonaws.com/train/2322150cc9167f2b.jpg,https://www.flickr.com/photos/theboth/7227478268,https://creativecommons.org/licenses/by/2.0/,Ian Bothwell
232c729c86f15487,train,https://open-images-dataset.s3.amazonaws.com/train/232c729c86f15487.jpg,https://www.flickr.com/photos/tahini/6268538925,https://creativecommons.org/licenses/by/2.0/,Mr Thinktank
233923d71778a018,train,https://open-images-dataset.s3.amazonaws.com/train/233923d71778a018.jpg,https://www.flickr.com/photos/pasa/8365748365,https://creativecommons.org/licenses/by/2.0/,Paul Sableman
2356324d226ec5a1,train,https://open-images-dataset.s3.amazonaws.com/train/2356324d226ec5a1.jpg,https://www.flickr.com/photos/jamiecat/3797958192,https://creativecommons.org/licenses/by/2.0/,Jamiecat *
235a6f5eb53515d0,train,https://open-images-dataset.s3.amazonaws.com/train/235a6f5eb53515d0.jpg,https://www.flickr.com/photos/marktee/18356209579,https://creativecommons.org/licenses/by/2.0/,Mark Turnauckas
235daec05309c2ed,train,https://open-images-dataset.s3.amazonaws.com/train/235daec05309c2ed.jpg,https://www.flickr.com/photos/brian395/5825682064,https://creativecommons.org/licenses/by/2.0/,Brian Eager
2360f91c4cf4eb5e,train,https://open-images-dataset.s3.amazonaws.com/train/2360f91c4cf4eb5e.jpg,https://www.flickr.com/photos/secretlyironic/2515185386,https://creativecommons.org/licenses/by/2.0/,Aaron Weber
2363e5415f0e1683,train,https://open-images-dataset.s3.amazonaws.com/train/2363e5415f0e1683.jpg,https://www.flickr.com/photos/sinbiphone/8383667154,https://creativecommons.org/licenses/by/2.0/,어쩌면 프로젝트
236e323e76b2dc75,train,https://open-images-dataset.s3.amazonaws.com/train/236e323e76b2dc75.jpg,https://www.flickr.com/photos/italintheheart/9692112579,https://creativecommons.org/licenses/by/2.0/,Jorge Elías
2370f09a692fab83,train,https://open-images-dataset.s3.amazonaws.com/train/2370f09a692fab83.jpg,https://www.flickr.com/photos/y_ogagaga/6992454601,https://creativecommons.org/licenses/by/2.0/,y_ogagaga
2375fc8b6bd69bb3,train,https://open-images-dataset.s3.amazonaws.com/train/2375fc8b6bd69bb3.jpg,https://www.flickr.com/photos/rachelmargaret/16367081456,https://creativecommons.org/licenses/by/2.0/,Rachel Zack
2389394389ac3e38,train,https://open-images-dataset.s3.amazonaws.com/train/2389394389ac3e38.jpg,https://www.flickr.com/photos/upyernoz/5613162749,https://creativecommons.org/licenses/by/2.0/,upyernoz
2398d0a415acb427,train,https://open-images-dataset.s3.amazonaws.com/train/2398d0a415acb427.jpg,https://www.flickr.com/photos/16782093@N03/4538144709,https://creativecommons.org/licenses/by/2.0/,Metro Centric
23b20e049e82fd86,train,https://open-images-dataset.s3.amazonaws.com/train/23b20e049e82fd86.jpg,https://www.flickr.com/photos/35492603@N02/3328696424,https://creativecommons.org/licenses/by/2.0/,WWW ?
23b5be0dfa014d2a,train,https://open-images-dataset.s3.amazonaws.com/train/23b5be0dfa014d2a.jpg,https://www.flickr.com/photos/satguru/5407586563,https://creativecommons.org/licenses/by/2.0/,David Howard
23c63276985d40ef,train,https://open-images-dataset.s3.amazonaws.com/train/23c63276985d40ef.jpg,https://www.flickr.com/photos/dalbera/6335758642,https://creativecommons.org/licenses/by/2.0/,Jean-Pierre Dalbéra
23ce4ef8730ab3cb,train,https://open-images-dataset.s3.amazonaws.com/train/23ce4ef8730ab3cb.jpg,https://www.flickr.com/photos/qfzz/15018898812,https://creativecommons.org/licenses/by/2.0/,BODHICITTA
23d408799ea4f767,train,https://open-images-dataset.s3.amazonaws.com/train/23d408799ea4f767.jpg,https://www.flickr.com/photos/69353231@N02/8150284398,https://creativecommons.org/licenses/by/2.0/,shes_so_high
23d5e91e68772fc1,train,https://open-images-dataset.s3.amazonaws.com/train/23d5e91e68772fc1.jpg,https://www.flickr.com/photos/nazareth_college/16794435455,https://creativecommons.org/licenses/by/2.0/,Nazareth College
23e75c26a87c7f31,train,https://open-images-dataset.s3.amazonaws.com/train/23e75c26a87c7f31.jpg,https://www.flickr.com/photos/ephotography29/3259000438,https://creativecommons.org/licenses/by/2.0/,Erin
23f482e728abc8fb,train,https://open-images-dataset.s3.amazonaws.com/train/23f482e728abc8fb.jpg,https://www.flickr.com/photos/55694622@N00/431903398,https://creativecommons.org/licenses/by/2.0/,cervezones
240431ee2d2dbebd,train,https://open-images-dataset.s3.amazonaws.com/train/240431ee2d2dbebd.jpg,https://www.flickr.com/photos/local_louisville/4376360855,https://creativecommons.org/licenses/by/2.0/,local louisville
241730ad84066616,train,https://open-images-dataset.s3.amazonaws.com/train/241730ad84066616.jpg,https://www.flickr.com/photos/byzantiumbooks/16063496210,https://creativecommons.org/licenses/by/2.0/,Bill Smith
242b3888cfad8ec2,train,https://open-images-dataset.s3.amazonaws.com/train/242b3888cfad8ec2.jpg,https://www.flickr.com/photos/tamworthboroughcouncil/14465384560,https://creativecommons.org/licenses/by/2.0/,Tamworth Council
242da56aca53484d,train,https://open-images-dataset.s3.amazonaws.com/train/242da56aca53484d.jpg,https://www.flickr.com/photos/g4gti/4623122703,https://creativecommons.org/licenses/by/2.0/,Ryohei Noda
24320deecc745cb8,train,https://open-images-dataset.s3.amazonaws.com/train/24320deecc745cb8.jpg,https://www.flickr.com/photos/pigpilot/5179026050,https://creativecommons.org/licenses/by/2.0/,Stuart Grout
24340471e07c61dd,train,https://open-images-dataset.s3.amazonaws.com/train/24340471e07c61dd.jpg,https://www.flickr.com/photos/pedrosimoes7/14877851359,https://creativecommons.org/licenses/by/2.0/,Pedro Ribeiro Simões
24676f5d3edfccc4,train,https://open-images-dataset.s3.amazonaws.com/train/24676f5d3edfccc4.jpg,https://www.flickr.com/photos/tahini/12466336983,https://creativecommons.org/licenses/by/2.0/,Mr Thinktank
246900e01a076bb8,train,https://open-images-dataset.s3.amazonaws.com/train/246900e01a076bb8.jpg,https://www.flickr.com/photos/starlitlunch/15609935122,https://creativecommons.org/licenses/by/2.0/,ftchris
2473c3559b3fd5f4,train,https://open-images-dataset.s3.amazonaws.com/train/2473c3559b3fd5f4.jpg,https://www.flickr.com/photos/smays/17136229579,https://creativecommons.org/licenses/by/2.0/,Steve Mays
2479448efeadcb18,train,https://open-images-dataset.s3.amazonaws.com/train/2479448efeadcb18.jpg,https://www.flickr.com/photos/martl/2893830779,https://creativecommons.org/licenses/by/2.0/,heartbeaz
2492d5acbb6d4884,train,https://open-images-dataset.s3.amazonaws.com/train/2492d5acbb6d4884.jpg,https://www.flickr.com/photos/scjn/2414437108,https://creativecommons.org/licenses/by/2.0/,~Pawsitive~Candie_N
2499dd6d767b8bf7,train,https://open-images-dataset.s3.amazonaws.com/train/2499dd6d767b8bf7.jpg,https://www.flickr.com/photos/hitchster/4123891116,https://creativecommons.org/licenses/by/2.0/,Hitchster
24a18a957c690e86,train,https://open-images-dataset.s3.amazonaws.com/train/24a18a957c690e86.jpg,https://www.flickr.com/photos/decorativeconcrete/14234551363,https://creativecommons.org/licenses/by/2.0/,Decorative Concrete Kingdom
24a2372f009f6c19,train,https://open-images-dataset.s3.amazonaws.com/train/24a2372f009f6c19.jpg,https://www.flickr.com/photos/michael_mayer/5945325879,https://creativecommons.org/licenses/by/2.0/,Michael Mayer
24aac5cbe00cd0ae,train,https://open-images-dataset.s3.amazonaws.com/train/24aac5cbe00cd0ae.jpg,https://www.flickr.com/photos/morikenstyle/2301431883,https://creativecommons.org/licenses/by/2.0/,kenji mori
24b8a41722584ff4,train,https://open-images-dataset.s3.amazonaws.com/train/24b8a41722584ff4.jpg,https://www.flickr.com/photos/ell-r-brown/8321927170,https://creativecommons.org/licenses/by/2.0/,Elliott Brown
24ba72e1d9f5a5e7,train,https://open-images-dataset.s3.amazonaws.com/train/24ba72e1d9f5a5e7.jpg,https://www.flickr.com/photos/terry_wha/90625813,https://creativecommons.org/licenses/by/2.0/,Terry Whalebone
24c108d8e4ba8d76,train,https://open-images-dataset.s3.amazonaws.com/train/24c108d8e4ba8d76.jpg,https://www.flickr.com/photos/cepatri55/5536978584,https://creativecommons.org/licenses/by/2.0/,cepatri55
24c28f2342a37b4f,train,https://open-images-dataset.s3.amazonaws.com/train/24c28f2342a37b4f.jpg,https://www.flickr.com/photos/lachlanhardy/3683106424,https://creativecommons.org/licenses/by/2.0/,Lachlan Hardy
24c7c74b1d927897,train,https://open-images-dataset.s3.amazonaws.com/train/24c7c74b1d927897.jpg,https://www.flickr.com/photos/nahemoth/14204738948,https://creativecommons.org/licenses/by/2.0/,=Nahemoth= (absent for a while)
24cb4f08b85cfaf7,train,https://open-images-dataset.s3.amazonaws.com/train/24cb4f08b85cfaf7.jpg,https://www.flickr.com/photos/quinet/17544047552,https://creativecommons.org/licenses/by/2.0/,Thomas Quine
24d22e8b78ae3689,train,https://open-images-dataset.s3.amazonaws.com/train/24d22e8b78ae3689.jpg,https://www.flickr.com/photos/trondheim_byarkiv/20945029579,https://creativecommons.org/licenses/by/2.0/,Municipal Archives of Trondheim
24e3131a365fd7b7,train,https://open-images-dataset.s3.amazonaws.com/train/24e3131a365fd7b7.jpg,https://www.flickr.com/photos/betsyweber/370413100,https://creativecommons.org/licenses/by/2.0/,Betsy Weber
24e46dcbe17f7f72,train,https://open-images-dataset.s3.amazonaws.com/train/24e46dcbe17f7f72.jpg,https://www.flickr.com/photos/taqumi/4715712682,https://creativecommons.org/licenses/by/2.0/,Takumi Yoshida
24eca53da9acc3d3,train,https://open-images-dataset.s3.amazonaws.com/train/24eca53da9acc3d3.jpg,https://www.flickr.com/photos/budellison/16412827383,https://creativecommons.org/licenses/by/2.0/,Bud Ellison
24f7e752aca1fd8f,train,https://open-images-dataset.s3.amazonaws.com/train/24f7e752aca1fd8f.jpg,https://www.flickr.com/photos/brokersaunders/3500203037,https://creativecommons.org/licenses/by/2.0/,Nannette Turner
24fe303603491590,train,https://open-images-dataset.s3.amazonaws.com/train/24fe303603491590.jpg,https://www.flickr.com/photos/budellison/16289319397,https://creativecommons.org/licenses/by/2.0/,Bud Ellison
2506436cfd8eefc0,train,https://open-images-dataset.s3.amazonaws.com/train/2506436cfd8eefc0.jpg,https://www.flickr.com/photos/lakemartinvoice/20859885579,https://creativecommons.org/licenses/by/2.0/,John Coley
2514b2c097119670,train,https://open-images-dataset.s3.amazonaws.com/train/2514b2c097119670.jpg,https://www.flickr.com/photos/psyberartist/8198399154,https://creativecommons.org/licenses/by/2.0/,psyberartist
25158ec2b4353807,train,https://open-images-dataset.s3.amazonaws.com/train/25158ec2b4353807.jpg,https://www.flickr.com/photos/nicholassmale/15418184711,https://creativecommons.org/licenses/by/2.0/,Nicholas Smale
251a3afa067866fc,train,https://open-images-dataset.s3.amazonaws.com/train/251a3afa067866fc.jpg,https://www.flickr.com/photos/scaredykat/11389671786,https://creativecommons.org/licenses/by/2.0/,Krista
252286df1e3544e4,train,https://open-images-dataset.s3.amazonaws.com/train/252286df1e3544e4.jpg,https://www.flickr.com/photos/18614695@N00/449402602,https://creativecommons.org/licenses/by/2.0/,Xavi
2527abe4cbd5c1f5,train,https://open-images-dataset.s3.amazonaws.com/train/2527abe4cbd5c1f5.jpg,https://www.flickr.com/photos/34517490@N00/7772765644/,https://creativecommons.org/licenses/by/2.0/,Nick
2540b36a8d7f6e66,train,https://open-images-dataset.s3.amazonaws.com/train/2540b36a8d7f6e66.jpg,https://www.flickr.com/photos/rubygoes/8745736141,https://creativecommons.org/licenses/by/2.0/,RubyGoes
256e648742510720,train,https://open-images-dataset.s3.amazonaws.com/train/256e648742510720.jpg,https://www.flickr.com/photos/ell-r-brown/8691963801,https://creativecommons.org/licenses/by/2.0/,Elliott Brown
2589af3afc7824c3,train,https://open-images-dataset.s3.amazonaws.com/train/2589af3afc7824c3.jpg,https://www.flickr.com/photos/redvers/532181021,https://creativecommons.org/licenses/by/2.0/,R/DV/RS
258e976822f24e56,train,https://open-images-dataset.s3.amazonaws.com/train/258e976822f24e56.jpg,https://www.flickr.com/photos/85189122@N00/4086491946,https://creativecommons.org/licenses/by/2.0/,sheetal saini
25bc84419c314757,train,https://open-images-dataset.s3.amazonaws.com/train/25bc84419c314757.jpg,https://www.flickr.com/photos/aroberts/2557326,https://creativecommons.org/licenses/by/2.0/,Andy Roberts
25d11df51db2548a,train,https://open-images-dataset.s3.amazonaws.com/train/25d11df51db2548a.jpg,https://www.flickr.com/photos/41569813@N03/4805557405,https://creativecommons.org/licenses/by/2.0/,Uwe Kaufmann
25d7e97aaf51ca99,train,https://open-images-dataset.s3.amazonaws.com/train/25d7e97aaf51ca99.jpg,https://www.flickr.com/photos/tahini/7617473010,https://creativecommons.org/licenses/by/2.0/,Mr Thinktank
25dbec981d97cda3,train,https://open-images-dataset.s3.amazonaws.com/train/25dbec981d97cda3.jpg,https://www.flickr.com/photos/dierken/8561529444,https://creativecommons.org/licenses/by/2.0/,Mike
25de84276711c4f1,train,https://open-images-dataset.s3.amazonaws.com/train/25de84276711c4f1.jpg,https://www.flickr.com/photos/dhwright/6993785756,https://creativecommons.org/licenses/by/2.0/,David Wright
25f6ab142053153b,train,https://open-images-dataset.s3.amazonaws.com/train/25f6ab142053153b.jpg,https://www.flickr.com/photos/ainhoap/460637844,https://creativecommons.org/licenses/by/2.0/,PCB75
26287010199c93b0,train,https://open-images-dataset.s3.amazonaws.com/train/26287010199c93b0.jpg,https://www.flickr.com/photos/49651517@N02/6935607779,https://creativecommons.org/licenses/by/2.0/,Colleen Benelli
263573815e85dc96,train,https://open-images-dataset.s3.amazonaws.com/train/263573815e85dc96.jpg,https://www.flickr.com/photos/96755550@N07/11934588313,https://creativecommons.org/licenses/by/2.0/,The Blasf
264c0fa929145142,train,https://open-images-dataset.s3.amazonaws.com/train/264c0fa929145142.jpg,https://www.flickr.com/photos/akras/3461435561,https://creativecommons.org/licenses/by/2.0/,Andrey
265cb83c1e8e10fa,train,https://open-images-dataset.s3.amazonaws.com/train/265cb83c1e8e10fa.jpg,https://www.flickr.com/photos/hans-westbeek/3798157325,https://creativecommons.org/licenses/by/2.0/,Hans Westbeek
2662bc1fcbeb4925,train,https://open-images-dataset.s3.amazonaws.com/train/2662bc1fcbeb4925.jpg,https://www.flickr.com/photos/eager/15329806693,https://creativecommons.org/licenses/by/2.0/,準建築人手札網站 Forgemind ArchiMedia
2670b83d874be382,train,https://open-images-dataset.s3.amazonaws.com/train/2670b83d874be382.jpg,https://www.flickr.com/photos/jessica_franke/19508270389,https://creativecommons.org/licenses/by/2.0/,Jessica Franke
26718d59043a5b7a,train,https://open-images-dataset.s3.amazonaws.com/train/26718d59043a5b7a.jpg,https://www.flickr.com/photos/63837784@N08/7845337320,https://creativecommons.org/licenses/by/2.0/,Ohio Redevelopment Projects - ODSA
268031c28beaf559,train,https://open-images-dataset.s3.amazonaws.com/train/268031c28beaf559.jpg,https://www.flickr.com/photos/bookabee_tours_australia/4892298507,https://creativecommons.org/licenses/by/2.0/,Haydyn Bromley
268042f21866d6ef,train,https://open-images-dataset.s3.amazonaws.com/train/268042f21866d6ef.jpg,https://www.flickr.com/photos/servus_du/2952838600,https://creativecommons.org/licenses/by/2.0/,Auslandsoesterreicherflickraccountinhaber
26848b6c177d50be,train,https://open-images-dataset.s3.amazonaws.com/train/26848b6c177d50be.jpg,https://www.flickr.com/photos/cmichel67/187762523/,https://creativecommons.org/licenses/by/2.0/,Christopher Michel
26978a425ef20480,train,https://open-images-dataset.s3.amazonaws.com/train/26978a425ef20480.jpg,https://www.flickr.com/photos/themiamistory/4179147904/,https://creativecommons.org/licenses/by/2.0/,Janie Coffey
2698f3b28434d375,train,https://open-images-dataset.s3.amazonaws.com/train/2698f3b28434d375.jpg,https://www.flickr.com/photos/gnilenkov/7333811218,https://creativecommons.org/licenses/by/2.0/,Aleksey Gnilenkov
26b7d00560531d79,train,https://open-images-dataset.s3.amazonaws.com/train/26b7d00560531d79.jpg,https://www.flickr.com/photos/12394349@N06/18193163963,https://creativecommons.org/licenses/by/2.0/,Bryn Pinzgauer
26b9a5a7163e2f1f,train,https://open-images-dataset.s3.amazonaws.com/train/26b9a5a7163e2f1f.jpg,https://www.flickr.com/photos/julioenriquez/4088366848,https://creativecommons.org/licenses/by/2.0/,Julio Enriquez
26c3f97979df7ad3,train,https://open-images-dataset.s3.amazonaws.com/train/26c3f97979df7ad3.jpg,https://www.flickr.com/photos/lindatrawnik/4020776794,https://creativecommons.org/licenses/by/2.0/,kinwart
26c6152ab3fb6db0,train,https://open-images-dataset.s3.amazonaws.com/train/26c6152ab3fb6db0.jpg,https://www.flickr.com/photos/trondheim_byarkiv/7041422215,https://creativecommons.org/licenses/by/2.0/,Municipal Archives of Trondheim
26c93ac87f5cca97,train,https://open-images-dataset.s3.amazonaws.com/train/26c93ac87f5cca97.jpg,https://www.flickr.com/photos/optikfluffel/4799734196,https://creativecommons.org/licenses/by/2.0/,Udo
26ccb5f4c0c8bfe4,train,https://open-images-dataset.s3.amazonaws.com/train/26ccb5f4c0c8bfe4.jpg,https://www.flickr.com/photos/glynlowe/8413946491,https://creativecommons.org/licenses/by/2.0/,www.GlynLowe.com
26d0267db5e9afb7,train,https://open-images-dataset.s3.amazonaws.com/train/26d0267db5e9afb7.jpg,https://www.flickr.com/photos/smaentz/5212414345,https://creativecommons.org/licenses/by/2.0/,Scott Maentz
26dfe5ff49f36ca9,train,https://open-images-dataset.s3.amazonaws.com/train/26dfe5ff49f36ca9.jpg,https://www.flickr.com/photos/eager/16052095816,https://creativecommons.org/licenses/by/2.0/,準建築人手札網站 Forgemind ArchiMedia
26e492981b11562e,train,https://open-images-dataset.s3.amazonaws.com/train/26e492981b11562e.jpg,https://www.flickr.com/photos/flissphil/11563179,https://creativecommons.org/licenses/by/2.0/,Phillip Capper
26ec358fe6dfa0df,train,https://open-images-dataset.s3.amazonaws.com/train/26ec358fe6dfa0df.jpg,https://www.flickr.com/photos/hisgett/3916013843,https://creativecommons.org/licenses/by/2.0/,Tony Hisgett
26ee3ede87360a3b,train,https://open-images-dataset.s3.amazonaws.com/train/26ee3ede87360a3b.jpg,https://www.flickr.com/photos/clearlyambiguous/136149119,https://creativecommons.org/licenses/by/2.0/,Scott Robinson
26fa6a8071f85c08,train,https://open-images-dataset.s3.amazonaws.com/train/26fa6a8071f85c08.jpg,https://www.flickr.com/photos/666_is_money/4005631997,https://creativecommons.org/licenses/by/2.0/,Raquel Baranow
26fd77505ec7cf9e,train,https://open-images-dataset.s3.amazonaws.com/train/26fd77505ec7cf9e.jpg,https://www.flickr.com/photos/harshlight/15603166921/,https://creativecommons.org/licenses/by/2.0/,HarshLight
27006105b21d1c0e,train,https://open-images-dataset.s3.amazonaws.com/train/27006105b21d1c0e.jpg,https://www.flickr.com/photos/andrewbain/3621892061,https://creativecommons.org/licenses/by/2.0/,Taber Andrew Bain
270313690941865c,train,https://open-images-dataset.s3.amazonaws.com/train/270313690941865c.jpg,https://www.flickr.com/photos/vasenka/6846505124,https://creativecommons.org/licenses/by/2.0/,VasenkaPhotography
2703deb7c04e1d37,train,https://open-images-dataset.s3.amazonaws.com/train/2703deb7c04e1d37.jpg,https://www.flickr.com/photos/nostri-imago/7504661012,https://creativecommons.org/licenses/by/2.0/,Cliff
270a94ba95371933,train,https://open-images-dataset.s3.amazonaws.com/train/270a94ba95371933.jpg,https://www.flickr.com/photos/lonelypine/14581933060/,https://creativecommons.org/licenses/by/2.0/,Lonely Pine
270ccab4173a2712,train,https://open-images-dataset.s3.amazonaws.com/train/270ccab4173a2712.jpg,https://www.flickr.com/photos/jirka_matousek/8462849550,https://creativecommons.org/licenses/by/2.0/,Jirka Matousek
2735b5f2d5635c1d,train,https://open-images-dataset.s3.amazonaws.com/train/2735b5f2d5635c1d.jpg,https://www.flickr.com/photos/smemon/12697838564,https://creativecommons.org/licenses/by/2.0/,Sean MacEntee
273d8a22cfe2f5a8,train,https://open-images-dataset.s3.amazonaws.com/train/273d8a22cfe2f5a8.jpg,https://www.flickr.com/photos/73416633@N00/249989349,https://creativecommons.org/licenses/by/2.0/,Sandra Cohen-Rose and   Colin Rose
274d13e0218b4618,train,https://open-images-dataset.s3.amazonaws.com/train/274d13e0218b4618.jpg,https://www.flickr.com/photos/orinrobertjohn/505465149/,https://creativecommons.org/licenses/by/2.0/,Orin Zebest
276100dd1272dfdc,train,https://open-images-dataset.s3.amazonaws.com/train/276100dd1272dfdc.jpg,https://www.flickr.com/photos/aaronpk/6800072611,https://creativecommons.org/licenses/by/2.0/,Aaron Parecki
2772673167cadba6,train,https://open-images-dataset.s3.amazonaws.com/train/2772673167cadba6.jpg,https://www.flickr.com/photos/klovovi/7833603696,https://creativecommons.org/licenses/by/2.0/,Klovovi
277517f81944526e,train,https://open-images-dataset.s3.amazonaws.com/train/277517f81944526e.jpg,https://www.flickr.com/photos/augustksphotos/18740990758,https://creativecommons.org/licenses/by/2.0/,August Kelm
277cdcd2cbfa3aeb,train,https://open-images-dataset.s3.amazonaws.com/train/277cdcd2cbfa3aeb.jpg,https://www.flickr.com/photos/matalyn/351606538/,https://creativecommons.org/licenses/by/2.0/,Maurizio Zanetti
27855d88418ad97a,train,https://open-images-dataset.s3.amazonaws.com/train/27855d88418ad97a.jpg,https://www.flickr.com/photos/kjgarbutt/8545679440,https://creativecommons.org/licenses/by/2.0/,Kurtis Garbutt
278f9410f4329798,train,https://open-images-dataset.s3.amazonaws.com/train/278f9410f4329798.jpg,https://www.flickr.com/photos/andreaosti/4681117665,https://creativecommons.org/licenses/by/2.0/,Andrea Osti
2790c8d423f7dcf1,train,https://open-images-dataset.s3.amazonaws.com/train/2790c8d423f7dcf1.jpg,https://www.flickr.com/photos/phoenixwolfray/5492179980,https://creativecommons.org/licenses/by/2.0/,Phoenix Wolf-Ray
279e143d052378ac,train,https://open-images-dataset.s3.amazonaws.com/train/279e143d052378ac.jpg,https://www.flickr.com/photos/disenoyarquitectura/5516830620,https://creativecommons.org/licenses/by/2.0/,Corona Mejora Tu Vida CORONA
27b4409890bdd630,train,https://open-images-dataset.s3.amazonaws.com/train/27b4409890bdd630.jpg,https://www.flickr.com/photos/hydropeek/684098393,https://creativecommons.org/licenses/by/2.0/,hydropeek
27c18e1f0609520a,train,https://open-images-dataset.s3.amazonaws.com/train/27c18e1f0609520a.jpg,https://www.flickr.com/photos/adavey/2091014419,https://creativecommons.org/licenses/by/2.0/,A.Davey
27cfb0f4eab87083,train,https://open-images-dataset.s3.amazonaws.com/train/27cfb0f4eab87083.jpg,https://www.flickr.com/photos/fiskarhedenvillan/3100377652,https://creativecommons.org/licenses/by/2.0/,Fiskarhedenvillan
27e2178d95c633f0,train,https://open-images-dataset.s3.amazonaws.com/train/27e2178d95c633f0.jpg,https://www.flickr.com/photos/hanspoldoja/6342091872,https://creativecommons.org/licenses/by/2.0/,Hans Põldoja
27e5c64bbfc6dc04,train,https://open-images-dataset.s3.amazonaws.com/train/27e5c64bbfc6dc04.jpg,https://www.flickr.com/photos/lost__in__spain/4119838452,https://creativecommons.org/licenses/by/2.0/,Adriano Agulló
27e89d65eff0bcec,train,https://open-images-dataset.s3.amazonaws.com/train/27e89d65eff0bcec.jpg,https://www.flickr.com/photos/daquellamanera/107613513,https://creativecommons.org/licenses/by/2.0/,Daniel Lobo
27eee6bcb710a5b4,train,https://open-images-dataset.s3.amazonaws.com/train/27eee6bcb710a5b4.jpg,https://www.flickr.com/photos/brostad/5818482777,https://creativecommons.org/licenses/by/2.0/,Bernt Rostad
27f04789eb5319af,train,https://open-images-dataset.s3.amazonaws.com/train/27f04789eb5319af.jpg,https://www.flickr.com/photos/51417107@N03/7147763087,https://creativecommons.org/licenses/by/2.0/,LaurPhil
27f24aeea66d602b,train,https://open-images-dataset.s3.amazonaws.com/train/27f24aeea66d602b.jpg,https://www.flickr.com/photos/aroberts/8020677735,https://creativecommons.org/licenses/by/2.0/,Andy Roberts
27f9660ed2e3121e,train,https://open-images-dataset.s3.amazonaws.com/train/27f9660ed2e3121e.jpg,https://www.flickr.com/photos/hankenstein/14694378766,https://creativecommons.org/licenses/by/2.0/,hank Mitchell
280dd3ea749d5548,train,https://open-images-dataset.s3.amazonaws.com/train/280dd3ea749d5548.jpg,https://www.flickr.com/photos/pasa/9219269013,https://creativecommons.org/licenses/by/2.0/,Paul Sableman
280eac8aa82af053,train,https://open-images-dataset.s3.amazonaws.com/train/280eac8aa82af053.jpg,https://www.flickr.com/photos/mujitra/2445309232,https://creativecommons.org/licenses/by/2.0/,MIKI Yoshihito
280ef0a0db22ea92,train,https://open-images-dataset.s3.amazonaws.com/train/280ef0a0db22ea92.jpg,https://www.flickr.com/photos/quinet/16585901284,https://creativecommons.org/licenses/by/2.0/,Thomas Quine
28103d85dabcf51d,train,https://open-images-dataset.s3.amazonaws.com/train/28103d85dabcf51d.jpg,https://www.flickr.com/photos/uniform-studio/4462492783,https://creativecommons.org/licenses/by/2.0/,Martha W McQuade
281ec36a60e2cd30,train,https://open-images-dataset.s3.amazonaws.com/train/281ec36a60e2cd30.jpg,https://www.flickr.com/photos/mploco/4219882324,https://creativecommons.org/licenses/by/2.0/,Roberto Cacho Toca
2821bdb12ce36ae9,train,https://open-images-dataset.s3.amazonaws.com/train/2821bdb12ce36ae9.jpg,https://www.flickr.com/photos/cogdog/16810966749,https://creativecommons.org/licenses/by/2.0/,Alan Levine
2823c3dbbc796b05,train,https://open-images-dataset.s3.amazonaws.com/train/2823c3dbbc796b05.jpg,https://www.flickr.com/photos/ian_wilson_49/16908595970,https://creativecommons.org/licenses/by/2.0/,Ian McFegan
2825e22a7c151bc8,train,https://open-images-dataset.s3.amazonaws.com/train/2825e22a7c151bc8.jpg,https://www.flickr.com/photos/gails_pictures/11423558253,https://creativecommons.org/licenses/by/2.0/,gailhampshire
2830e779150aebb7,train,https://open-images-dataset.s3.amazonaws.com/train/2830e779150aebb7.jpg,https://www.flickr.com/photos/bootbearwdc/215164417,https://creativecommons.org/licenses/by/2.0/,David
2838091894ec95b4,train,https://open-images-dataset.s3.amazonaws.com/train/2838091894ec95b4.jpg,https://www.flickr.com/photos/scatto_felino/6921844204,https://creativecommons.org/licenses/by/2.0/,Marco
284c23660fdc61d8,train,https://open-images-dataset.s3.amazonaws.com/train/284c23660fdc61d8.jpg,https://www.flickr.com/photos/kennejima/277010844,https://creativecommons.org/licenses/by/2.0/,kennejima
2852bffe5cd603b0,train,https://open-images-dataset.s3.amazonaws.com/train/2852bffe5cd603b0.jpg,https://www.flickr.com/photos/22964099@N05/2972483451,https://creativecommons.org/licenses/by/2.0/,bottled_void
28546f6b639f928d,train,https://open-images-dataset.s3.amazonaws.com/train/28546f6b639f928d.jpg,https://www.flickr.com/photos/vxla/4535247582,https://creativecommons.org/licenses/by/2.0/,vxla
285b3ca152a831a8,train,https://open-images-dataset.s3.amazonaws.com/train/285b3ca152a831a8.jpg,https://www.flickr.com/photos/zieak/5495861681,https://creativecommons.org/licenses/by/2.0/,Ryan McFarland
2869802b25a3f134,train,https://open-images-dataset.s3.amazonaws.com/train/2869802b25a3f134.jpg,https://www.flickr.com/photos/joanet/14824933447,https://creativecommons.org/licenses/by/2.0/,Joan Campderrós-i-Canas
286a1307ca75ac66,train,https://open-images-dataset.s3.amazonaws.com/train/286a1307ca75ac66.jpg,https://www.flickr.com/photos/quinet/6920824086,https://creativecommons.org/licenses/by/2.0/,Thomas Quine
286cf1a30f8dd4c7,train,https://open-images-dataset.s3.amazonaws.com/train/286cf1a30f8dd4c7.jpg,https://www.flickr.com/photos/kendylyoung/8164238059,https://creativecommons.org/licenses/by/2.0/,Kendyl Young
28705b1874c35d33,train,https://open-images-dataset.s3.amazonaws.com/train/28705b1874c35d33.jpg,https://www.flickr.com/photos/jetfuel/11092704553,https://creativecommons.org/licenses/by/2.0/,7th Groove
28796c7d78b2d027,train,https://open-images-dataset.s3.amazonaws.com/train/28796c7d78b2d027.jpg,https://www.flickr.com/photos/9084427@N07/7893825442,https://creativecommons.org/licenses/by/2.0/,Yellow.Cat
2888139ba64a8b23,train,https://open-images-dataset.s3.amazonaws.com/train/2888139ba64a8b23.jpg,https://www.flickr.com/photos/aaronpk/13854002525,https://creativecommons.org/licenses/by/2.0/,Aaron Parecki
2895b37bd0293879,train,https://open-images-dataset.s3.amazonaws.com/train/2895b37bd0293879.jpg,https://www.flickr.com/photos/fellowcreative/4632758038,https://creativecommons.org/licenses/by/2.0/,Carl @FellowCreative
28a0b4407695c767,train,https://open-images-dataset.s3.amazonaws.com/train/28a0b4407695c767.jpg,https://www.flickr.com/photos/flirst/7643233228,https://creativecommons.org/licenses/by/2.0/,andrea floris
28b308f088615f14,train,https://open-images-dataset.s3.amazonaws.com/train/28b308f088615f14.jpg,https://www.flickr.com/photos/kiaura/3974323203,https://creativecommons.org/licenses/by/2.0/,Chiara
28b658e8d3f35eac,train,https://open-images-dataset.s3.amazonaws.com/train/28b658e8d3f35eac.jpg,https://www.flickr.com/photos/wreck/4505588964,https://creativecommons.org/licenses/by/2.0/,@wreckandsalvage Salvage
28cdab2cd6848e5f,train,https://open-images-dataset.s3.amazonaws.com/train/28cdab2cd6848e5f.jpg,https://www.flickr.com/photos/nanpalmero/12759694835,https://creativecommons.org/licenses/by/2.0/,Nan Palmero
28fcc278f7e0a5d6,train,https://open-images-dataset.s3.amazonaws.com/train/28fcc278f7e0a5d6.jpg,https://www.flickr.com/photos/hansthijs/1788493549,https://creativecommons.org/licenses/by/2.0/,Piano Piano!
290cf189b20ede31,train,https://open-images-dataset.s3.amazonaws.com/train/290cf189b20ede31.jpg,https://www.flickr.com/photos/philliecasablanca/6327817296,https://creativecommons.org/licenses/by/2.0/,Phil Whitehouse
290d7c8bbc2a5548,train,https://open-images-dataset.s3.amazonaws.com/train/290d7c8bbc2a5548.jpg,https://www.flickr.com/photos/cityfoodsters/12734416753,https://creativecommons.org/licenses/by/2.0/,City Foodsters
290f1a4c07e411fb,train,https://open-images-dataset.s3.amazonaws.com/train/290f1a4c07e411fb.jpg,https://www.flickr.com/photos/lianza/33901633/,https://creativecommons.org/licenses/by/2.0/,Tom Lianza
291db729242667f6,train,https://open-images-dataset.s3.amazonaws.com/train/291db729242667f6.jpg,https://www.flickr.com/photos/theslowlane/1455919365,https://creativecommons.org/licenses/by/2.0/,Robert Ashworth
29277f0d525b6c9c,train,https://open-images-dataset.s3.amazonaws.com/train/29277f0d525b6c9c.jpg,https://www.flickr.com/photos/mdpettitt/6829521061,https://creativecommons.org/licenses/by/2.0/,Martin Pettitt
292b03fca8f3509d,train,https://open-images-dataset.s3.amazonaws.com/train/292b03fca8f3509d.jpg,https://www.flickr.com/photos/jlastras/2240583442/,https://creativecommons.org/licenses/by/2.0/,Javier Lastras
2930673a35f79615,train,https://open-images-dataset.s3.amazonaws.com/train/2930673a35f79615.jpg,https://www.flickr.com/photos/tinto/18062920316,https://creativecommons.org/licenses/by/2.0/,Jörg Schubert
29455397120c9157,train,https://open-images-dataset.s3.amazonaws.com/train/29455397120c9157.jpg,https://www.flickr.com/photos/psd/87149053,https://creativecommons.org/licenses/by/2.0/,Paul Downey
2946740646c82e27,train,https://open-images-dataset.s3.amazonaws.com/train/2946740646c82e27.jpg,https://www.flickr.com/photos/mattkrause/14363691021,https://creativecommons.org/licenses/by/2.0/,Matt Krause
29505f1557b1d208,train,https://open-images-dataset.s3.amazonaws.com/train/29505f1557b1d208.jpg,https://www.flickr.com/photos/gonmi/15610252649,https://creativecommons.org/licenses/by/2.0/,Nacho
29797d28b5a4cda8,train,https://open-images-dataset.s3.amazonaws.com/train/29797d28b5a4cda8.jpg,https://www.flickr.com/photos/tahini/7988833572,https://creativecommons.org/licenses/by/2.0/,Mr Thinktank
297af3a4b98c38b5,train,https://open-images-dataset.s3.amazonaws.com/train/297af3a4b98c38b5.jpg,https://www.flickr.com/photos/pandemonium/5577245545,https://creativecommons.org/licenses/by/2.0/,Dominuz
297bf1ca918a74a2,train,https://open-images-dataset.s3.amazonaws.com/train/297bf1ca918a74a2.jpg,https://www.flickr.com/photos/reibai/2480775318,https://creativecommons.org/licenses/by/2.0/,reibai
297f62100d92f41f,train,https://open-images-dataset.s3.amazonaws.com/train/297f62100d92f41f.jpg,https://www.flickr.com/photos/peter2010/14778283183,https://creativecommons.org/licenses/by/2.0/,Peter
298bf67fb4cfaa51,train,https://open-images-dataset.s3.amazonaws.com/train/298bf67fb4cfaa51.jpg,https://www.flickr.com/photos/yuko_ppp/2122017111,https://creativecommons.org/licenses/by/2.0/,Yuko Hara
299f5eb41525a97b,train,https://open-images-dataset.s3.amazonaws.com/train/299f5eb41525a97b.jpg,https://www.flickr.com/photos/noahbulgaria/98776253/,https://creativecommons.org/licenses/by/2.0/,Noah
29a4d3203a8fb4c0,train,https://open-images-dataset.s3.amazonaws.com/train/29a4d3203a8fb4c0.jpg,https://www.flickr.com/photos/veisto/4238375332,https://creativecommons.org/licenses/by/2.0/,Antti T. Nissinen
29b925c2a7834da0,train,https://open-images-dataset.s3.amazonaws.com/train/29b925c2a7834da0.jpg,https://www.flickr.com/photos/gregloby/3014564671,https://creativecommons.org/licenses/by/2.0/,Greg Lobinski
29c3ae2ddf9c4ee3,train,https://open-images-dataset.s3.amazonaws.com/train/29c3ae2ddf9c4ee3.jpg,https://www.flickr.com/photos/newfave/5898754587,https://creativecommons.org/licenses/by/2.0/,Bill Nicolich
29d5618477ba04c4,train,https://open-images-dataset.s3.amazonaws.com/train/29d5618477ba04c4.jpg,https://www.flickr.com/photos/ricote/5550272297,https://creativecommons.org/licenses/by/2.0/,Ricardo Ricote Rodríguez
29dad637553660d9,train,https://open-images-dataset.s3.amazonaws.com/train/29dad637553660d9.jpg,https://www.flickr.com/photos/smoses/3412297229,https://creativecommons.org/licenses/by/2.0/,Steve Moses
29ddb24f1938da8a,train,https://open-images-dataset.s3.amazonaws.com/train/29ddb24f1938da8a.jpg,https://www.flickr.com/photos/eyeno/43576104,https://creativecommons.org/licenses/by/2.0/,Ken Mist
29ea4ea45f833f16,train,https://open-images-dataset.s3.amazonaws.com/train/29ea4ea45f833f16.jpg,https://www.flickr.com/photos/brendanadkins/6959111526,https://creativecommons.org/licenses/by/2.0/,Brendan Adkins
2a00323ab456232d,train,https://open-images-dataset.s3.amazonaws.com/train/2a00323ab456232d.jpg,https://www.flickr.com/photos/otge/3586710244,https://creativecommons.org/licenses/by/2.0/,a.otge
2a012ce1a9d47ce9,train,https://open-images-dataset.s3.amazonaws.com/train/2a012ce1a9d47ce9.jpg,https://www.flickr.com/photos/aforero/343100401,https://creativecommons.org/licenses/by/2.0/,Alejandro Forero Cuervo
2a0bc9df44cbbdf7,train,https://open-images-dataset.s3.amazonaws.com/train/2a0bc9df44cbbdf7.jpg,https://www.flickr.com/photos/pixelm/18244850845,https://creativecommons.org/licenses/by/2.0/,iamdanw
2a0eb37b5ad4f854,train,https://open-images-dataset.s3.amazonaws.com/train/2a0eb37b5ad4f854.jpg,https://www.flickr.com/photos/infrogmation/21287122840,https://creativecommons.org/licenses/by/2.0/,Infrogmation of New Orleans
2a1a7c1683b4f1f7,train,https://open-images-dataset.s3.amazonaws.com/train/2a1a7c1683b4f1f7.jpg,https://www.flickr.com/photos/12567713@N00/6729207335,https://creativecommons.org/licenses/by/2.0/,born1945
2a2371a5a1897479,train,https://open-images-dataset.s3.amazonaws.com/train/2a2371a5a1897479.jpg,https://www.flickr.com/photos/joeshlabotnik/819580808,https://creativecommons.org/licenses/by/2.0/,Joe Shlabotnik
2a282a697a7c24ba,train,https://open-images-dataset.s3.amazonaws.com/train/2a282a697a7c24ba.jpg,https://www.flickr.com/photos/zyllan/4511729315,https://creativecommons.org/licenses/by/2.0/,Zyllan Fotografía
2a2aaabc6c67a2e4,train,https://open-images-dataset.s3.amazonaws.com/train/2a2aaabc6c67a2e4.jpg,https://www.flickr.com/photos/renata_a_pinto/3600029221,https://creativecommons.org/licenses/by/2.0/,Renata Avila
2a2b7b98f406fca0,train,https://open-images-dataset.s3.amazonaws.com/train/2a2b7b98f406fca0.jpg,https://www.flickr.com/photos/jeffwilcox/14625033043,https://creativecommons.org/licenses/by/2.0/,Jeff Wilcox
2a353968f443a21f,train,https://open-images-dataset.s3.amazonaws.com/train/2a353968f443a21f.jpg,https://www.flickr.com/photos/dalbera/4959051567,https://creativecommons.org/licenses/by/2.0/,Jean-Pierre Dalbéra
2a38b05bddd6d189,train,https://open-images-dataset.s3.amazonaws.com/train/2a38b05bddd6d189.jpg,https://www.flickr.com/photos/tekniskamuseet/8111980458,https://creativecommons.org/licenses/by/2.0/,Tekniska museet
2a482c3c6594578a,train,https://open-images-dataset.s3.amazonaws.com/train/2a482c3c6594578a.jpg,https://www.flickr.com/photos/pazit/197864626,https://creativecommons.org/licenses/by/2.0/,Pazit Polak
2a5226f4c992eae8,train,https://open-images-dataset.s3.amazonaws.com/train/2a5226f4c992eae8.jpg,https://www.flickr.com/photos/eperales/124687830,https://creativecommons.org/licenses/by/2.0/,eperales
2a54c12c0d654e8e,train,https://open-images-dataset.s3.amazonaws.com/train/2a54c12c0d654e8e.jpg,https://www.flickr.com/photos/erinmahollitz/5174303079,https://creativecommons.org/licenses/by/2.0/,erinmahollitz
2a555f0c37af0288,train,https://open-images-dataset.s3.amazonaws.com/train/2a555f0c37af0288.jpg,https://www.flickr.com/photos/cristiano_betta/432818602,https://creativecommons.org/licenses/by/2.0/,Cristiano Betta
2a56d2629001ac51,train,https://open-images-dataset.s3.amazonaws.com/train/2a56d2629001ac51.jpg,https://www.flickr.com/photos/barockschloss/6143182181,https://creativecommons.org/licenses/by/2.0/,barockschloss
2a5bf4689b39e2d8,train,https://open-images-dataset.s3.amazonaws.com/train/2a5bf4689b39e2d8.jpg,https://www.flickr.com/photos/92682792@N00/6065656981,https://creativecommons.org/licenses/by/2.0/,gravitat-OFF
2a5f9d2dc0b1f1b7,train,https://open-images-dataset.s3.amazonaws.com/train/2a5f9d2dc0b1f1b7.jpg,https://www.flickr.com/photos/karenandbrademerson/8786444828,https://creativecommons.org/licenses/by/2.0/,Karen and Brad Emerson
2a68f90615989a6a,train,https://open-images-dataset.s3.amazonaws.com/train/2a68f90615989a6a.jpg,https://www.flickr.com/photos/digitizedchaos/5508655179,https://creativecommons.org/licenses/by/2.0/,Rian Castillo
2a71c31ce788d9dd,train,https://open-images-dataset.s3.amazonaws.com/train/2a71c31ce788d9dd.jpg,https://www.flickr.com/photos/hanspoldoja/268075699,https://creativecommons.org/licenses/by/2.0/,Hans Põldoja
2a8295ddb550be14,train,https://open-images-dataset.s3.amazonaws.com/train/2a8295ddb550be14.jpg,https://www.flickr.com/photos/22711505@N05/8649673360,https://creativecommons.org/licenses/by/2.0/,Ron Cogswell
2a9077a7abb33072,train,https://open-images-dataset.s3.amazonaws.com/train/2a9077a7abb33072.jpg,https://www.flickr.com/photos/zeevveez/3585293874,https://creativecommons.org/licenses/by/2.0/,zeevveez
2a96f6732347fb5c,train,https://open-images-dataset.s3.amazonaws.com/train/2a96f6732347fb5c.jpg,https://www.flickr.com/photos/128345822@N05/15356923053,https://creativecommons.org/licenses/by/2.0/,Lauren Quataert
2a9716cea4de6714,train,https://open-images-dataset.s3.amazonaws.com/train/2a9716cea4de6714.jpg,https://www.flickr.com/photos/rainsong/7264034410,https://creativecommons.org/licenses/by/2.0/,Ali from Riyadh : )
2a9803cd34e8395e,train,https://open-images-dataset.s3.amazonaws.com/train/2a9803cd34e8395e.jpg,https://www.flickr.com/photos/dnamichaud/4628346138,https://creativecommons.org/licenses/by/2.0/,Dean Michaud
2aa47546a2b19513,train,https://open-images-dataset.s3.amazonaws.com/train/2aa47546a2b19513.jpg,https://www.flickr.com/photos/davef3138/3983046473,https://creativecommons.org/licenses/by/2.0/,davef3138
2aa8bdb77a589836,train,https://open-images-dataset.s3.amazonaws.com/train/2aa8bdb77a589836.jpg,https://www.flickr.com/photos/londonmatt/12324897055,https://creativecommons.org/licenses/by/2.0/,Matt Brown
2aac419b660bd87b,train,https://open-images-dataset.s3.amazonaws.com/train/2aac419b660bd87b.jpg,https://www.flickr.com/photos/ayk/12855776,https://creativecommons.org/licenses/by/2.0/,ayako
2ac0bd4747ddd354,train,https://open-images-dataset.s3.amazonaws.com/train/2ac0bd4747ddd354.jpg,https://www.flickr.com/photos/bassibaba/2515603277,https://creativecommons.org/licenses/by/2.0/,Bassi Baba
2ac7e7e3b32988f8,train,https://open-images-dataset.s3.amazonaws.com/train/2ac7e7e3b32988f8.jpg,https://www.flickr.com/photos/26023255@N03/9181789708,https://creativecommons.org/licenses/by/2.0/,Jenifer Corrêa
2ad213fba62bba1c,train,https://open-images-dataset.s3.amazonaws.com/train/2ad213fba62bba1c.jpg,https://www.flickr.com/photos/tbwb/7625308462,https://creativecommons.org/licenses/by/2.0/,Unskinny Boppy
2addc7ad1e4a9138,train,https://open-images-dataset.s3.amazonaws.com/train/2addc7ad1e4a9138.jpg,https://www.flickr.com/photos/40987321@N02/5949829702,https://creativecommons.org/licenses/by/2.0/,Alex
2af12fcd771c1cab,train,https://open-images-dataset.s3.amazonaws.com/train/2af12fcd771c1cab.jpg,https://www.flickr.com/photos/depenbusch/5808536344,https://creativecommons.org/licenses/by/2.0/,Thomas Depenbusch
2af47353bb706b2d,train,https://open-images-dataset.s3.amazonaws.com/train/2af47353bb706b2d.jpg,https://www.flickr.com/photos/dipu87/2614666364,https://creativecommons.org/licenses/by/2.0/,Dipanker Dutta
2b004fdc69a4b79b,train,https://open-images-dataset.s3.amazonaws.com/train/2b004fdc69a4b79b.jpg,https://www.flickr.com/photos/psyberartist/16551461433,https://creativecommons.org/licenses/by/2.0/,psyberartist
2b03265c825fdfb8,train,https://open-images-dataset.s3.amazonaws.com/train/2b03265c825fdfb8.jpg,https://www.flickr.com/photos/khalidalbaih/5100962594,https://creativecommons.org/licenses/by/2.0/,Khalid Albaih
2b0ce05df43d2186,train,https://open-images-dataset.s3.amazonaws.com/train/2b0ce05df43d2186.jpg,https://www.flickr.com/photos/99667320@N06/14004444110,https://creativecommons.org/licenses/by/2.0/,Pixelteufel
2b137f5f95d3c696,train,https://open-images-dataset.s3.amazonaws.com/train/2b137f5f95d3c696.jpg,https://www.flickr.com/photos/eager/5961270036,https://creativecommons.org/licenses/by/2.0/,準建築人手札網站 Forgemind ArchiMedia
2b13af0d8ab4512d,train,https://open-images-dataset.s3.amazonaws.com/train/2b13af0d8ab4512d.jpg,https://www.flickr.com/photos/rob-young/926041169,https://creativecommons.org/licenses/by/2.0/,Rob Young
2b233295ab6c4d01,train,https://open-images-dataset.s3.amazonaws.com/train/2b233295ab6c4d01.jpg,https://www.flickr.com/photos/akras/4696218324,https://creativecommons.org/licenses/by/2.0/,Andrey
2b3213c2b6f248d3,train,https://open-images-dataset.s3.amazonaws.com/train/2b3213c2b6f248d3.jpg,https://www.flickr.com/photos/supermendikute/2970657253,https://creativecommons.org/licenses/by/2.0/,Josu Mendicute
2b373db40c7cec33,train,https://open-images-dataset.s3.amazonaws.com/train/2b373db40c7cec33.jpg,https://www.flickr.com/photos/gylesglover/15748077155,https://creativecommons.org/licenses/by/2.0/,Gyles Glover
2b3979c91d7989d1,train,https://open-images-dataset.s3.amazonaws.com/train/2b3979c91d7989d1.jpg,https://www.flickr.com/photos/uetliberg/9933684404,https://creativecommons.org/licenses/by/2.0/,Uetliberg
2b3a479a18257000,train,https://open-images-dataset.s3.amazonaws.com/train/2b3a479a18257000.jpg,https://www.flickr.com/photos/73494402@N00/244692865,https://creativecommons.org/licenses/by/2.0/,Arnie J
2b3fd5cb2e6951b0,train,https://open-images-dataset.s3.amazonaws.com/train/2b3fd5cb2e6951b0.jpg,https://www.flickr.com/photos/24701549@N07/18052844135,https://creativecommons.org/licenses/by/2.0/,Spudgun67
2b44877236519b9f,train,https://open-images-dataset.s3.amazonaws.com/train/2b44877236519b9f.jpg,https://www.flickr.com/photos/jf10/2829001034,https://creativecommons.org/licenses/by/2.0/,JF10
2b45c54c13c96aa4,train,https://open-images-dataset.s3.amazonaws.com/train/2b45c54c13c96aa4.jpg,https://www.flickr.com/photos/15422259@N05/16173928765/,https://creativecommons.org/licenses/by/2.0/,Huỳnh  Tấn Phát
2b5065fd3f71212c,train,https://open-images-dataset.s3.amazonaws.com/train/2b5065fd3f71212c.jpg,https://www.flickr.com/photos/92795775@N00/5444900666,https://creativecommons.org/licenses/by/2.0/,Gavin Tapp
2b7243a7b768ea2a,train,https://open-images-dataset.s3.amazonaws.com/train/2b7243a7b768ea2a.jpg,https://www.flickr.com/photos/davidececcarelli/13247561795,https://creativecommons.org/licenses/by/2.0/,Davide Ceccarelli
2b867edd138e4293,train,https://open-images-dataset.s3.amazonaws.com/train/2b867edd138e4293.jpg,https://www.flickr.com/photos/dierkschaefer/4423005132,https://creativecommons.org/licenses/by/2.0/,dierk schaefer
2b8c0f23c8e515f4,train,https://open-images-dataset.s3.amazonaws.com/train/2b8c0f23c8e515f4.jpg,https://www.flickr.com/photos/graniers/7334495666,https://creativecommons.org/licenses/by/2.0/,Graniers
2b912791ab5a61fe,train,https://open-images-dataset.s3.amazonaws.com/train/2b912791ab5a61fe.jpg,https://www.flickr.com/photos/alainalele/5610020573,https://creativecommons.org/licenses/by/2.0/,alainalele
2b9482e4dbc2e1e8,train,https://open-images-dataset.s3.amazonaws.com/train/2b9482e4dbc2e1e8.jpg,https://www.flickr.com/photos/rheumatictangle/3766813707,https://creativecommons.org/licenses/by/2.0/,Mike Rugnetta
2b960ef8f2088646,train,https://open-images-dataset.s3.amazonaws.com/train/2b960ef8f2088646.jpg,https://www.flickr.com/photos/respres/2166993854,https://creativecommons.org/licenses/by/2.0/,Jeff Turner
2bae2feefc004a76,train,https://open-images-dataset.s3.amazonaws.com/train/2bae2feefc004a76.jpg,https://www.flickr.com/photos/rnugraha/3419323590,https://creativecommons.org/licenses/by/2.0/,Riza Nugraha
2bb39bcfcfbdfc66,train,https://open-images-dataset.s3.amazonaws.com/train/2bb39bcfcfbdfc66.jpg,https://www.flickr.com/photos/63837784@N08/9705370000,https://creativecommons.org/licenses/by/2.0/,Ohio Redevelopment Projects - ODSA
2bb6aba3e86a05e5,train,https://open-images-dataset.s3.amazonaws.com/train/2bb6aba3e86a05e5.jpg,https://www.flickr.com/photos/jeremylevinedesign/3640107485,https://creativecommons.org/licenses/by/2.0/,Jeremy Levine
2bc635ecefb9d1ff,train,https://open-images-dataset.s3.amazonaws.com/train/2bc635ecefb9d1ff.jpg,https://www.flickr.com/photos/73416633@N00/250391022,https://creativecommons.org/licenses/by/2.0/,Sandra Cohen-Rose and   Colin Rose
2bd3c7222419f7f2,train,https://open-images-dataset.s3.amazonaws.com/train/2bd3c7222419f7f2.jpg,https://www.flickr.com/photos/uberculture/3873199530,https://creativecommons.org/licenses/by/2.0/,Jeremy Noble
2be0256f676372a9,train,https://open-images-dataset.s3.amazonaws.com/train/2be0256f676372a9.jpg,https://www.flickr.com/photos/flowcomm/14065355166,https://creativecommons.org/licenses/by/2.0/,flowcomm
2bf841ea4bdfaab7,train,https://open-images-dataset.s3.amazonaws.com/train/2bf841ea4bdfaab7.jpg,https://www.flickr.com/photos/vamcmag/4835191298,https://creativecommons.org/licenses/by/2.0/,Maggie McCain
2bfcaad9b23da352,train,https://open-images-dataset.s3.amazonaws.com/train/2bfcaad9b23da352.jpg,https://www.flickr.com/photos/cristianocani/2847663321,https://creativecommons.org/licenses/by/2.0/,Cristiano Cani
2c05e793f00a0e18,train,https://open-images-dataset.s3.amazonaws.com/train/2c05e793f00a0e18.jpg,https://www.flickr.com/photos/clanlife/2127957013,https://creativecommons.org/licenses/by/2.0/,Phil Campbell
2c0b4deaec3a96ac,train,https://open-images-dataset.s3.amazonaws.com/train/2c0b4deaec3a96ac.jpg,https://www.flickr.com/photos/topsteph53/5605544261,https://creativecommons.org/licenses/by/2.0/,Stephane Mignon
2c121ce9bbff677c,train,https://open-images-dataset.s3.amazonaws.com/train/2c121ce9bbff677c.jpg,https://www.flickr.com/photos/johnthescone/1964885069,https://creativecommons.org/licenses/by/2.0/,johnthescone
2c1b00e1ba432a78,train,https://open-images-dataset.s3.amazonaws.com/train/2c1b00e1ba432a78.jpg,https://www.flickr.com/photos/notionscapital/13770890595,https://creativecommons.org/licenses/by/2.0/,Mike Licht
2c284f0d8e87fae5,train,https://open-images-dataset.s3.amazonaws.com/train/2c284f0d8e87fae5.jpg,https://www.flickr.com/photos/tommy_pariah/3482279223,https://creativecommons.org/licenses/by/2.0/,Tommaso Meli
2c2d6e002bee492c,train,https://open-images-dataset.s3.amazonaws.com/train/2c2d6e002bee492c.jpg,https://www.flickr.com/photos/uitdragerij/3636024385,https://creativecommons.org/licenses/by/2.0/,Hans Dinkelberg
2c39d0eef876ebea,train,https://open-images-dataset.s3.amazonaws.com/train/2c39d0eef876ebea.jpg,https://www.flickr.com/photos/84554176@N00/7409672200,https://creativecommons.org/licenses/by/2.0/,Guillaume Baviere
2c464cba8ce77797,train,https://open-images-dataset.s3.amazonaws.com/train/2c464cba8ce77797.jpg,https://www.flickr.com/photos/eugeniopetrov/15001995687,https://creativecommons.org/licenses/by/2.0/,Eugénio Petrov
2c5f1677d38ca5b3,train,https://open-images-dataset.s3.amazonaws.com/train/2c5f1677d38ca5b3.jpg,https://www.flickr.com/photos/ken_mayer/7367284336,https://creativecommons.org/licenses/by/2.0/,Ken Mayer
2c64e591e1e6b8e0,train,https://open-images-dataset.s3.amazonaws.com/train/2c64e591e1e6b8e0.jpg,https://www.flickr.com/photos/127592731@N07/15510422615,https://creativecommons.org/licenses/by/2.0/,Mauricio Navarrete Contreras
2c6bdb716fd30a37,train,https://open-images-dataset.s3.amazonaws.com/train/2c6bdb716fd30a37.jpg,https://www.flickr.com/photos/kmore/18422301295,https://creativecommons.org/licenses/by/2.0/,kerry morrison
2c6e7f74aa2b4679,train,https://open-images-dataset.s3.amazonaws.com/train/2c6e7f74aa2b4679.jpg,https://www.flickr.com/photos/jenniferboyer/5892281472,https://creativecommons.org/licenses/by/2.0/,Jennifer Boyer
2c74df5a2bbb487a,train,https://open-images-dataset.s3.amazonaws.com/train/2c74df5a2bbb487a.jpg,https://www.flickr.com/photos/alancleaver/3457076436,https://creativecommons.org/licenses/by/2.0/,Alan Cleaver
2c7d7858a622755d,train,https://open-images-dataset.s3.amazonaws.com/train/2c7d7858a622755d.jpg,https://www.flickr.com/photos/yto/4339932694,https://creativecommons.org/licenses/by/2.0/,Tatsuo Yamashita
2cacbbb52c7a09a9,train,https://open-images-dataset.s3.amazonaws.com/train/2cacbbb52c7a09a9.jpg,https://www.flickr.com/photos/pacificairforces/8542183574,https://creativecommons.org/licenses/by/2.0/,PACAF
2cb1910cbbc0cbee,train,https://open-images-dataset.s3.amazonaws.com/train/2cb1910cbbc0cbee.jpg,https://www.flickr.com/photos/emmandevin/5893852097,https://creativecommons.org/licenses/by/2.0/,Britt Reints
2cbd3443b7ecf1a3,train,https://open-images-dataset.s3.amazonaws.com/train/2cbd3443b7ecf1a3.jpg,https://www.flickr.com/photos/andymangold/5100498165,https://creativecommons.org/licenses/by/2.0/,Andy Mangold
2cc65f0a7ffb2ada,train,https://open-images-dataset.s3.amazonaws.com/train/2cc65f0a7ffb2ada.jpg,https://www.flickr.com/photos/httpwwwflickrcomphotostopend/3618268806,https://creativecommons.org/licenses/by/2.0/,Stephen Michael Barnett
2cdb6776168b58be,train,https://open-images-dataset.s3.amazonaws.com/train/2cdb6776168b58be.jpg,https://www.flickr.com/photos/ceciliaheinen/8604901506,https://creativecommons.org/licenses/by/2.0/,Cecilia Heinen
2cddd138853e291a,train,https://open-images-dataset.s3.amazonaws.com/train/2cddd138853e291a.jpg,https://www.flickr.com/photos/doc_ugo/3024141099,https://creativecommons.org/licenses/by/2.0/,hugo esteves
2ce4cbfe94971c54,train,https://open-images-dataset.s3.amazonaws.com/train/2ce4cbfe94971c54.jpg,https://www.flickr.com/photos/nordique/17934559,https://creativecommons.org/licenses/by/2.0/,Peter Stevens
2ce5a7423e8f7fb1,train,https://open-images-dataset.s3.amazonaws.com/train/2ce5a7423e8f7fb1.jpg,https://www.flickr.com/photos/james-gunn/14851105590,https://creativecommons.org/licenses/by/2.0/,James Gunn
2d0e708bfa0860f8,train,https://open-images-dataset.s3.amazonaws.com/train/2d0e708bfa0860f8.jpg,https://www.flickr.com/photos/5nap/11387740875/in/pool-architecture/,https://creativecommons.org/licenses/by/2.0/,Sergey Norin
2d2ba896b05158ce,train,https://open-images-dataset.s3.amazonaws.com/train/2d2ba896b05158ce.jpg,https://www.flickr.com/photos/124016496@N07/15991650672,https://creativecommons.org/licenses/by/2.0/,Rachel Chapdelaine
2d366ee4635aba0b,train,https://open-images-dataset.s3.amazonaws.com/train/2d366ee4635aba0b.jpg,https://www.flickr.com/photos/yamauchibukuro/15602454350,https://creativecommons.org/licenses/by/2.0/,yamauchi
2d4244fa1ce459c3,train,https://open-images-dataset.s3.amazonaws.com/train/2d4244fa1ce459c3.jpg,https://www.flickr.com/photos/45131642@N00/4232353700,https://creativecommons.org/licenses/by/2.0/,Phil Parker
2d4b6cb96d5983a2,train,https://open-images-dataset.s3.amazonaws.com/train/2d4b6cb96d5983a2.jpg,https://www.flickr.com/photos/pellesten/3941230379,https://creativecommons.org/licenses/by/2.0/,Pelle Sten
2d50f0f8fbf86e00,train,https://open-images-dataset.s3.amazonaws.com/train/2d50f0f8fbf86e00.jpg,https://www.flickr.com/photos/snigl3t/2228775800,https://creativecommons.org/licenses/by/2.0/,Anne-Lise Heinrichs
2d52adfca7e8ca89,train,https://open-images-dataset.s3.amazonaws.com/train/2d52adfca7e8ca89.jpg,https://www.flickr.com/photos/31216636@N00/21157188555,https://creativecommons.org/licenses/by/2.0/,David Evers
2d77abeaafb83448,train,https://open-images-dataset.s3.amazonaws.com/train/2d77abeaafb83448.jpg,https://www.flickr.com/photos/buridan/14613746673,https://creativecommons.org/licenses/by/2.0/,Jeremy hunsinger
2d8d6307314afe5a,train,https://open-images-dataset.s3.amazonaws.com/train/2d8d6307314afe5a.jpg,https://www.flickr.com/photos/zeldman/19409871406,https://creativecommons.org/licenses/by/2.0/,Jeffrey Zeldman
2d91739e4bc860c3,train,https://open-images-dataset.s3.amazonaws.com/train/2d91739e4bc860c3.jpg,https://www.flickr.com/photos/everydaypants/6783380903,https://creativecommons.org/licenses/by/2.0/,ramsey beyer
2d96a66cfd637d06,train,https://open-images-dataset.s3.amazonaws.com/train/2d96a66cfd637d06.jpg,https://www.flickr.com/photos/leshaines123/7789001308,https://creativecommons.org/licenses/by/2.0/,Les Haines
2da0bc35c3f722e6,train,https://open-images-dataset.s3.amazonaws.com/train/2da0bc35c3f722e6.jpg,https://www.flickr.com/photos/v1ctor/20005951664,https://creativecommons.org/licenses/by/2.0/,Victor
2dbefdb6a11a9825,train,https://open-images-dataset.s3.amazonaws.com/train/2dbefdb6a11a9825.jpg,https://www.flickr.com/photos/andreasduess/14961354357,https://creativecommons.org/licenses/by/2.0/,Andreas Duess
2dc3e1525cb7a184,train,https://open-images-dataset.s3.amazonaws.com/train/2dc3e1525cb7a184.jpg,https://www.flickr.com/photos/maong/1998193113,https://creativecommons.org/licenses/by/2.0/,Monica Arellano-Ongpin
2dd0edf1e2702eb6,train,https://open-images-dataset.s3.amazonaws.com/train/2dd0edf1e2702eb6.jpg,https://www.flickr.com/photos/xerostomia/325280230,https://creativecommons.org/licenses/by/2.0/,Rob!
2dd13ab9d780184c,train,https://open-images-dataset.s3.amazonaws.com/train/2dd13ab9d780184c.jpg,https://www.flickr.com/photos/63837784@N08/14683281345,https://creativecommons.org/licenses/by/2.0/,Ohio Redevelopment Projects - ODSA
2de0db950fd976c4,train,https://open-images-dataset.s3.amazonaws.com/train/2de0db950fd976c4.jpg,https://www.flickr.com/photos/itstimetoriseup/5396430649/,https://creativecommons.org/licenses/by/2.0/,Stop the Tar Sands
2deb9d0860c1e8d9,train,https://open-images-dataset.s3.amazonaws.com/train/2deb9d0860c1e8d9.jpg,https://www.flickr.com/photos/kevinkrejci/18538191439,https://creativecommons.org/licenses/by/2.0/,Kevin Krejci
2ded2149901323e0,train,https://open-images-dataset.s3.amazonaws.com/train/2ded2149901323e0.jpg,https://www.flickr.com/photos/krasava/8627080341/,https://creativecommons.org/licenses/by/2.0/,Alex Krasavtsev
2e02fc854bbdee58,train,https://open-images-dataset.s3.amazonaws.com/train/2e02fc854bbdee58.jpg,https://www.flickr.com/photos/gonmi/7555388202,https://creativecommons.org/licenses/by/2.0/,Nacho
2e0a508dbeaa21e1,train,https://open-images-dataset.s3.amazonaws.com/train/2e0a508dbeaa21e1.jpg,https://www.flickr.com/photos/malcolmtredinnick/5332538616,https://creativecommons.org/licenses/by/2.0/,Malcolm Tredinnick
2e19a9e6b021a8f4,train,https://open-images-dataset.s3.amazonaws.com/train/2e19a9e6b021a8f4.jpg,https://www.flickr.com/photos/martinduerr/20466355213,https://creativecommons.org/licenses/by/2.0/,Martin Dürr
2e28ff38d8963c63,train,https://open-images-dataset.s3.amazonaws.com/train/2e28ff38d8963c63.jpg,https://www.flickr.com/photos/loughboroughuniversitylibrary/5388190505,https://creativecommons.org/licenses/by/2.0/,Loughborough University Library
2e2d06f0d28e9ef2,train,https://open-images-dataset.s3.amazonaws.com/train/2e2d06f0d28e9ef2.jpg,https://www.flickr.com/photos/enixii/4289817551,https://creativecommons.org/licenses/by/2.0/,chia ying Yang
2e2e41612fd33ce5,train,https://open-images-dataset.s3.amazonaws.com/train/2e2e41612fd33ce5.jpg,https://www.flickr.com/photos/23727257@N00/5236349105,https://creativecommons.org/licenses/by/2.0/,Suzie Tremmel
2e352fb31df09664,train,https://open-images-dataset.s3.amazonaws.com/train/2e352fb31df09664.jpg,https://www.flickr.com/photos/endogamia/20568463869,https://creativecommons.org/licenses/by/2.0/,Feans
2e3e8e5b611f4a49,train,https://open-images-dataset.s3.amazonaws.com/train/2e3e8e5b611f4a49.jpg,https://www.flickr.com/photos/trondheim_byarkiv/4706693850,https://creativecommons.org/licenses/by/2.0/,Municipal Archives of Trondheim
2e411ff3b4e72cd7,train,https://open-images-dataset.s3.amazonaws.com/train/2e411ff3b4e72cd7.jpg,https://www.flickr.com/photos/15959192@N02/3776122410,https://creativecommons.org/licenses/by/2.0/,ANU PADMA IYANGAR
2e41d627420c50cf,train,https://open-images-dataset.s3.amazonaws.com/train/2e41d627420c50cf.jpg,https://www.flickr.com/photos/nslashdot/14691479237/,https://creativecommons.org/licenses/by/2.0/,Deeped Niclas &amp; Amanda Strandh
2e422341ac7d6c33,train,https://open-images-dataset.s3.amazonaws.com/train/2e422341ac7d6c33.jpg,https://www.flickr.com/photos/ninara/8649523856,https://creativecommons.org/licenses/by/2.0/,Ninara
2e45c903c149d345,train,https://open-images-dataset.s3.amazonaws.com/train/2e45c903c149d345.jpg,https://www.flickr.com/photos/rezapci/21717589608,https://creativecommons.org/licenses/by/2.0/,Lion Multimedia Production U.S.A.
2e46d048c7cc0729,train,https://open-images-dataset.s3.amazonaws.com/train/2e46d048c7cc0729.jpg,https://www.flickr.com/photos/ameriswede/6561598713,https://creativecommons.org/licenses/by/2.0/,_Dinkel_
2e57562a36a56a69,train,https://open-images-dataset.s3.amazonaws.com/train/2e57562a36a56a69.jpg,https://www.flickr.com/photos/laurenprofeta/2395946724,https://creativecommons.org/licenses/by/2.0/,Lauren Mitchell
2e5bb923a3f8fdf4,train,https://open-images-dataset.s3.amazonaws.com/train/2e5bb923a3f8fdf4.jpg,https://www.flickr.com/photos/gonmi/15489251254,https://creativecommons.org/licenses/by/2.0/,Nacho
2e81af425bcce5c6,train,https://open-images-dataset.s3.amazonaws.com/train/2e81af425bcce5c6.jpg,https://www.flickr.com/photos/fanofretail/9029414567,https://creativecommons.org/licenses/by/2.0/,Nicholas Eckhart
2e937efd33858a65,train,https://open-images-dataset.s3.amazonaws.com/train/2e937efd33858a65.jpg,https://www.flickr.com/photos/laffy4k/457349148,https://creativecommons.org/licenses/by/2.0/,chrismetcalfTV
2e949c2ed0e4e7a4,train,https://open-images-dataset.s3.amazonaws.com/train/2e949c2ed0e4e7a4.jpg,https://www.flickr.com/photos/stignygaard/18966305930,https://creativecommons.org/licenses/by/2.0/,Stig Nygaard
2e94bfb7a019e186,train,https://open-images-dataset.s3.amazonaws.com/train/2e94bfb7a019e186.jpg,https://www.flickr.com/photos/pussnboots/8027654511,https://creativecommons.org/licenses/by/2.0/,Isabel
2ea31162cd2706a1,train,https://open-images-dataset.s3.amazonaws.com/train/2ea31162cd2706a1.jpg,https://www.flickr.com/photos/sarchi/496539166/,https://creativecommons.org/licenses/by/2.0/,_sarchi
2eaaf0eb13b0162a,train,https://open-images-dataset.s3.amazonaws.com/train/2eaaf0eb13b0162a.jpg,https://www.flickr.com/photos/fifikins/3618801461,https://creativecommons.org/licenses/by/2.0/,Fiona Henderson
2eb9ca6f173921f8,train,https://open-images-dataset.s3.amazonaws.com/train/2eb9ca6f173921f8.jpg,https://www.flickr.com/photos/pcambra/3958405019,https://creativecommons.org/licenses/by/2.0/,Pedro Cambra
2ebf78bd74f887f8,train,https://open-images-dataset.s3.amazonaws.com/train/2ebf78bd74f887f8.jpg,https://www.flickr.com/photos/spycherf/10722013695,https://creativecommons.org/licenses/by/2.0/,Frederic Spycher
2ec7167bc4f0261d,train,https://open-images-dataset.s3.amazonaws.com/train/2ec7167bc4f0261d.jpg,https://www.flickr.com/photos/caspermoller/2674923698,https://creativecommons.org/licenses/by/2.0/,Casper Moller
2eedacb1aea229c6,train,https://open-images-dataset.s3.amazonaws.com/train/2eedacb1aea229c6.jpg,https://www.flickr.com/photos/y2bk/2525265704,https://creativecommons.org/licenses/by/2.0/,brian kelly
2ef1502c32756112,train,https://open-images-dataset.s3.amazonaws.com/train/2ef1502c32756112.jpg,https://www.flickr.com/photos/zigazou76/10860859246,https://creativecommons.org/licenses/by/2.0/,Frédéric BISSON
2ef500716f41d866,train,https://open-images-dataset.s3.amazonaws.com/train/2ef500716f41d866.jpg,https://www.flickr.com/photos/jordanwoods/8539126301,https://creativecommons.org/licenses/by/2.0/,Jordan Woods
2f05de4c51e54944,train,https://open-images-dataset.s3.amazonaws.com/train/2f05de4c51e54944.jpg,https://www.flickr.com/photos/waferboard/9378713817/,https://creativecommons.org/licenses/by/2.0/,waferboard
2f0b58f097c29808,train,https://open-images-dataset.s3.amazonaws.com/train/2f0b58f097c29808.jpg,https://www.flickr.com/photos/pasa/8655533247,https://creativecommons.org/licenses/by/2.0/,Paul Sableman
2f2462545f07a385,train,https://open-images-dataset.s3.amazonaws.com/train/2f2462545f07a385.jpg,https://www.flickr.com/photos/atoach/7358747564,https://creativecommons.org/licenses/by/2.0/,Tim Green
2f259b8ce5ae2846,train,https://open-images-dataset.s3.amazonaws.com/train/2f259b8ce5ae2846.jpg,https://www.flickr.com/photos/sfj/88749671,https://creativecommons.org/licenses/by/2.0/,iMorpheus
2f3b817b008fced6,train,https://open-images-dataset.s3.amazonaws.com/train/2f3b817b008fced6.jpg,https://www.flickr.com/photos/alishav/4447727537,https://creativecommons.org/licenses/by/2.0/,Alisha Vargas
2f3c8825c9b49fe1,train,https://open-images-dataset.s3.amazonaws.com/train/2f3c8825c9b49fe1.jpg,https://www.flickr.com/photos/amyphotoe/15912011284,https://creativecommons.org/licenses/by/2.0/,amy catherine
2f41bf4985440324,train,https://open-images-dataset.s3.amazonaws.com/train/2f41bf4985440324.jpg,https://www.flickr.com/photos/jaycross/3250202881,https://creativecommons.org/licenses/by/2.0/,Jay Cross
2f50680cb9173e91,train,https://open-images-dataset.s3.amazonaws.com/train/2f50680cb9173e91.jpg,https://www.flickr.com/photos/oakleyoriginals/8224865876,https://creativecommons.org/licenses/by/2.0/,OakleyOriginals
