family,id,level,contrast,crop,crop_x2,edge_margin,global_lap_var,global_saturated,guess_is_number,height,label_contrast,label_edge_margin,label_hmac,label_lap_var,label_lap_var_32,label_saturated,label_text_height_px,lap_var,lap_var_32,ok,saturated,text_height_px,width
blur,m01,0.02,0.077,,,5.3189,34.5787,0.0001,1,1536,0.0242,6.8568,d812ecbb0d03d8e7c4f63d989b77152a9b74545079658868dfcd72a5b9c28576,3.2112,12.094,0.0,62.5152,8.3439,104.8262,1,0.0,77.5019,2048
blur,m01,0.04,0.0204,,,6.6407,7.7381,0.0,1,1536,0.0205,6.8568,d812ecbb0d03d8e7c4f63d989b77152a9b74545079658868dfcd72a5b9c28576,1.6859,2.5746,0.0,62.5152,1.6747,2.6362,1,0.0,63.9899,2048
blur,m01,0.06,0.0172,0,0,7.15,2.5182,0.0,0,1536,0.0178,6.8568,d812ecbb0d03d8e7c4f63d989b77152a9b74545079658868dfcd72a5b9c28576,1.3499,0.7849,0.0,62.5152,1.347,0.6938,0,0.0,59.5349,2048
blur,m01,0.08,0.0155,0,0,9.8,1.1308,0.0,0,1536,0.0159,6.8568,d812ecbb0d03d8e7c4f63d989b77152a9b74545079658868dfcd72a5b9c28576,1.301,0.3734,0.0,62.5152,1.5985,0.3406,0,0.0,44.6512,2048
blur,m01,0.1,0.0586,0,0,10.1053,0.6363,0.0,0,1536,0.0143,6.8568,d812ecbb0d03d8e7c4f63d989b77152a9b74545079658868dfcd72a5b9c28576,1.2181,0.2356,0.0,62.5152,1.4942,0.7577,0,0.0,56.5581,2048
blur,m01,0.13,,0,0,,0.3604,0.0,,1536,0.0126,6.8568,d812ecbb0d03d8e7c4f63d989b77152a9b74545079658868dfcd72a5b9c28576,1.025,0.2096,0.0,62.5152,,,0,,,2048
blur,m01,0.16,,0,0,,0.2573,0.0,,1536,0.0113,6.8568,d812ecbb0d03d8e7c4f63d989b77152a9b74545079658868dfcd72a5b9c28576,0.8107,0.2286,0.0,62.5152,,,0,,,2048
blur,m01,0.2,,0,0,,0.2025,0.0,,1536,0.0099,6.8568,d812ecbb0d03d8e7c4f63d989b77152a9b74545079658868dfcd72a5b9c28576,0.6204,0.2516,0.0,62.5152,,,0,,,2048
blur,m01,0.25,,0,0,,0.1775,0.0,,1536,0.0087,6.8568,d812ecbb0d03d8e7c4f63d989b77152a9b74545079658868dfcd72a5b9c28576,0.4286,0.1986,0.0,62.5152,,,0,,,2048
blur,m01,0.3,,0,0,,0.1655,0.0,,1536,0.008,6.8568,d812ecbb0d03d8e7c4f63d989b77152a9b74545079658868dfcd72a5b9c28576,0.3496,0.1601,0.0,62.5152,,,0,,,2048
edge,m01,2.0,0.0831,,,1.7131,72.5735,0.0,1,1536,0.0279,2.0018,d812ecbb0d03d8e7c4f63d989b77152a9b74545079658868dfcd72a5b9c28576,22.8126,44.2042,0.0,62.5152,42.6914,209.3331,1,0.0,74.1628,1295
edge,m01,1.0,0.0802,,,0.7931,67.9072,0.0,1,1536,0.0279,0.994,d812ecbb0d03d8e7c4f63d989b77152a9b74545079658868dfcd72a5b9c28576,22.8126,44.2042,0.0,62.5152,42.3103,211.7033,1,0.0,75.7486,1232
edge,m01,0.5,0.082,,,0.1175,66.2516,0.0,0,1536,0.0279,0.4981,d812ecbb0d03d8e7c4f63d989b77152a9b74545079658868dfcd72a5b9c28576,22.8126,44.2042,0.0,62.5152,41.5622,210.1374,1,0.0,74.9435,1201
edge,m01,0.25,0.0807,,,0.1805,64.4172,0.0,1,1536,0.0279,0.2422,d812ecbb0d03d8e7c4f63d989b77152a9b74545079658868dfcd72a5b9c28576,22.8126,44.2042,0.0,62.5152,42.5935,213.0942,1,0.0,74.1628,1185
edge,m01,0.1,0.0813,,,0.0882,64.0518,0.0,1,1536,0.0274,0.0982,d812ecbb0d03d8e7c4f63d989b77152a9b74545079658868dfcd72a5b9c28576,22.0622,43.2443,0.0,62.5152,42.3542,219.7688,1,0.0,74.7683,1176
edge,m01,0.0,0.0794,,,0.0303,63.697,0.0,1,1536,0.0273,0.0023,d812ecbb0d03d8e7c4f63d989b77152a9b74545079658868dfcd72a5b9c28576,21.989,43.2349,0.0,62.5152,42.8841,213.0802,1,0.0,73.6744,1170
edge,m01,-0.5,0.0867,0,0,0.2053,63.3875,0.0,0,1536,0.0263,0.0,d812ecbb0d03d8e7c4f63d989b77152a9b74545079658868dfcd72a5b9c28576,20.0496,38.301,0.0,62.5152,42.8626,232.1171,0,0.0,75.22,1139
edge,m01,-1.0,0.0915,0,0,0.0232,60.7156,0.0,0,1536,0.0263,0.0,d812ecbb0d03d8e7c4f63d989b77152a9b74545079658868dfcd72a5b9c28576,20.1787,39.4923,0.0,62.5152,48.7562,223.8989,0,0.0,68.1071,1107
edge,m01,-2.0,0.097,0,0,0.0601,59.1552,0.0,0,1536,0.0264,0.0,d812ecbb0d03d8e7c4f63d989b77152a9b74545079658868dfcd72a5b9c28576,21.1022,42.1292,0.0,62.5152,51.8448,286.1229,0,0.0,74.1628,1045
glare,m01,0.3,0.0269,,,7.0319,100.559,0.0001,1,1536,0.0267,6.8568,d812ecbb0d03d8e7c4f63d989b77152a9b74545079658868dfcd72a5b9c28576,15.9558,28.1607,0.0,62.5152,16.4707,27.6251,1,0.0,60.8638,2048
glare,m01,0.5,0.0308,,,7.0223,98.9973,0.0001,1,1536,0.0305,6.8568,d812ecbb0d03d8e7c4f63d989b77152a9b74545079658868dfcd72a5b9c28576,11.8429,19.71,0.0,62.5152,12.737,21.7966,1,0.0,60.941,2048
glare,m01,0.7,0.037,,,7.2,97.5423,0.0001,1,1536,0.0366,6.8568,d812ecbb0d03d8e7c4f63d989b77152a9b74545079658868dfcd72a5b9c28576,8.4085,13.1572,0.0,62.5152,9.1559,14.0233,1,0.0,59.5349,2048
glare,m01,0.85,0.0927,0,0,8.3043,96.5206,0.0001,0,1536,0.0423,6.8568,d812ecbb0d03d8e7c4f63d989b77152a9b74545079658868dfcd72a5b9c28576,6.3889,9.3853,0.0,62.5152,81.4248,372.8487,0,0.0,68.4651,2048
glare,m01,1.0,0.0912,0,0,8.3043,95.5903,0.003,0,1536,0.0483,6.8568,d812ecbb0d03d8e7c4f63d989b77152a9b74545079658868dfcd72a5b9c28576,4.7571,6.7173,0.2537,62.5152,74.7127,340.9768,0,0.0,68.4651,2048
glare,m01,1.5,0.0909,0,0,8.3043,92.9069,0.0131,0,1536,0.0395,6.8568,d812ecbb0d03d8e7c4f63d989b77152a9b74545079658868dfcd72a5b9c28576,1.937,2.4026,0.635,62.5152,55.8628,251.5087,0,0.0411,68.4651,2048
glare,m01,2.5,0.0968,0,0,9.1429,89.0532,0.025,0,1536,0.013,6.8568,d812ecbb0d03d8e7c4f63d989b77152a9b74545079658868dfcd72a5b9c28576,0.3129,0.1784,0.905,62.5152,46.3842,172.512,0,0.1314,62.5116,2048
glare,m01,4.0,,0,0,,85.2018,0.0367,,1536,0.0,6.8568,d812ecbb0d03d8e7c4f63d989b77152a9b74545079658868dfcd72a5b9c28576,0.0,0.0,1.0,62.5152,,,0,,,2048
motion,m01,0.05,0.0268,,,7.0383,77.7214,0.0001,1,1536,0.0266,6.8568,d812ecbb0d03d8e7c4f63d989b77152a9b74545079658868dfcd72a5b9c28576,10.8321,31.0997,0.0,62.5152,11.1104,30.3405,1,0.0,60.8121,2048
motion,m01,0.1,0.0816,,,5.56,45.352,0.0,1,1536,0.0246,6.8568,d812ecbb0d03d8e7c4f63d989b77152a9b74545079658868dfcd72a5b9c28576,6.2686,16.699,0.0,62.5152,9.8061,73.7006,1,0.0,74.4186,2048
motion,m01,0.15,0.0752,,,5.4527,32.1513,0.0,0,1536,0.023,6.8568,d812ecbb0d03d8e7c4f63d989b77152a9b74545079658868dfcd72a5b9c28576,4.739,11.4311,0.0,62.5152,6.0611,33.9418,1,0.0,75.7599,2048
motion,m01,0.2,0.0217,,,6.9458,24.6735,0.0,1,1536,0.0212,6.8568,d812ecbb0d03d8e7c4f63d989b77152a9b74545079658868dfcd72a5b9c28576,3.772,8.2871,0.0,62.5152,3.7684,7.8558,1,0.0,61.5676,2048
motion,m01,0.3,0.0192,0,0,7.5789,19.4956,0.0,0,1536,0.0192,6.8568,d812ecbb0d03d8e7c4f63d989b77152a9b74545079658868dfcd72a5b9c28576,3.0337,6.1565,0.0,62.5152,3.2229,5.1847,0,0.0,56.5581,2048
motion,m01,0.4,0.018,0,0,8.5294,16.7203,0.0,0,1536,0.0177,6.8568,d812ecbb0d03d8e7c4f63d989b77152a9b74545079658868dfcd72a5b9c28576,2.6037,4.9539,0.0,62.5152,2.9777,3.8494,0,0.0,50.6047,2048
motion,m01,0.5,0.0663,0,0,12.0,14.9341,0.0,0,1536,0.0165,6.8568,d812ecbb0d03d8e7c4f63d989b77152a9b74545079658868dfcd72a5b9c28576,2.3317,4.1811,0.0,62.5152,10.1429,24.683,0,0.0,47.6279,2048
motion,m01,0.7,,0,0,,12.4173,0.0,,1536,0.015,6.8568,d812ecbb0d03d8e7c4f63d989b77152a9b74545079658868dfcd72a5b9c28576,1.8551,3.2789,0.0,62.5152,,,0,,,2048
motion,m01,1.0,,0,0,,10.2098,0.0,,1536,0.015,6.8568,d812ecbb0d03d8e7c4f63d989b77152a9b74545079658868dfcd72a5b9c28576,1.6509,2.8069,0.0,62.5152,,,0,,,2048
scale,m01,48,0.0274,,,6.6903,115.4188,0.0001,1,1179,0.0279,6.8568,d812ecbb0d03d8e7c4f63d989b77152a9b74545079658868dfcd72a5b9c28576,40.3539,43.6583,0.0,47.9853,38.7901,43.2023,1,0.0,49.3183,1572
scale,m01,40,0.0922,1,0,4.372,113.9006,0.0001,0,983,0.0278,6.8568,d812ecbb0d03d8e7c4f63d989b77152a9b74545079658868dfcd72a5b9c28576,57.7602,42.84,0.0,40.0081,117.6256,275.8429,0,0.0,60.0565,1310
scale,m01,32,0.0905,,,3.8333,111.7388,0.0001,0,786,0.0277,6.8568,d812ecbb0d03d8e7c4f63d989b77152a9b74545079658868dfcd72a5b9c28576,85.3645,85.3645,0.0,31.9902,367.1793,355.4273,1,0.0,52.4,1048
scale,m01,26,0.0929,,,3.8605,277.7435,0.0001,0,639,0.0273,6.8568,d812ecbb0d03d8e7c4f63d989b77152a9b74545079658868dfcd72a5b9c28576,111.2763,28.9023,0.0,26.0073,503.5601,337.7252,1,0.0,42.9328,852
scale,m01,22,0.0916,,,5.0354,346.6974,0.0001,0,541,0.0265,6.8568,d812ecbb0d03d8e7c4f63d989b77152a9b74545079658868dfcd72a5b9c28576,129.2497,20.4505,0.0,22.0187,585.9438,203.4252,1,0.0,28.4907,721
scale,m01,18,0.0304,,,5.7988,428.0447,0.0001,1,442,0.0264,6.8568,d812ecbb0d03d8e7c4f63d989b77152a9b74545079658868dfcd72a5b9c28576,164.1356,14.2409,0.0,17.9894,237.6148,32.4457,1,0.0,20.9564,590
scale,m01,15,0.0964,,,4.6936,502.7006,0.0001,1,369,0.0253,6.8568,d812ecbb0d03d8e7c4f63d989b77152a9b74545079658868dfcd72a5b9c28576,181.8537,8.4475,0.0,15.0183,771.1947,124.3494,1,0.0,21.1225,491
scale,m01,12,0.0723,,,5.8571,597.7127,0.0001,1,295,0.0245,6.8568,d812ecbb0d03d8e7c4f63d989b77152a9b74545079658868dfcd72a5b9c28576,211.4986,4.68,0.0,12.0065,895.3725,40.2878,1,0.0,13.9527,393
scale,m01,10,0.0512,0,1,5.5,677.5461,0.0001,0,246,0.0236,6.8568,d812ecbb0d03d8e7c4f63d989b77152a9b74545079658868dfcd72a5b9c28576,231.1833,2.8997,0.0,10.0122,599.0224,14.5236,0,0.0,12.0,328
scale,m01,8,0.0816,0,0,7.2,784.8255,0.0001,0,197,0.0221,6.8568,d812ecbb0d03d8e7c4f63d989b77152a9b74545079658868dfcd72a5b9c28576,252.5592,1.1655,0.0,8.0179,3540.6297,44.9363,0,0.0,9.9495,262
scale,m01,6,,0,0,,954.7494,0.0,,147,0.0197,6.8568,d812ecbb0d03d8e7c4f63d989b77152a9b74545079658868dfcd72a5b9c28576,208.991,0.4368,0.0,5.9829,,,0,,,197
blur,m02,0.02,0.1353,,,2.626,100.8902,0.013,0,1200,0.1477,10.9482,2b529b822606e1cf1fcccaf68186d6ac7ad9a585a2802b919a0923e60d1cbeee,156.9499,491.9056,0.0,49.128,233.4818,509.9937,1,0.0342,43.7209,1600
blur,m02,0.04,0.1174,,,10.7876,22.7687,0.0107,1,1200,0.118,10.9482,2b529b822606e1cf1fcccaf68186d6ac7ad9a585a2802b919a0923e60d1cbeee,25.6724,103.7484,0.0,49.128,25.3546,110.8704,1,0.0,49.8394,1600
blur,m02,0.06,0.0958,,,10.6812,6.8789,0.0088,1,1200,0.0957,10.9482,2b529b822606e1cf1fcccaf68186d6ac7ad9a585a2802b919a0923e60d1cbeee,6.9976,25.1077,0.0,49.128,6.8968,27.1784,1,0.0,50.2079,1600
blur,m02,0.08,0.0805,,,10.6729,2.7916,0.0073,1,1200,0.0798,10.9482,2b529b822606e1cf1fcccaf68186d6ac7ad9a585a2802b919a0923e60d1cbeee,3.2821,7.8654,0.0,49.128,3.212,8.3286,1,0.0,50.2475,1600
blur,m02,0.1,0.054,0,0,16.7143,1.4412,0.006,0,1200,0.0684,10.9482,2b529b822606e1cf1fcccaf68186d6ac7ad9a585a2802b919a0923e60d1cbeee,2.2812,2.9629,0.0,49.128,2.1195,0.7862,0,0.0,32.5581,1600
blur,m02,0.13,,0,0,,0.7317,0.0037,,1200,0.056,10.9482,2b529b822606e1cf1fcccaf68186d6ac7ad9a585a2802b919a0923e60d1cbeee,1.8175,0.96,0.0,49.128,,,0,,,1600
blur,m02,0.16,,0,0,,0.4827,0.0019,,1200,0.0471,10.9482,2b529b822606e1cf1fcccaf68186d6ac7ad9a585a2802b919a0923e60d1cbeee,1.7394,0.5041,0.0,49.128,,,0,,,1600
blur,m02,0.2,,0,0,,0.3487,0.0001,,1200,0.0385,10.9482,2b529b822606e1cf1fcccaf68186d6ac7ad9a585a2802b919a0923e60d1cbeee,1.7111,0.318,0.0,49.128,,,0,,,1600
blur,m02,0.25,,0,0,,0.2812,0.0,,1200,0.0322,10.9482,2b529b822606e1cf1fcccaf68186d6ac7ad9a585a2802b919a0923e60d1cbeee,1.6186,0.234,0.0,49.128,,,0,,,1600
blur,m02,0.3,,0,0,,0.2547,0.0,,1200,0.0294,10.9482,2b529b822606e1cf1fcccaf68186d6ac7ad9a585a2802b919a0923e60d1cbeee,1.3902,0.2336,0.0,49.128,,,0,,,1600
edge,m02,2.0,0.1674,,,1.9322,143.1471,0.0175,1,1200,0.1683,1.9902,2b529b822606e1cf1fcccaf68186d6ac7ad9a585a2802b919a0923e60d1cbeee,557.8671,1151.9859,0.0,49.128,559.4701,1254.006,1,0.0,50.5131,1112
edge,m02,1.0,0.1672,,,0.9409,139.0598,0.0168,1,1200,0.1683,0.9928,2b529b822606e1cf1fcccaf68186d6ac7ad9a585a2802b919a0923e60d1cbeee,557.8671,1151.9859,0.0,49.128,558.0386,1252.4439,1,0.0,50.6231,1063
edge,m02,0.5,0.1666,,,0.4611,137.3149,0.0165,1,1200,0.1683,0.5043,2b529b822606e1cf1fcccaf68186d6ac7ad9a585a2802b919a0923e60d1cbeee,557.8671,1151.9859,0.0,49.128,562.0696,1360.2963,1,0.0,52.0,1039
edge,m02,0.25,0.1678,,,0.2344,136.1135,0.0164,1,1200,0.1683,0.2601,2b529b822606e1cf1fcccaf68186d6ac7ad9a585a2802b919a0923e60d1cbeee,557.8671,1151.9859,0.0,49.128,557.6356,1230.2225,1,0.0,49.9712,1027
edge,m02,0.1,0.1673,,,0.1153,135.1483,0.0163,1,1200,0.169,0.0972,2b529b822606e1cf1fcccaf68186d6ac7ad9a585a2802b919a0923e60d1cbeee,563.0345,1163.8865,0.0,49.128,567.7943,1376.8739,1,0.0,52.0,1019
edge,m02,0.0,0.1685,,,0.0303,134.8203,0.0163,1,1200,0.1695,0.0,2b529b822606e1cf1fcccaf68186d6ac7ad9a585a2802b919a0923e60d1cbeee,566.0111,1169.2867,0.0,49.128,568.2238,1281.1487,1,0.0,50.7825,1014
edge,m02,-0.5,0.1655,0,0,0.3159,130.8715,0.0162,0,1200,0.167,0.0,2b529b822606e1cf1fcccaf68186d6ac7ad9a585a2802b919a0923e60d1cbeee,550.5111,1143.247,0.0,49.128,541.1429,1240.3825,0,0.0,50.5094,990
edge,m02,-1.0,0.1653,0,0,0.036,126.7834,0.0161,0,1200,0.167,0.0,2b529b822606e1cf1fcccaf68186d6ac7ad9a585a2802b919a0923e60d1cbeee,556.8796,1146.667,0.0,49.128,570.4855,1444.2984,0,0.0,52.9707,965
edge,m02,-2.0,0.1639,0,0,0.468,123.4671,0.0155,0,1200,0.1666,0.0,2b529b822606e1cf1fcccaf68186d6ac7ad9a585a2802b919a0923e60d1cbeee,540.6649,1118.0799,0.0,49.128,523.9014,1207.9635,0,0.0,51.0088,916
glare,m02,0.3,0.1365,,,10.9981,219.8799,0.0154,1,1200,0.1364,10.9482,2b529b822606e1cf1fcccaf68186d6ac7ad9a585a2802b919a0923e60d1cbeee,351.6054,719.6157,0.0,49.128,351.8134,718.366,1,0.0,48.9129,1600
glare,m02,0.5,0.163,,,2.5466,210.3237,0.0154,0,1200,0.1189,10.9482,2b529b822606e1cf1fcccaf68186d6ac7ad9a585a2802b919a0923e60d1cbeee,242.3384,493.3545,0.0,49.128,981.2329,1561.035,1,0.0979,44.8219,1600
glare,m02,0.7,0.163,,,2.5466,202.3038,0.0154,0,1200,0.1065,10.9482,2b529b822606e1cf1fcccaf68186d6ac7ad9a585a2802b919a0923e60d1cbeee,157.5923,317.7023,0.0,49.128,981.2329,1561.035,1,0.0979,44.8219,1600
glare,m02,0.85,0.163,,,2.5466,197.3299,0.0154,0,1200,0.1018,10.9482,2b529b822606e1cf1fcccaf68186d6ac7ad9a585a2802b919a0923e60d1cbeee,109.6686,219.1556,0.0,49.128,981.2329,1561.035,1,0.0979,44.8219,1600
glare,m02,1.0,0.163,0,0,2.5466,193.2845,0.0187,0,1200,0.1017,10.9482,2b529b822606e1cf1fcccaf68186d6ac7ad9a585a2802b919a0923e60d1cbeee,75.6233,149.164,0.2259,49.128,981.2329,1561.035,0,0.0979,44.8219,1600
glare,m02,1.5,0.163,0,0,2.5466,184.4895,0.0354,0,1200,0.0714,10.9482,2b529b822606e1cf1fcccaf68186d6ac7ad9a585a2802b919a0923e60d1cbeee,24.1875,45.8068,0.6203,49.128,981.2329,1561.035,0,0.0979,44.8219,1600
glare,m02,2.5,0.1521,0,0,3.0408,174.6777,0.0558,0,1200,0.0159,10.9482,2b529b822606e1cf1fcccaf68186d6ac7ad9a585a2802b919a0923e60d1cbeee,1.1257,1.6407,0.9049,49.128,974.7794,1487.6421,0,0.1456,47.6847,1600
glare,m02,4.0,0.163,0,0,2.5466,165.4238,0.075,0,1200,0.0,10.9482,2b529b822606e1cf1fcccaf68186d6ac7ad9a585a2802b919a0923e60d1cbeee,0.0,0.0,1.0,49.128,981.2329,1561.035,0,0.0979,44.8219,1600
motion,m02,0.05,0.1649,,,10.342,213.363,0.0152,1,1200,0.1664,10.9482,2b529b822606e1cf1fcccaf68186d6ac7ad9a585a2802b919a0923e60d1cbeee,492.8342,1097.7337,0.0,49.128,505.901,1303.1538,1,0.0,51.9084,1600
motion,m02,0.1,0.1566,,,8.8462,146.5171,0.014,1,1200,0.1565,10.9482,2b529b822606e1cf1fcccaf68186d6ac7ad9a585a2802b919a0923e60d1cbeee,406.4827,913.1936,0.0,49.128,342.5361,1201.7449,1,0.0,60.4651,1600
motion,m02,0.15,0.1974,,,3.5649,125.0604,0.0136,0,1200,0.1487,10.9482,2b529b822606e1cf1fcccaf68186d6ac7ad9a585a2802b919a0923e60d1cbeee,377.4794,830.7609,0.0,49.128,237.4797,2719.8177,1,0.0,131.0915,1600
motion,m02,0.2,0.1365,,,9.2,108.9202,0.0131,1,1200,0.138,10.9482,2b529b822606e1cf1fcccaf68186d6ac7ad9a585a2802b919a0923e60d1cbeee,353.2178,763.4411,0.0,49.128,282.3054,911.9067,1,0.0,58.1395,1600
motion,m02,0.3,0.1249,,,8.3451,95.0211,0.0125,1,1200,0.1241,10.9482,2b529b822606e1cf1fcccaf68186d6ac7ad9a585a2802b919a0923e60d1cbeee,331.7779,711.7188,0.0,49.128,227.8478,844.3862,1,0.0,61.7754,1600
motion,m02,0.4,0.1154,,,8.1742,86.4769,0.0122,1,1200,0.1142,10.9482,2b529b822606e1cf1fcccaf68186d6ac7ad9a585a2802b919a0923e60d1cbeee,317.0194,679.7497,0.0,49.128,206.9227,684.8821,1,0.0,63.0593,1600
motion,m02,0.5,0.1088,0,0,8.6196,79.9973,0.0119,0,1200,0.1073,10.9482,2b529b822606e1cf1fcccaf68186d6ac7ad9a585a2802b919a0923e60d1cbeee,306.2598,658.7425,0.0,49.128,199.9681,621.5711,0,0.0,59.8019,1600
motion,m02,0.7,,0,0,,70.6259,0.0114,,1200,0.0979,10.9482,2b529b822606e1cf1fcccaf68186d6ac7ad9a585a2802b919a0923e60d1cbeee,288.1521,624.7312,0.0,49.128,,,0,,,1600
motion,m02,1.0,,0,0,,58.6038,0.0108,,1200,0.0917,10.9482,2b529b822606e1cf1fcccaf68186d6ac7ad9a585a2802b919a0923e60d1cbeee,261.644,578.1008,0.0,49.128,,,0,,,1600
scale,m02,48,0.1636,,,2.5538,239.7253,0.0153,0,1172,0.1683,10.9482,2b529b822606e1cf1fcccaf68186d6ac7ad9a585a2802b919a0923e60d1cbeee,595.1709,1181.5809,0.0,47.9817,1031.0407,1579.0079,1,0.0913,43.6482,1563
scale,m02,40,0.1669,,,9.5959,238.5341,0.0153,1,977,0.1683,10.9482,2b529b822606e1cf1fcccaf68186d6ac7ad9a585a2802b919a0923e60d1cbeee,1016.838,1184.8379,0.0,39.9984,1054.7433,1609.2088,1,0.0,45.3186,1303
scale,m02,32,0.1659,,,10.2941,233.7761,0.0153,1,782,0.1681,10.9482,2b529b822606e1cf1fcccaf68186d6ac7ad9a585a2802b919a0923e60d1cbeee,1821.5835,1821.5835,0.0,32.0151,1883.0305,1272.5676,1,0.0,34.0,1042
scale,m02,26,0.1655,,,10.1429,574.7418,0.0156,1,635,0.1668,10.9482,2b529b822606e1cf1fcccaf68186d6ac7ad9a585a2802b919a0923e60d1cbeee,2952.3888,927.0127,0.0,25.9969,2950.8124,1123.1771,1,0.0,27.956,847
scale,m02,22,0.1684,,,9.2308,774.8919,0.0156,1,537,0.165,10.9482,2b529b822606e1cf1fcccaf68186d6ac7ad9a585a2802b919a0923e60d1cbeee,3988.9248,771.3488,0.0,21.9848,3826.0585,1157.5777,1,0.0,25.9517,716
scale,m02,18,0.1598,,,8.7125,1036.2637,0.0158,1,440,0.1614,10.9482,2b529b822606e1cf1fcccaf68186d6ac7ad9a585a2802b919a0923e60d1cbeee,5335.2702,568.4749,0.0,18.0136,5604.7673,1055.739,1,0.0,22.2525,586
scale,m02,15,0.1387,,,6.1111,1270.5575,0.0157,0,366,0.1561,10.9482,2b529b822606e1cf1fcccaf68186d6ac7ad9a585a2802b919a0923e60d1cbeee,6879.5224,403.8308,0.0,14.984,5422.5423,540.4736,1,0.0,18.0,489
scale,m02,12,0.1464,,,9.1734,1556.084,0.0152,1,293,0.1487,10.9482,2b529b822606e1cf1fcccaf68186d6ac7ad9a585a2802b919a0923e60d1cbeee,8353.8767,213.7948,0.0,11.9954,7850.4262,352.8603,1,0.0,14.1143,391
scale,m02,10,0.1358,,,7.3854,1744.799,0.0145,1,244,0.1394,10.9482,2b529b822606e1cf1fcccaf68186d6ac7ad9a585a2802b919a0923e60d1cbeee,9215.0063,122.5914,0.0,9.9894,7191.8191,330.2166,1,0.0,14.584,326
scale,m02,8,,0,0,,1927.7715,0.0129,,195,0.1293,10.9482,2b529b822606e1cf1fcccaf68186d6ac7ad9a585a2802b919a0923e60d1cbeee,10117.9641,49.7509,0.0,7.9833,,,0,,,261
scale,m02,6,,0,0,,2127.508,0.0111,,147,0.1116,10.9482,2b529b822606e1cf1fcccaf68186d6ac7ad9a585a2802b919a0923e60d1cbeee,10083.4147,22.6294,0.0,6.0182,,,0,,,195
blur,m03,0.02,0.0969,,,5.877,103.8524,0.0,1,1536,0.0975,5.9503,9da1e58889b4a059a3be2a14278ee387eb916b94ea80058bac80b21fd95bc0a7,60.4369,370.3137,0.0,59.9962,59.6357,377.7128,1,0.0,60.683,2048
blur,m03,0.04,0.0825,,,4.977,17.4632,0.0,1,1536,0.0761,5.9503,9da1e58889b4a059a3be2a14278ee387eb916b94ea80058bac80b21fd95bc0a7,6.3958,46.1143,0.0,59.9962,5.6763,67.9178,1,0.0,70.6544,2048
blur,m03,0.06,0.0521,,,5.9124,4.5754,0.0,1,1536,0.0646,5.9503,9da1e58889b4a059a3be2a14278ee387eb916b94ea80058bac80b21fd95bc0a7,2.1277,8.3156,0.0,59.9962,2.0436,7.6359,1,0.0,60.3483,2048
blur,m03,0.08,0.0445,,,5.9048,1.7725,0.0,1,1536,0.0575,5.9503,9da1e58889b4a059a3be2a14278ee387eb916b94ea80058bac80b21fd95bc0a7,1.5563,2.4754,0.0,59.9962,1.5253,2.2013,1,0.0,60.4203,2048
blur,m03,0.1,0.0377,0,0,6.3158,0.919,0.0,0,1536,0.0527,5.9503,9da1e58889b4a059a3be2a14278ee387eb916b94ea80058bac80b21fd95bc0a7,1.473,0.9956,0.0,59.9962,1.5249,0.755,0,0.0,56.5581,2048
blur,m03,0.13,,0,0,,0.4701,0.0,,1536,0.0474,5.9503,9da1e58889b4a059a3be2a14278ee387eb916b94ea80058bac80b21fd95bc0a7,1.4398,0.438,0.0,59.9962,,,0,,,2048
blur,m03,0.16,,0,0,,0.3104,0.0,,1536,0.0437,5.9503,9da1e58889b4a059a3be2a14278ee387eb916b94ea80058bac80b21fd95bc0a7,1.4936,0.2773,0.0,59.9962,,,0,,,2048
blur,m03,0.2,,0,0,,0.226,0.0,,1536,0.04,5.9503,9da1e58889b4a059a3be2a14278ee387eb916b94ea80058bac80b21fd95bc0a7,1.4157,0.198,0.0,59.9962,,,0,,,2048
blur,m03,0.25,,0,0,,0.1846,0.0,,1536,0.0368,5.9503,9da1e58889b4a059a3be2a14278ee387eb916b94ea80058bac80b21fd95bc0a7,1.1616,0.1784,0.0,59.9962,,,0,,,2048
blur,m03,0.3,,0,0,,0.1668,0.0,,1536,0.0346,5.9503,9da1e58889b4a059a3be2a14278ee387eb916b94ea80058bac80b21fd95bc0a7,1.0039,0.1789,0.0,59.9962,,,0,,,2048
edge,m03,2.0,0.1264,,,2.0969,254.9227,0.0005,1,1536,0.1188,1.9947,9da1e58889b4a059a3be2a14278ee387eb916b94ea80058bac80b21fd95bc0a7,400.3871,1218.7012,0.0,59.9962,415.4776,1209.2453,1,0.0,58.4884,1358
edge,m03,1.0,0.1187,,,1.0296,247.7389,0.0005,1,1536,0.1188,0.9947,9da1e58889b4a059a3be2a14278ee387eb916b94ea80058bac80b21fd95bc0a7,400.3871,1218.7012,0.0,59.9962,397.9129,1221.0027,1,0.0,60.4755,1298
edge,m03,0.5,0.1199,,,0.5172,242.5907,0.0005,1,1536,0.1188,0.4946,9da1e58889b4a059a3be2a14278ee387eb916b94ea80058bac80b21fd95bc0a7,400.3871,1218.7012,0.0,59.9962,398.3549,1227.9808,1,0.0,60.1316,1268
edge,m03,0.25,0.1205,,,0.305,238.7736,0.0005,1,1536,0.1188,0.2446,9da1e58889b4a059a3be2a14278ee387eb916b94ea80058bac80b21fd95bc0a7,400.3871,1218.7012,0.0,59.9962,412.6067,1201.5159,1,0.0,58.4884,1253
edge,m03,0.1,0.1173,,,0.1045,238.0827,0.0005,1,1536,0.1201,0.0946,9da1e58889b4a059a3be2a14278ee387eb916b94ea80058bac80b21fd95bc0a7,409.2813,1247.1634,0.0,59.9962,395.4131,1245.8128,1,0.0,61.5986,1244
edge,m03,0.0,0.1205,,,0.0334,237.6939,0.0005,1,1536,0.121,0.0,9da1e58889b4a059a3be2a14278ee387eb916b94ea80058bac80b21fd95bc0a7,415.3468,1264.405,0.0,59.9962,410.7848,1269.3964,1,0.0,60.7295,1238
edge,m03,-0.5,0.1189,0,0,0.1909,231.8867,0.0005,0,1536,0.1203,0.0,9da1e58889b4a059a3be2a14278ee387eb916b94ea80058bac80b21fd95bc0a7,408.0653,1234.075,0.0,59.9962,416.586,1200.1057,0,0.0,58.4884,1208
edge,m03,-1.0,0.1231,0,0,0.3844,227.4827,0.0005,0,1536,0.1226,0.0,9da1e58889b4a059a3be2a14278ee387eb916b94ea80058bac80b21fd95bc0a7,415.6265,1244.3098,0.0,59.9962,432.5255,1234.7444,0,0.0,58.0465,1178
edge,m03,-2.0,0.1274,0,0,0.1787,220.6493,0.0005,0,1536,0.1279,0.0,9da1e58889b4a059a3be2a14278ee387eb916b94ea80058bac80b21fd95bc0a7,435.0666,1312.034,0.0,59.9962,430.3114,1314.9324,0,0.0,60.7418,1118
glare,m03,0.3,0.0973,,,5.9059,281.2057,0.0003,1,1536,0.0973,5.9503,9da1e58889b4a059a3be2a14278ee387eb916b94ea80058bac80b21fd95bc0a7,247.4597,756.2685,0.0,59.9962,247.4597,751.4731,1,0.0,60.4095,2048
glare,m03,0.5,0.0851,,,5.8968,270.5291,0.0003,1,1536,0.0852,5.9503,9da1e58889b4a059a3be2a14278ee387eb916b94ea80058bac80b21fd95bc0a7,168.4263,517.6668,0.0,59.9962,168.0223,521.6322,1,0.0,60.4949,2048
glare,m03,0.7,0.0751,,,5.8526,261.301,0.0003,1,1536,0.0758,5.9503,9da1e58889b4a059a3be2a14278ee387eb916b94ea80058bac80b21fd95bc0a7,107.8597,333.9652,0.0002,59.9962,105.2734,324.8667,1,0.0002,60.916,2048
glare,m03,0.85,0.0706,,,5.8248,255.3012,0.0005,1,1536,0.0713,5.9503,9da1e58889b4a059a3be2a14278ee387eb916b94ea80058bac80b21fd95bc0a7,74.5688,232.062,0.0092,59.9962,72.7932,225.5819,1,0.0089,61.1837,2048
glare,m03,1.0,0.0617,0,0,7.625,250.0693,0.0052,0,1536,0.0692,5.9503,9da1e58889b4a059a3be2a14278ee387eb916b94ea80058bac80b21fd95bc0a7,51.6417,160.9716,0.305,59.9962,58.2029,111.6343,0,0.2418,47.6279,2048
glare,m03,1.5,0.1039,0,0,0.1395,236.9481,0.0189,0,1536,0.0496,5.9503,9da1e58889b4a059a3be2a14278ee387eb916b94ea80058bac80b21fd95bc0a7,17.1319,52.0621,0.6652,59.9962,176.4351,1035.6132,0,0.0,128.0,2048
glare,m03,2.5,0.1039,0,0,0.1395,221.1274,0.0371,0,1536,0.0142,5.9503,9da1e58889b4a059a3be2a14278ee387eb916b94ea80058bac80b21fd95bc0a7,0.7826,1.433,0.9313,59.9962,176.4351,1035.6132,0,0.0,128.0,2048
glare,m03,4.0,0.1039,0,0,0.1395,207.576,0.0537,0,1536,0.0,5.9503,9da1e58889b4a059a3be2a14278ee387eb916b94ea80058bac80b21fd95bc0a7,0.0,0.0,1.0,59.9962,176.4351,1035.6132,0,0.0,128.0,2048
motion,m03,0.05,0.1097,,,5.95,224.1877,0.0003,1,1536,0.1097,5.9503,9da1e58889b4a059a3be2a14278ee387eb916b94ea80058bac80b21fd95bc0a7,189.7627,801.6978,0.0,59.9962,189.7627,801.6978,1,0.0,60.0,2048
motion,m03,0.1,0.0937,,,5.1142,128.108,0.0002,1,1536,0.0948,5.9503,9da1e58889b4a059a3be2a14278ee387eb916b94ea80058bac80b21fd95bc0a7,78.5062,332.6232,0.0,59.9962,67.3706,380.2663,1,0.0,68.9287,2048
motion,m03,0.15,0.0875,,,4.8725,90.7986,0.0002,1,1536,0.0834,5.9503,9da1e58889b4a059a3be2a14278ee387eb916b94ea80058bac80b21fd95bc0a7,51.7723,196.1825,0.0,59.9962,43.5826,218.707,1,0.0,71.7515,2048
motion,m03,0.2,0.0826,,,5.95,73.9017,0.0002,1,1536,0.0777,5.9503,9da1e58889b4a059a3be2a14278ee387eb916b94ea80058bac80b21fd95bc0a7,40.1942,147.5374,0.0,59.9962,40.0967,146.9968,1,0.0,60.0,2048
motion,m03,0.3,0.0734,,,6.3684,57.7321,0.0001,1,1536,0.0693,5.9503,9da1e58889b4a059a3be2a14278ee387eb916b94ea80058bac80b21fd95bc0a7,29.1773,103.4811,0.0,59.9962,30.7636,96.7982,1,0.0,56.5581,2048
motion,m03,0.4,,0,0,,49.5611,0.0001,,1536,0.0646,5.9503,9da1e58889b4a059a3be2a14278ee387eb916b94ea80058bac80b21fd95bc0a7,23.3042,81.3608,0.0,59.9962,,,0,,,2048
motion,m03,0.5,0.0579,0,0,7.1765,44.4966,0.0001,0,1536,0.0617,5.9503,9da1e58889b4a059a3be2a14278ee387eb916b94ea80058bac80b21fd95bc0a7,19.3875,66.4556,0.0,59.9962,23.381,59.0447,0,0.0,50.6047,2048
motion,m03,0.7,,0,0,,37.9477,0.0001,,1536,0.0597,5.9503,9da1e58889b4a059a3be2a14278ee387eb916b94ea80058bac80b21fd95bc0a7,14.5894,49.2636,0.0,59.9962,,,0,,,2048
motion,m03,1.0,,0,0,,32.3802,0.0001,,1536,0.0591,5.9503,9da1e58889b4a059a3be2a14278ee387eb916b94ea80058bac80b21fd95bc0a7,10.5777,35.6781,0.0,59.9962,,,0,,,2048
scale,m03,48,0.117,,,5.6553,336.4025,0.0003,1,1229,0.1181,5.9503,9da1e58889b4a059a3be2a14278ee387eb916b94ea80058bac80b21fd95bc0a7,751.4741,1212.3005,0.0,48.0047,710.5602,1267.9691,1,0.0,50.6899,1639
scale,m03,40,0.1202,,,6.3158,331.4492,0.0003,1,1024,0.1192,5.9503,9da1e58889b4a059a3be2a14278ee387eb916b94ea80058bac80b21fd95bc0a7,1257.4575,1208.331,0.0,39.9974,1325.1227,1160.9467,1,0.0,38.0,1365
scale,m03,32,0.144,,,5.5882,320.3034,0.0004,1,819,0.1164,5.9503,9da1e58889b4a059a3be2a14278ee387eb916b94ea80058bac80b21fd95bc0a7,2165.2207,2165.2207,0.0,31.9901,2190.2388,1316.6559,1,0.0,33.9585,1092
scale,m03,26,0.1188,,,5.9231,769.979,0.0002,1,666,0.1155,5.9503,9da1e58889b4a059a3be2a14278ee387eb916b94ea80058bac80b21fd95bc0a7,3198.0137,931.6585,0.0,26.014,3217.0805,870.7057,1,0.0,26.0,888
scale,m03,22,0.127,,,5.9091,939.5022,0.0003,1,563,0.1119,5.9503,9da1e58889b4a059a3be2a14278ee387eb916b94ea80058bac80b21fd95bc0a7,3947.7901,668.597,0.0,21.9908,4017.3339,646.8101,1,0.0,21.961,751
scale,m03,18,0.1163,,,5.3,1099.9462,0.0001,1,461,0.1062,5.9503,9da1e58889b4a059a3be2a14278ee387eb916b94ea80058bac80b21fd95bc0a7,4524.3261,401.379,0.0,18.0067,4085.5062,481.2983,1,0.0,19.9567,614
scale,m03,15,0.1166,,,6.4286,1195.1529,0.0001,1,384,0.1002,5.9503,9da1e58889b4a059a3be2a14278ee387eb916b94ea80058bac80b21fd95bc0a7,4581.0645,214.2217,0.0,14.999,5131.4857,199.9218,1,0.0,14.0,512
scale,m03,12,0.0898,,,6.0,1282.4195,0.0001,1,307,0.0945,5.9503,9da1e58889b4a059a3be2a14278ee387eb916b94ea80058bac80b21fd95bc0a7,4562.8753,103.3824,0.0,11.9914,4436.0502,98.4726,1,0.0,11.961,410
scale,m03,10,0.0956,,,6.0,1277.3637,0.0002,1,256,0.0845,5.9503,9da1e58889b4a059a3be2a14278ee387eb916b94ea80058bac80b21fd95bc0a7,3933.4432,48.1714,0.0,9.9994,3756.137,49.2308,1,0.0,10.0,341
scale,m03,8,0.1407,,,3.2857,1273.133,0.0002,0,205,0.078,5.9503,9da1e58889b4a059a3be2a14278ee387eb916b94ea80058bac80b21fd95bc0a7,3535.6924,15.9796,0.0,8.0073,4988.5394,169.2579,1,0.0,13.932,273
scale,m03,6,,0,0,,1371.3059,0.0003,,154,0.0696,5.9503,9da1e58889b4a059a3be2a14278ee387eb916b94ea80058bac80b21fd95bc0a7,2967.6199,6.5895,0.0,6.0152,,,0,,,205
blur,m04,0.02,0.1049,,,9.1463,82.6571,0.0068,1,1920,0.1049,9.1464,db777b3071763bcdd9dea11d85f0c026d9cc549d9e46bf62bcdeb1f951f06aa2,43.5825,190.8432,0.0,53.3952,43.5825,190.8432,1,0.0,53.3953,1440
blur,m04,0.04,0.0917,,,9.1463,13.6336,0.006,1,1920,0.0917,9.1464,db777b3071763bcdd9dea11d85f0c026d9cc549d9e46bf62bcdeb1f951f06aa2,8.1885,39.9023,0.0,53.3952,8.1885,39.9023,1,0.0,53.3953,1440
blur,m04,0.06,0.0841,,,9.1463,4.252,0.0054,1,1920,0.0841,9.1464,db777b3071763bcdd9dea11d85f0c026d9cc549d9e46bf62bcdeb1f951f06aa2,3.1149,10.1893,0.0,53.3952,3.1149,10.1893,1,0.0,53.3953,1440
blur,m04,0.08,0.0453,,,10.7743,1.8054,0.0046,1,1920,0.0801,9.1464,db777b3071763bcdd9dea11d85f0c026d9cc549d9e46bf62bcdeb1f951f06aa2,2.0555,3.2478,0.0,53.3952,1.9018,2.0589,1,0.0,52.3051,1440
blur,m04,0.1,,0,0,,0.9738,0.0035,,1920,0.078,9.1464,db777b3071763bcdd9dea11d85f0c026d9cc549d9e46bf62bcdeb1f951f06aa2,1.737,1.3875,0.0,53.3952,,,0,,,1440
blur,m04,0.13,,0,0,,0.5418,0.0021,,1920,0.0763,9.1464,db777b3071763bcdd9dea11d85f0c026d9cc549d9e46bf62bcdeb1f951f06aa2,1.6421,0.7312,0.0,53.3952,,,0,,,1440
blur,m04,0.16,,0,0,,0.3801,0.0007,,1920,0.0755,9.1464,db777b3071763bcdd9dea11d85f0c026d9cc549d9e46bf62bcdeb1f951f06aa2,1.563,0.5245,0.0,53.3952,,,0,,,1440
blur,m04,0.2,,0,0,,0.2876,0.0,,1920,0.0753,9.1464,db777b3071763bcdd9dea11d85f0c026d9cc549d9e46bf62bcdeb1f951f06aa2,1.4141,0.4042,0.0,53.3952,,,0,,,1440
blur,m04,0.25,,0,0,,0.2359,0.0,,1920,0.0761,9.1464,db777b3071763bcdd9dea11d85f0c026d9cc549d9e46bf62bcdeb1f951f06aa2,1.2149,0.3411,0.0,53.3952,,,0,,,1440
blur,m04,0.3,,0,0,,0.2113,0.0,,1920,0.0774,9.1464,db777b3071763bcdd9dea11d85f0c026d9cc549d9e46bf62bcdeb1f951f06aa2,1.173,0.3121,0.0,53.3952,,,0,,,1440
edge,m04,2.0,0.1156,,,1.9818,268.7307,0.007,1,1920,0.1154,1.9986,db777b3071763bcdd9dea11d85f0c026d9cc549d9e46bf62bcdeb1f951f06aa2,195.4383,488.8027,0.0,53.3952,195.9857,486.3518,1,0.0,53.3953,983
edge,m04,1.0,0.1154,,,0.9938,272.6048,0.0069,1,1920,0.1154,1.006,db777b3071763bcdd9dea11d85f0c026d9cc549d9e46bf62bcdeb1f951f06aa2,195.4383,488.8027,0.0,53.3952,195.4383,488.8027,1,0.0,53.3953,930
edge,m04,0.5,0.1154,,,0.522,274.1304,0.0065,1,1920,0.1154,0.5004,db777b3071763bcdd9dea11d85f0c026d9cc549d9e46bf62bcdeb1f951f06aa2,195.4383,488.8027,0.0,53.3952,195.6617,486.1968,1,0.0,53.3953,903
edge,m04,0.25,0.1155,,,0.2613,273.8956,0.0065,1,1920,0.1154,0.2569,db777b3071763bcdd9dea11d85f0c026d9cc549d9e46bf62bcdeb1f951f06aa2,195.4383,488.8027,0.0,53.3952,195.8027,484.1402,1,0.0,53.3953,890
edge,m04,0.1,0.1172,,,0.1108,273.8796,0.0065,1,1920,0.1159,0.1071,db777b3071763bcdd9dea11d85f0c026d9cc549d9e46bf62bcdeb1f951f06aa2,198.3455,490.4242,0.0,53.3952,206.2559,430.2963,1,0.0,50.3953,882
edge,m04,0.0,0.1162,,,0.0588,273.6136,0.0064,1,1920,0.1163,0.0,db777b3071763bcdd9dea11d85f0c026d9cc549d9e46bf62bcdeb1f951f06aa2,200.6734,496.016,0.0,53.3952,194.9802,349.5017,1,0.0,47.4419,876
edge,m04,-0.5,0.1169,0,0,0.2088,271.3754,0.0063,0,1920,0.1171,0.0,db777b3071763bcdd9dea11d85f0c026d9cc549d9e46bf62bcdeb1f951f06aa2,194.4086,483.3906,0.0,53.3952,193.8954,479.8053,0,0.0,53.3953,850
edge,m04,-1.0,0.1275,0,0,0.3838,267.6853,0.0062,0,1920,0.1176,0.0,db777b3071763bcdd9dea11d85f0c026d9cc549d9e46bf62bcdeb1f951f06aa2,189.6287,465.4291,0.0,53.3952,183.4458,530.7563,0,0.0,57.0814,823
edge,m04,-2.0,0.1204,0,0,0.0506,264.054,0.0059,0,1920,0.1205,0.0,db777b3071763bcdd9dea11d85f0c026d9cc549d9e46bf62bcdeb1f951f06aa2,180.7369,445.6595,0.0,53.3952,180.1284,445.5303,0,0.0,53.717,769
glare,m04,0.3,0.0965,,,10.3529,275.6346,0.0072,1,1920,0.0966,9.1464,db777b3071763bcdd9dea11d85f0c026d9cc549d9e46bf62bcdeb1f951f06aa2,120.7103,299.3148,0.0,53.3952,116.551,208.4556,1,0.0,47.4419,1440
glare,m04,0.5,0.0858,,,9.1463,269.722,0.0072,1,1920,0.0858,9.1464,db777b3071763bcdd9dea11d85f0c026d9cc549d9e46bf62bcdeb1f951f06aa2,81.6972,201.1654,0.0,53.3952,81.6972,201.1654,1,0.0,53.3953,1440
glare,m04,0.7,0.0771,,,9.1463,264.7097,0.0072,1,1920,0.0771,9.1464,db777b3071763bcdd9dea11d85f0c026d9cc549d9e46bf62bcdeb1f951f06aa2,51.59,126.0885,0.0001,53.3952,51.59,126.0885,1,0.0001,53.3953,1440
glare,m04,0.85,0.0717,,,10.3529,261.5422,0.0075,1,1920,0.0724,9.1464,db777b3071763bcdd9dea11d85f0c026d9cc549d9e46bf62bcdeb1f951f06aa2,35.0798,84.4855,0.0306,53.3952,33.3145,58.7204,1,0.035,47.4419,1440
glare,m04,1.0,0.046,0,0,12.625,258.9091,0.0117,0,1920,0.0696,9.1464,db777b3071763bcdd9dea11d85f0c026d9cc549d9e46bf62bcdeb1f951f06aa2,23.5219,55.7709,0.3186,53.3952,32.5765,50.0782,0,0.2101,44.6512,1440
glare,m04,1.5,0.0592,0,0,17.3,252.867,0.028,0,1920,0.0454,9.1464,db777b3071763bcdd9dea11d85f0c026d9cc549d9e46bf62bcdeb1f951f06aa2,6.6693,15.2314,0.6563,53.3952,39.1357,16.1162,0,0.055,27.907,1440
glare,m04,2.5,0.0782,0,0,11.6481,246.5921,0.0497,0,1920,0.008,9.1464,db777b3071763bcdd9dea11d85f0c026d9cc549d9e46bf62bcdeb1f951f06aa2,0.2157,0.2121,0.95,53.3952,63.0036,59.5898,0,0.1446,36.8903,1440
glare,m04,4.0,0.1682,0,0,4.9,241.8243,0.0687,0,1920,0.0,9.1464,db777b3071763bcdd9dea11d85f0c026d9cc549d9e46bf62bcdeb1f951f06aa2,0.0,0.0,1.0,53.3952,33.2654,157.7274,0,0.145,80.0,1440
motion,m04,0.05,0.1118,,,9.1463,185.5507,0.007,1,1920,0.1118,9.1464,db777b3071763bcdd9dea11d85f0c026d9cc549d9e46bf62bcdeb1f951f06aa2,118.5957,371.1608,0.0,53.3952,118.5957,371.1608,1,0.0,53.3953,1440
motion,m04,0.1,0.1071,,,9.1463,114.5199,0.0068,1,1920,0.1071,9.1464,db777b3071763bcdd9dea11d85f0c026d9cc549d9e46bf62bcdeb1f951f06aa2,84.4595,269.1273,0.0,53.3952,84.4595,269.1273,1,0.0,53.3953,1440
motion,m04,0.15,0.1006,,,9.1463,78.3239,0.0066,1,1920,0.1007,9.1464,db777b3071763bcdd9dea11d85f0c026d9cc549d9e46bf62bcdeb1f951f06aa2,65.83,201.1373,0.0,53.3952,65.6973,200.2389,1,0.0,53.3953,1440
motion,m04,0.2,0.0961,,,9.6908,63.3648,0.0063,1,1920,0.0957,9.1464,db777b3071763bcdd9dea11d85f0c026d9cc549d9e46bf62bcdeb1f951f06aa2,57.2673,171.1605,0.0,53.3952,58.0304,142.289,1,0.0,50.3953,1440
motion,m04,0.3,0.0834,,,10.4661,51.1,0.0057,0,1920,0.09,9.1464,db777b3071763bcdd9dea11d85f0c026d9cc549d9e46bf62bcdeb1f951f06aa2,49.6709,146.2653,0.0,53.3952,53.4502,128.5921,1,0.0,50.3953,1440
motion,m04,0.4,0.0882,,,9.9677,44.6471,0.0054,1,1920,0.0865,9.1464,db777b3071763bcdd9dea11d85f0c026d9cc549d9e46bf62bcdeb1f951f06aa2,45.5705,134.2404,0.0,53.3952,47.5739,114.6817,1,0.0,50.3953,1440
motion,m04,0.5,,0,0,,39.7751,0.0052,,1920,0.0832,9.1464,db777b3071763bcdd9dea11d85f0c026d9cc549d9e46bf62bcdeb1f951f06aa2,42.1913,124.7472,0.0,53.3952,,,0,,,1440
motion,m04,0.7,,0,0,,34.8129,0.0051,,1920,0.079,9.1464,db777b3071763bcdd9dea11d85f0c026d9cc549d9e46bf62bcdeb1f951f06aa2,38.7748,115.4085,0.0,53.3952,,,0,,,1440
motion,m04,1.0,,0,0,,30.4725,0.005,,1920,0.0747,9.1464,db777b3071763bcdd9dea11d85f0c026d9cc549d9e46bf62bcdeb1f951f06aa2,35.7368,107.7705,0.0,53.3952,,,0,,,1440
scale,m04,48,0.1168,,,9.7614,291.2891,0.0071,1,1726,0.1156,9.1429,db777b3071763bcdd9dea11d85f0c026d9cc549d9e46bf62bcdeb1f951f06aa2,252.4307,465.692,0.0,48.0001,259.4816,431.0982,1,0.0,45.2151,1294
scale,m04,40,0.117,,,9.7212,289.4387,0.0071,1,1438,0.1154,9.1507,db777b3071763bcdd9dea11d85f0c026d9cc549d9e46bf62bcdeb1f951f06aa2,420.5897,477.8907,0.0,39.9908,431.9164,429.2075,1,0.0,38.0,1079
scale,m04,32,0.1169,,,9.8638,272.4104,0.0071,1,1151,0.1157,9.1438,db777b3071763bcdd9dea11d85f0c026d9cc549d9e46bf62bcdeb1f951f06aa2,778.1756,778.1756,0.0,32.0093,786.8235,398.7867,1,0.0,29.974,863
scale,m04,26,0.1165,,,9.9131,632.2977,0.007,1,935,0.1146,9.1432,db777b3071763bcdd9dea11d85f0c026d9cc549d9e46bf62bcdeb1f951f06aa2,1265.5829,376.7969,0.0,26.0023,1263.8774,294.8035,1,0.0,23.9744,701
scale,m04,22,0.1143,,,9.1779,681.5948,0.007,1,791,0.1144,9.1426,db777b3071763bcdd9dea11d85f0c026d9cc549d9e46bf62bcdeb1f951f06aa2,1702.7524,291.404,0.0,21.9977,1694.8908,288.9702,1,0.0,21.9722,593
scale,m04,18,0.1113,,,9.1064,688.6928,0.007,1,647,0.112,9.1417,db777b3071763bcdd9dea11d85f0c026d9cc549d9e46bf62bcdeb1f951f06aa2,2205.1379,214.0498,0.0,17.9931,2164.1768,210.5907,1,0.0,17.9722,485
scale,m04,15,0.1114,,,8.6197,692.8966,0.0069,1,539,0.1118,9.1634,db777b3071763bcdd9dea11d85f0c026d9cc549d9e46bf62bcdeb1f951f06aa2,2825.7522,148.1782,0.0,14.9896,2857.4125,140.2111,1,0.0,15.9704,405
scale,m04,12,0.1052,,,9.1879,733.2342,0.0069,1,431,0.1059,9.1677,db777b3071763bcdd9dea11d85f0c026d9cc549d9e46bf62bcdeb1f951f06aa2,2934.3254,72.8268,0.0,11.9861,2845.2946,71.4739,1,0.0,11.9722,324
scale,m04,10,0.128,,,7.5,790.6546,0.0068,1,360,0.102,9.1464,db777b3071763bcdd9dea11d85f0c026d9cc549d9e46bf62bcdeb1f951f06aa2,3341.3024,48.161,0.0,10.0116,3863.6988,110.1615,1,0.0,12.0,270
scale,m04,8,0.0955,0,1,12.0,876.6119,0.0063,0,288,0.0978,9.1464,db777b3071763bcdd9dea11d85f0c026d9cc549d9e46bf62bcdeb1f951f06aa2,3467.7733,17.5926,0.0,8.0093,4270.1895,10.3492,0,0.0,6.0,216
scale,m04,6,,0,0,,1003.5041,0.0061,,216,0.1,9.1464,db777b3071763bcdd9dea11d85f0c026d9cc549d9e46bf62bcdeb1f951f06aa2,2738.0464,6.9687,0.0,6.007,,,0,,,162
blur,m05,0.02,0.1094,,,7.7706,27.103,0.0,1,2880,0.1094,7.8195,cbd887e49a0a9b341f8d053fc5cc1417c94d6264cc3f7584a76dbb75be1e43ae,5.8544,637.0681,0.0,147.6,5.835,643.8859,1,0.0,148.3778,3840
blur,m05,0.04,0.0822,,,7.8505,3.3557,0.0,1,2880,0.082,7.8195,cbd887e49a0a9b341f8d053fc5cc1417c94d6264cc3f7584a76dbb75be1e43ae,1.602,55.8594,0.0,147.6,1.5945,55.0593,1,0.0,147.0893,3840
blur,m05,0.06,0.0604,0,0,12.5926,0.9354,0.0,0,2880,0.0692,7.8195,cbd887e49a0a9b341f8d053fc5cc1417c94d6264cc3f7584a76dbb75be1e43ae,1.4777,9.16,0.0,147.6,1.6031,1.6466,0,0.0,95.0686,3840
blur,m05,0.08,,0,0,,0.4302,0.0,,2880,0.0613,7.8195,cbd887e49a0a9b341f8d053fc5cc1417c94d6264cc3f7584a76dbb75be1e43ae,1.4127,2.5858,0.0,147.6,,,0,,,3840
blur,m05,0.1,,0,0,,0.2688,0.0,,2880,0.0555,7.8195,cbd887e49a0a9b341f8d053fc5cc1417c94d6264cc3f7584a76dbb75be1e43ae,1.3552,1.0275,0.0,147.6,,,0,,,3840
blur,m05,0.13,,0,0,,0.1835,0.0,,2880,0.0492,7.8195,cbd887e49a0a9b341f8d053fc5cc1417c94d6264cc3f7584a76dbb75be1e43ae,1.2289,0.3154,0.0,147.6,,,0,,,3840
blur,m05,0.16,,0,0,,0.155,0.0,,2880,0.0448,7.8195,cbd887e49a0a9b341f8d053fc5cc1417c94d6264cc3f7584a76dbb75be1e43ae,1.006,0.147,0.0,147.6,,,0,,,3840
blur,m05,0.2,,0,0,,0.138,0.0,,2880,0.0403,7.8195,cbd887e49a0a9b341f8d053fc5cc1417c94d6264cc3f7584a76dbb75be1e43ae,0.801,0.1029,0.0,147.6,,,0,,,3840
blur,m05,0.25,,0,0,,0.1292,0.0,,2880,0.0361,7.8195,cbd887e49a0a9b341f8d053fc5cc1417c94d6264cc3f7584a76dbb75be1e43ae,0.637,0.1179,0.0,147.6,,,0,,,3840
blur,m05,0.3,,0,0,,0.1256,0.0,,2880,0.0329,7.8195,cbd887e49a0a9b341f8d053fc5cc1417c94d6264cc3f7584a76dbb75be1e43ae,0.5191,0.1516,0.0,147.6,,,0,,,3840
edge,m05,2.0,0.2034,,,2.2053,283.7506,0.0005,1,2880,0.2008,1.9995,cbd887e49a0a9b341f8d053fc5cc1417c94d6264cc3f7584a76dbb75be1e43ae,3913.6822,3722.1975,0.0102,147.6,4004.7344,3783.6673,1,0.0109,135.2093,2464
edge,m05,1.0,0.2036,,,1.1216,292.7502,0.0005,1,2880,0.2008,0.9968,cbd887e49a0a9b341f8d053fc5cc1417c94d6264cc3f7584a76dbb75be1e43ae,3913.6822,3722.1975,0.0102,147.6,4013.5779,3759.9826,1,0.011,135.2093,2316
edge,m05,0.5,0.203,,,0.5404,296.6596,0.0005,1,2880,0.2008,0.5022,cbd887e49a0a9b341f8d053fc5cc1417c94d6264cc3f7584a76dbb75be1e43ae,3913.6822,3722.1975,0.0102,147.6,3984.1266,3689.5846,1,0.0108,137.1513,2243
edge,m05,0.25,0.2032,,,0.2882,297.3586,0.0005,1,2880,0.2008,0.2516,cbd887e49a0a9b341f8d053fc5cc1417c94d6264cc3f7584a76dbb75be1e43ae,3913.6822,3722.1975,0.0102,147.6,3993.3029,3809.8381,1,0.0108,137.0853,2206
edge,m05,0.1,0.2055,,,0.1324,299.573,0.0005,1,2880,0.2037,0.1025,cbd887e49a0a9b341f8d053fc5cc1417c94d6264cc3f7584a76dbb75be1e43ae,4062.4203,3861.9403,0.0106,147.6,4116.8921,3860.3254,1,0.0112,135.2093,2184
edge,m05,0.0,0.2069,,,0.0174,299.3665,0.0005,1,2880,0.2056,0.0009,cbd887e49a0a9b341f8d053fc5cc1417c94d6264cc3f7584a76dbb75be1e43ae,4170.8996,3974.2505,0.0109,147.6,4202.6898,4003.1675,1,0.0113,139.6501,2169
edge,m05,-0.5,0.1584,0,0,1.3272,297.8181,0.0005,0,2880,0.2115,0.0,cbd887e49a0a9b341f8d053fc5cc1417c94d6264cc3f7584a76dbb75be1e43ae,4428.7714,4221.0152,0.0105,147.6,380.4644,1017.6157,0,0.0,423.04,2095
edge,m05,-1.0,0.1584,0,0,1.2602,284.6755,0.0004,0,2880,0.2156,0.0,cbd887e49a0a9b341f8d053fc5cc1417c94d6264cc3f7584a76dbb75be1e43ae,4641.2249,4396.6415,0.0106,147.6,381.5979,1016.6254,0,0.0,422.9548,2021
edge,m05,-2.0,0.1575,0,0,0.9216,242.8162,0.0002,0,2880,0.2176,0.0,cbd887e49a0a9b341f8d053fc5cc1417c94d6264cc3f7584a76dbb75be1e43ae,4348.206,4516.5049,0.0069,147.6,381.2382,1034.2546,0,0.0,421.3418,1874
glare,m05,0.3,0.1571,,,7.877,185.733,0.0005,1,2880,0.1569,7.8195,cbd887e49a0a9b341f8d053fc5cc1417c94d6264cc3f7584a76dbb75be1e43ae,2402.3206,2292.7547,0.0121,147.6,2403.6445,2278.6903,1,0.0122,146.5397,3840
glare,m05,0.5,0.1313,,,7.8627,169.7114,0.0005,1,2880,0.1313,7.8195,cbd887e49a0a9b341f8d053fc5cc1417c94d6264cc3f7584a76dbb75be1e43ae,1618.2238,1550.8639,0.0142,147.6,1616.7886,1544.8278,1,0.0142,146.7899,3840
glare,m05,0.7,0.1131,,,1.7766,156.5726,0.0006,0,2880,0.1111,7.8195,cbd887e49a0a9b341f8d053fc5cc1417c94d6264cc3f7584a76dbb75be1e43ae,1012.2634,976.6565,0.0183,147.6,362.6355,891.3683,1,0.0,354.6301,3840
glare,m05,0.85,0.1084,,,1.8193,148.5704,0.0007,0,2880,0.1014,7.8195,cbd887e49a0a9b341f8d053fc5cc1417c94d6264cc3f7584a76dbb75be1e43ae,675.4788,655.2598,0.0264,147.6,357.3981,857.4466,1,0.0,349.2592,3840
glare,m05,1.0,0.0785,0,0,14.6127,142.2007,0.002,0,2880,0.098,7.8195,cbd887e49a0a9b341f8d053fc5cc1417c94d6264cc3f7584a76dbb75be1e43ae,438.6239,427.4379,0.1358,147.6,524.5012,768.9623,0,0.1047,73.786,3840
glare,m05,1.5,0.1104,0,0,28.5,130.0413,0.0095,0,2880,0.0757,7.8195,cbd887e49a0a9b341f8d053fc5cc1417c94d6264cc3f7584a76dbb75be1e43ae,132.2149,130.6052,0.5689,147.6,1413.2877,760.1256,0,0.0013,33.4884,3840
glare,m05,2.5,0.1365,0,0,2.1995,120.8752,0.0189,0,2880,0.0319,7.8195,cbd887e49a0a9b341f8d053fc5cc1417c94d6264cc3f7584a76dbb75be1e43ae,16.3351,16.6191,0.839,147.6,278.9233,515.3051,0,0.0,255.6056,3840
glare,m05,4.0,0.1586,0,0,1.3271,114.6996,0.0277,0,2880,0.0015,7.8195,cbd887e49a0a9b341f8d053fc5cc1417c94d6264cc3f7584a76dbb75be1e43ae,0.037,0.0268,0.9982,147.6,318.1972,919.9706,0,0.0,423.1724,3840
motion,m05,0.05,0.1382,,,7.8849,101.85,0.0,1,2880,0.138,7.8195,cbd887e49a0a9b341f8d053fc5cc1417c94d6264cc3f7584a76dbb75be1e43ae,351.2843,1765.5401,0.0,147.6,350.0402,1758.28,1,0.0,146.4023,3840
motion,m05,0.1,0.1125,,,7.8108,48.5653,0.0,1,2880,0.1127,7.8195,cbd887e49a0a9b341f8d053fc5cc1417c94d6264cc3f7584a76dbb75be1e43ae,146.4348,693.5365,0.0,147.6,145.2702,690.3958,1,0.0,147.7817,3840
motion,m05,0.15,0.1017,,,7.8804,34.2754,0.0,1,2880,0.1019,7.8195,cbd887e49a0a9b341f8d053fc5cc1417c94d6264cc3f7584a76dbb75be1e43ae,89.7787,469.0843,0.0,147.6,88.4522,462.1417,1,0.0,146.5674,3840
motion,m05,0.2,0.0936,,,7.0418,25.912,0.0,1,2880,0.0948,7.8195,cbd887e49a0a9b341f8d053fc5cc1417c94d6264cc3f7584a76dbb75be1e43ae,61.8667,354.2692,0.0,147.6,62.39,409.3395,1,0.0,162.313,3840
motion,m05,0.3,0.0786,0,0,15.4286,17.8835,0.0,0,2880,0.0882,7.8195,cbd887e49a0a9b341f8d053fc5cc1417c94d6264cc3f7584a76dbb75be1e43ae,41.8069,242.2126,0.0,147.6,46.6594,97.5618,0,0.0,78.1395,3840
motion,m05,0.4,0.0836,0,0,14.4057,13.1059,0.0,0,2880,0.0837,7.8195,cbd887e49a0a9b341f8d053fc5cc1417c94d6264cc3f7584a76dbb75be1e43ae,30.7965,169.6968,0.0,147.6,57.7019,96.0032,0,0.0,96.3131,3840
motion,m05,0.5,,0,0,,10.1917,0.0,,2880,0.0795,7.8195,cbd887e49a0a9b341f8d053fc5cc1417c94d6264cc3f7584a76dbb75be1e43ae,24.8768,123.8003,0.0,147.6,,,0,,,3840
motion,m05,0.7,,0,0,,7.0365,0.0,,2880,0.073,7.8195,cbd887e49a0a9b341f8d053fc5cc1417c94d6264cc3f7584a76dbb75be1e43ae,18.277,73.1095,0.0,147.6,,,0,,,3840
motion,m05,1.0,,0,0,,4.7728,0.0,,2880,0.0652,7.8195,cbd887e49a0a9b341f8d053fc5cc1417c94d6264cc3f7584a76dbb75be1e43ae,13.2798,45.5992,0.0,147.6,,,0,,,3840
scale,m05,48,0.1404,,,2.0961,203.28,0.0001,0,937,0.1654,7.8195,cbd887e49a0a9b341f8d053fc5cc1417c94d6264cc3f7584a76dbb75be1e43ae,6959.0378,3543.6849,0.0,48.0212,623.0639,607.1832,1,0.0,86.8485,1249
scale,m05,40,0.1594,,,9.0823,193.1517,0.0001,1,780,0.158,7.8195,cbd887e49a0a9b341f8d053fc5cc1417c94d6264cc3f7584a76dbb75be1e43ae,6944.3974,3505.4359,0.0,39.975,7077.0614,3352.9895,1,0.0,34.5428,1041
scale,m05,32,0.1459,,,7.0366,439.8669,0.0001,1,624,0.1486,7.8195,cbd887e49a0a9b341f8d053fc5cc1417c94d6264cc3f7584a76dbb75be1e43ae,7023.2728,7023.2728,0.0,31.98,6923.1829,3009.6466,1,0.0,35.1329,833
scale,m05,26,0.1376,,,7.5838,465.7153,0.0,1,507,0.1384,7.8195,cbd887e49a0a9b341f8d053fc5cc1417c94d6264cc3f7584a76dbb75be1e43ae,6715.8181,1756.482,0.0,25.9837,6636.564,1889.571,1,0.0,26.6674,676
scale,m05,22,0.1283,,,6.9705,489.0244,0.0,1,429,0.1309,7.8195,cbd887e49a0a9b341f8d053fc5cc1417c94d6264cc3f7584a76dbb75be1e43ae,6738.4925,1082.8819,0.0,21.9862,6537.5894,1406.6103,1,0.0,24.3832,572
scale,m05,18,0.1216,1,1,9.625,525.761,0.0,0,351,0.1216,7.8195,cbd887e49a0a9b341f8d053fc5cc1417c94d6264cc3f7584a76dbb75be1e43ae,6490.8604,568.5921,0.0,17.9887,6204.5012,337.2288,0,0.0,15.9545,468
scale,m05,15,,0,0,,551.2115,0.0,,293,0.1135,7.8195,cbd887e49a0a9b341f8d053fc5cc1417c94d6264cc3f7584a76dbb75be1e43ae,6034.5927,296.8633,0.0,15.0162,,,0,,,390
scale,m05,12,,0,0,,578.162,0.0,,234,0.1017,7.8195,cbd887e49a0a9b341f8d053fc5cc1417c94d6264cc3f7584a76dbb75be1e43ae,4694.4372,109.0246,0.0,11.9925,,,0,,,312
scale,m05,10,,0,0,,618.1829,0.0,,195,0.0943,7.8195,cbd887e49a0a9b341f8d053fc5cc1417c94d6264cc3f7584a76dbb75be1e43ae,4255.1771,55.3078,0.0,9.9937,,,0,,,260
scale,m05,8,,0,0,,669.9056,0.0,,156,0.0848,7.8195,cbd887e49a0a9b341f8d053fc5cc1417c94d6264cc3f7584a76dbb75be1e43ae,2971.4885,15.7263,0.0,7.995,,,0,,,208
scale,m05,6,,0,0,,784.511,0.0,,117,0.0771,7.8195,cbd887e49a0a9b341f8d053fc5cc1417c94d6264cc3f7584a76dbb75be1e43ae,2593.4002,7.1145,0.0,5.9962,,,0,,,156
blur,m06,0.02,0.1403,,,22.2,83.6196,0.0,1,2880,0.1403,22.1997,cbd887e49a0a9b341f8d053fc5cc1417c94d6264cc3f7584a76dbb75be1e43ae,184.4155,665.0824,0.0,55.8144,184.4155,665.0824,1,0.0,55.814,3840
blur,m06,0.04,0.1107,,,22.2,32.1707,0.0,1,2880,0.1113,22.1997,cbd887e49a0a9b341f8d053fc5cc1417c94d6264cc3f7584a76dbb75be1e43ae,13.3236,84.4419,0.0,55.8144,13.1544,82.9942,1,0.0,55.814,3840
blur,m06,0.06,0.093,,,22.2,13.22,0.0,1,2880,0.0934,22.1997,cbd887e49a0a9b341f8d053fc5cc1417c94d6264cc3f7584a76dbb75be1e43ae,3.9867,19.9535,0.0,55.8144,3.9444,19.6138,1,0.0,55.814,3840
blur,m06,0.08,0.0812,,,22.2,6.2347,0.0,1,2880,0.0814,22.1997,cbd887e49a0a9b341f8d053fc5cc1417c94d6264cc3f7584a76dbb75be1e43ae,2.2289,5.7364,0.0,55.8144,2.207,5.6474,1,0.0,55.814,3840
blur,m06,0.1,0.07,0,0,18.3157,3.391,0.0,0,2880,0.0732,22.1997,cbd887e49a0a9b341f8d053fc5cc1417c94d6264cc3f7584a76dbb75be1e43ae,1.8494,2.0931,0.0,55.8144,1.7722,3.666,0,0.0,67.3465,3840
blur,m06,0.13,,0,0,,1.6146,0.0,,2880,0.0646,22.1997,cbd887e49a0a9b341f8d053fc5cc1417c94d6264cc3f7584a76dbb75be1e43ae,1.7026,0.6979,0.0,55.8144,,,0,,,3840
blur,m06,0.16,,0,0,,0.9198,0.0,,2880,0.0586,22.1997,cbd887e49a0a9b341f8d053fc5cc1417c94d6264cc3f7584a76dbb75be1e43ae,1.6242,0.359,0.0,55.8144,,,0,,,3840
blur,m06,0.2,,0,0,,0.5225,0.0,,2880,0.0529,22.1997,cbd887e49a0a9b341f8d053fc5cc1417c94d6264cc3f7584a76dbb75be1e43ae,1.519,0.2392,0.0,55.8144,,,0,,,3840
blur,m06,0.25,,0,0,,0.3234,0.0,,2880,0.0479,22.1997,cbd887e49a0a9b341f8d053fc5cc1417c94d6264cc3f7584a76dbb75be1e43ae,1.3735,0.1991,0.0,55.8144,,,0,,,3840
blur,m06,0.3,,0,0,,0.2406,0.0,,2880,0.0447,22.1997,cbd887e49a0a9b341f8d053fc5cc1417c94d6264cc3f7584a76dbb75be1e43ae,1.2514,0.2008,0.0,55.8144,,,0,,,3840
edge,m06,2.0,0.1842,,,1.7378,170.2312,0.0,1,2880,0.1843,2.0004,cbd887e49a0a9b341f8d053fc5cc1417c94d6264cc3f7584a76dbb75be1e43ae,3686.541,3204.1361,0.0003,55.8144,3713.8549,3349.6614,1,0.0003,61.8682,2054
edge,m06,1.0,0.1841,,,0.8864,172.2914,0.0,1,2880,0.1843,0.9971,cbd887e49a0a9b341f8d053fc5cc1417c94d6264cc3f7584a76dbb75be1e43ae,3686.541,3204.1361,0.0003,55.8144,3701.8254,3312.859,1,0.0002,60.0177,1998
edge,m06,0.5,0.1842,,,0.4062,173.2098,0.0,1,2880,0.1843,0.4954,cbd887e49a0a9b341f8d053fc5cc1417c94d6264cc3f7584a76dbb75be1e43ae,3686.541,3204.1361,0.0003,55.8144,3712.7192,3390.1867,1,0.0002,58.9804,1970
edge,m06,0.25,0.1848,,,0.1903,173.5094,0.0,1,2880,0.1843,0.2446,cbd887e49a0a9b341f8d053fc5cc1417c94d6264cc3f7584a76dbb75be1e43ae,3686.541,3204.1361,0.0003,55.8144,3732.7744,3306.3807,1,0.0002,59.8952,1956
edge,m06,0.1,0.1865,,,0.0432,176.0998,0.0,1,2880,0.1859,0.1012,cbd887e49a0a9b341f8d053fc5cc1417c94d6264cc3f7584a76dbb75be1e43ae,3755.8158,3330.813,0.0003,55.8144,3798.5317,3278.2822,1,0.0002,64.3385,1948
edge,m06,0.0,0.1878,,,0.0487,173.9407,0.0,1,2880,0.1871,0.0,cbd887e49a0a9b341f8d053fc5cc1417c94d6264cc3f7584a76dbb75be1e43ae,3803.4557,3306.4333,0.0003,55.8144,3866.218,3545.9615,1,0.0002,59.7604,1942
edge,m06,-0.5,0.1876,0,0,0.052,175.1566,0.0,0,2880,0.1868,0.0,cbd887e49a0a9b341f8d053fc5cc1417c94d6264cc3f7584a76dbb75be1e43ae,3713.3642,3273.3918,0.0003,55.8144,3769.1241,3403.7657,0,0.0003,57.4755,1914
edge,m06,-1.0,0.1847,0,0,0.0769,176.119,0.0,0,2880,0.1862,0.0,cbd887e49a0a9b341f8d053fc5cc1417c94d6264cc3f7584a76dbb75be1e43ae,3632.6836,3334.5509,0.0003,55.8144,3544.4595,3207.3479,0,0.0003,54.4186,1887
edge,m06,-2.0,0.1855,0,0,0.1664,168.6507,0.0,0,2880,0.1843,0.0,cbd887e49a0a9b341f8d053fc5cc1417c94d6264cc3f7584a76dbb75be1e43ae,3369.8545,3129.5268,0.0004,55.8144,3416.2463,3017.802,0,0.0003,50.2326,1831
glare,m06,0.3,0.1453,,,22.2,110.2112,0.0,1,2880,0.1453,22.1997,cbd887e49a0a9b341f8d053fc5cc1417c94d6264cc3f7584a76dbb75be1e43ae,2268.2114,1946.6222,0.0003,55.8144,2268.2114,1946.6222,1,0.0003,55.814,3840
glare,m06,0.5,0.1246,,,22.2,102.7313,0.0,1,2880,0.1253,22.1997,cbd887e49a0a9b341f8d053fc5cc1417c94d6264cc3f7584a76dbb75be1e43ae,1529.841,1296.3399,0.0004,55.8144,1509.559,1294.097,1,0.0004,55.814,3840
glare,m06,0.7,0.1129,,,22.2,96.6769,0.0,1,2880,0.1132,22.1997,cbd887e49a0a9b341f8d053fc5cc1417c94d6264cc3f7584a76dbb75be1e43ae,958.1994,796.7773,0.0008,55.8144,945.7581,791.8472,1,0.0007,55.814,3840
glare,m06,0.85,0.1111,,,22.2,93.0444,0.0,1,2880,0.1109,22.1997,cbd887e49a0a9b341f8d053fc5cc1417c94d6264cc3f7584a76dbb75be1e43ae,638.6003,520.3135,0.0015,55.8144,630.5236,513.7566,1,0.0014,55.814,3840
glare,m06,1.0,0.057,0,0,39.8333,90.2207,0.0006,0,2880,0.1149,22.1997,cbd887e49a0a9b341f8d053fc5cc1417c94d6264cc3f7584a76dbb75be1e43ae,412.8868,329.0448,0.1707,55.8144,284.947,153.617,0,0.0046,33.4884,3840
glare,m06,1.5,0.1647,0,0,24.9347,85.2085,0.0051,0,2880,0.081,22.1997,cbd887e49a0a9b341f8d053fc5cc1417c94d6264cc3f7584a76dbb75be1e43ae,99.7133,75.5742,0.6208,55.8144,494.8967,336.3948,0,0.0355,45.4439,3840
glare,m06,2.5,0.1091,0,0,4.7342,81.7084,0.0109,0,2880,0.0187,22.1997,cbd887e49a0a9b341f8d053fc5cc1417c94d6264cc3f7584a76dbb75be1e43ae,1.9778,0.9447,0.9045,55.8144,223.0218,254.2379,0,0.0,130.6251,3840
glare,m06,4.0,0.1117,0,0,4.6817,79.429,0.016,0,2880,0.0,22.1997,cbd887e49a0a9b341f8d053fc5cc1417c94d6264cc3f7584a76dbb75be1e43ae,0.0,0.0,1.0,55.8144,221.4241,264.0608,0,0.0,131.9498,3840
motion,m06,0.05,0.1567,,,22.2,108.3584,0.0,1,2880,0.1567,22.1997,cbd887e49a0a9b341f8d053fc5cc1417c94d6264cc3f7584a76dbb75be1e43ae,821.2884,1486.8398,0.0,55.8144,821.2884,1486.8398,1,0.0,55.814,3840
motion,m06,0.1,0.1332,,,22.2,76.0113,0.0,1,2880,0.1339,22.1997,cbd887e49a0a9b341f8d053fc5cc1417c94d6264cc3f7584a76dbb75be1e43ae,378.5388,561.8302,0.0,55.8144,373.3658,554.8771,1,0.0,55.814,3840
motion,m06,0.15,0.1244,,,22.2,60.0889,0.0,1,2880,0.125,22.1997,cbd887e49a0a9b341f8d053fc5cc1417c94d6264cc3f7584a76dbb75be1e43ae,302.2932,435.2155,0.0,55.8144,298.1504,429.7219,1,0.0,55.814,3840
motion,m06,0.2,0.1144,,,22.2,45.9141,0.0,1,2880,0.115,22.1997,cbd887e49a0a9b341f8d053fc5cc1417c94d6264cc3f7584a76dbb75be1e43ae,229.5717,327.4119,0.0,55.8144,226.4233,321.9132,1,0.0,55.814,3840
motion,m06,0.3,0.0989,0,0,24.5556,32.1137,0.0,0,2880,0.102,22.1997,cbd887e49a0a9b341f8d053fc5cc1417c94d6264cc3f7584a76dbb75be1e43ae,164.71,228.1997,0.0,55.8144,210.519,259.1129,0,0.0,50.2326,3840
motion,m06,0.4,0.0957,0,0,4.8261,26.492,0.0,0,2880,0.0961,22.1997,cbd887e49a0a9b341f8d053fc5cc1417c94d6264cc3f7584a76dbb75be1e43ae,136.9277,190.7449,0.0,55.8144,53.5295,112.7874,0,0.0,128.3721,3840
motion,m06,0.5,,0,0,,22.224,0.0,,2880,0.0917,22.1997,cbd887e49a0a9b341f8d053fc5cc1417c94d6264cc3f7584a76dbb75be1e43ae,114.8455,162.2737,0.0,55.8144,,,0,,,3840
motion,m06,0.7,,0,0,,17.6825,0.0,,2880,0.088,22.1997,cbd887e49a0a9b341f8d053fc5cc1417c94d6264cc3f7584a76dbb75be1e43ae,90.0729,132.2141,0.0,55.8144,,,0,,,3840
motion,m06,1.0,,0,0,,13.8428,0.0,,2880,0.0838,22.1997,cbd887e49a0a9b341f8d053fc5cc1417c94d6264cc3f7584a76dbb75be1e43ae,66.9675,103.0169,0.0,55.8144,,,0,,,3840
scale,m06,48,0.179,,,22.2,125.2072,0.0,1,2477,0.1829,22.1997,cbd887e49a0a9b341f8d053fc5cc1417c94d6264cc3f7584a76dbb75be1e43ae,4467.2437,3212.474,0.0003,48.0043,4166.2882,3011.9914,1,0.0003,47.911,3302
scale,m06,40,0.1782,,,22.2,125.6617,0.0,1,2064,0.1793,22.1997,cbd887e49a0a9b341f8d053fc5cc1417c94d6264cc3f7584a76dbb75be1e43ae,5461.5535,3076.857,0.0001,40.0003,5391.8791,3038.4756,1,0.0001,40.0,2752
scale,m06,32,0.1726,,,22.2,126.527,0.0,1,1651,0.1726,22.1997,cbd887e49a0a9b341f8d053fc5cc1417c94d6264cc3f7584a76dbb75be1e43ae,6044.9656,6044.9656,0.0,31.9964,6044.9656,6044.9656,1,0.0,31.9961,2202
scale,m06,26,0.1668,,,22.2,126.6421,0.0,1,1342,0.1668,22.1997,cbd887e49a0a9b341f8d053fc5cc1417c94d6264cc3f7584a76dbb75be1e43ae,6441.7429,1838.9784,0.0,26.008,6441.7429,1838.9784,1,0.0,26.0078,1789
scale,m06,22,0.1591,,,22.2,124.3452,0.0,1,1135,0.1603,22.1997,cbd887e49a0a9b341f8d053fc5cc1417c94d6264cc3f7584a76dbb75be1e43ae,6090.5477,1092.6478,0.0,21.9963,5983.2292,1092.2992,1,0.0,21.9961,1514
scale,m06,18,0.1514,,,17.7562,117.8595,0.0,1,929,0.1515,22.1997,cbd887e49a0a9b341f8d053fc5cc1417c94d6264cc3f7584a76dbb75be1e43ae,5652.3907,555.2362,0.0,18.004,6120.354,1170.4101,1,0.0,22.3868,1238
scale,m06,15,0.1438,,,20.75,105.1302,0.0,1,774,0.145,22.1997,cbd887e49a0a9b341f8d053fc5cc1417c94d6264cc3f7584a76dbb75be1e43ae,5862.8496,335.4406,0.0,15.0001,5692.0404,300.4096,1,0.0,16.0,1032
scale,m06,12,0.1336,,,19.0,266.6371,0.0,1,619,0.1365,22.1997,cbd887e49a0a9b341f8d053fc5cc1417c94d6264cc3f7584a76dbb75be1e43ae,6570.4868,170.0916,0.0,11.9962,5946.6643,264.9396,1,0.0,13.9774,826
scale,m06,10,0.1267,,,17.6579,296.424,0.0,1,516,0.1294,22.1997,cbd887e49a0a9b341f8d053fc5cc1417c94d6264cc3f7584a76dbb75be1e43ae,7646.5019,107.5952,0.0,10.0001,6651.6653,190.0549,1,0.0,12.4669,688
scale,m06,8,0.1245,0,1,30.0,342.2872,0.0,0,413,0.1196,22.1997,cbd887e49a0a9b341f8d053fc5cc1417c94d6264cc3f7584a76dbb75be1e43ae,8044.3645,38.5036,0.0,8.0039,9272.464,23.6037,0,0.0,5.9855,550
scale,m06,6,,0,0,,411.2733,0.0,,310,0.1046,22.1997,cbd887e49a0a9b341f8d053fc5cc1417c94d6264cc3f7584a76dbb75be1e43ae,6507.1141,14.8451,0.0,6.0078,,,0,,,413
blur,m07,0.02,0.1993,,,8.8506,131.4135,0.0017,1,1536,0.1849,11.0722,384604c4612d0d681ef8e151d30073e506e11c5ef2f21155c494e2bd1683084a,159.1406,294.2259,0.0,41.6717,120.9379,421.4139,1,0.0,51.0698,2048
blur,m07,0.04,0.1858,,,9.5625,41.3175,0.001,1,1536,0.1672,11.0722,384604c4612d0d681ef8e151d30073e506e11c5ef2f21155c494e2bd1683084a,33.9238,75.3803,0.0,41.6717,27.5744,98.4488,1,0.0,47.6279,2048
blur,m07,0.06,0.1701,,,10.958,13.6071,0.0005,1,1536,0.1517,11.0722,384604c4612d0d681ef8e151d30073e506e11c5ef2f21155c494e2bd1683084a,10.4869,21.9625,0.0,41.6717,9.4665,20.816,1,0.0,42.0698,2048
blur,m07,0.08,0.1661,0,0,9.5324,5.4612,0.0002,0,1536,0.1391,11.0722,384604c4612d0d681ef8e151d30073e506e11c5ef2f21155c494e2bd1683084a,4.8795,7.8184,0.0,41.6717,4.1959,10.8341,0,0.0,48.0465,2048
blur,m07,0.1,0.1469,0,0,10.3779,2.6746,0.0001,0,1536,0.1289,11.0722,384604c4612d0d681ef8e151d30073e506e11c5ef2f21155c494e2bd1683084a,3.0345,3.3382,0.0,41.6717,2.7313,5.4869,0,0.0,49.2571,2048
blur,m07,0.13,,0,0,,1.2018,0.0001,,1536,0.117,11.0722,384604c4612d0d681ef8e151d30073e506e11c5ef2f21155c494e2bd1683084a,2.3092,1.4009,0.0,41.6717,,,0,,,2048
blur,m07,0.16,,0,0,,0.6871,0.0,,1536,0.1077,11.0722,384604c4612d0d681ef8e151d30073e506e11c5ef2f21155c494e2bd1683084a,2.0271,0.856,0.0,41.6717,,,0,,,2048
blur,m07,0.2,,0,0,,0.4034,0.0,,1536,0.0977,11.0722,384604c4612d0d681ef8e151d30073e506e11c5ef2f21155c494e2bd1683084a,1.8234,0.5756,0.0,41.6717,,,0,,,2048
blur,m07,0.25,,0,0,,0.2637,0.0,,1536,0.088,11.0722,384604c4612d0d681ef8e151d30073e506e11c5ef2f21155c494e2bd1683084a,1.6718,0.4334,0.0,41.6717,,,0,,,2048
blur,m07,0.3,,0,0,,0.2041,0.0,,1536,0.08,11.0722,384604c4612d0d681ef8e151d30073e506e11c5ef2f21155c494e2bd1683084a,1.5083,0.3837,0.0,41.6717,,,0,,,2048
edge,m07,2.0,0.1961,,,1.9471,176.1743,0.0036,1,1536,0.1954,1.9918,384604c4612d0d681ef8e151d30073e506e11c5ef2f21155c494e2bd1683084a,429.1108,589.6823,0.0,41.6717,439.7737,753.7317,1,0.0,44.6512,1235
edge,m07,1.0,0.1982,,,0.9596,165.4966,0.0037,1,1536,0.1954,1.0079,384604c4612d0d681ef8e151d30073e506e11c5ef2f21155c494e2bd1683084a,429.1108,589.6823,0.0,41.6717,424.3387,790.658,1,0.0,46.3706,1194
edge,m07,0.5,0.2003,,,0.4991,163.8589,0.0038,1,1536,0.1954,0.5039,384604c4612d0d681ef8e151d30073e506e11c5ef2f21155c494e2bd1683084a,429.1108,589.6823,0.0,41.6717,408.3177,848.5694,1,0.0,48.54,1173
edge,m07,0.25,0.1942,,,0.3497,164.3803,0.0038,1,1536,0.1954,0.24,384604c4612d0d681ef8e151d30073e506e11c5ef2f21155c494e2bd1683084a,429.1108,589.6823,0.0,41.6717,446.1343,766.0875,1,0.0,44.6512,1162
edge,m07,0.1,0.1972,,,0.1391,163.4485,0.0039,1,1536,0.1949,0.096,384604c4612d0d681ef8e151d30073e506e11c5ef2f21155c494e2bd1683084a,433.4797,596.5563,0.0,41.6717,429.8397,816.2218,1,0.0,46.8506,1156
edge,m07,0.0,0.1951,,,0.097,160.4806,0.0039,1,1536,0.1946,0.0,384604c4612d0d681ef8e151d30073e506e11c5ef2f21155c494e2bd1683084a,437.0469,602.6166,0.0,41.6717,445.5175,782.0882,1,0.0,45.4055,1152
edge,m07,-0.5,0.1945,0,0,0.3497,155.8077,0.004,0,1536,0.195,0.0,384604c4612d0d681ef8e151d30073e506e11c5ef2f21155c494e2bd1683084a,426.35,585.2046,0.0,41.6717,446.0228,767.0565,0,0.0,44.6512,1131
edge,m07,-1.0,0.1939,0,0,0.05,152.7626,0.004,0,1536,0.1959,0.0,384604c4612d0d681ef8e151d30073e506e11c5ef2f21155c494e2bd1683084a,438.7442,603.4395,0.0,41.6717,466.2035,803.3897,0,0.0,44.6512,1110
edge,m07,-2.0,0.1945,0,0,0.0443,152.8074,0.0042,0,1536,0.1967,0.0,384604c4612d0d681ef8e151d30073e506e11c5ef2f21155c494e2bd1683084a,429.9707,587.3744,0.0,41.6717,450.4719,817.1845,0,0.0,46.2165,1069
glare,m07,0.3,0.1621,,,9.4654,209.9292,0.0022,1,1536,0.1561,11.0722,384604c4612d0d681ef8e151d30073e506e11c5ef2f21155c494e2bd1683084a,265.1452,361.1336,0.0,41.6717,222.4506,427.2091,1,0.0,48.0698,2048
glare,m07,0.5,0.1363,,,9.4654,203.4774,0.0022,1,1536,0.1342,11.0722,384604c4612d0d681ef8e151d30073e506e11c5ef2f21155c494e2bd1683084a,178.514,242.6098,0.0,41.6717,158.7018,305.156,1,0.0,48.0698,2048
glare,m07,0.7,0.1164,,,9.4654,198.0407,0.0022,1,1536,0.1181,11.0722,384604c4612d0d681ef8e151d30073e506e11c5ef2f21155c494e2bd1683084a,112.2421,151.4466,0.0002,41.6717,109.7436,210.253,1,0.0001,48.0698,2048
glare,m07,0.85,0.1072,,,9.4654,194.639,0.0024,1,1536,0.1113,11.0722,384604c4612d0d681ef8e151d30073e506e11c5ef2f21155c494e2bd1683084a,75.507,100.989,0.0219,41.6717,82.2083,156.9029,1,0.0213,48.0698,2048
glare,m07,1.0,0.1627,0,0,7.7628,191.7992,0.0047,0,1536,0.1101,11.0722,384604c4612d0d681ef8e151d30073e506e11c5ef2f21155c494e2bd1683084a,49.8257,65.8717,0.2238,41.6717,857.4213,1353.9985,0,0.0,47.3741,2048
glare,m07,1.5,0.1627,0,0,7.7628,185.5196,0.0136,0,1536,0.075,11.0722,384604c4612d0d681ef8e151d30073e506e11c5ef2f21155c494e2bd1683084a,13.1644,16.7326,0.6354,41.6717,857.4213,1353.9985,0,0.0,47.3741,2048
glare,m07,2.5,0.1627,0,0,7.7628,179.3325,0.0244,0,1536,0.0171,11.0722,384604c4612d0d681ef8e151d30073e506e11c5ef2f21155c494e2bd1683084a,0.4764,0.427,0.9425,41.6717,857.4213,1353.9985,0,0.0,47.3741,2048
glare,m07,4.0,0.1627,0,0,7.7628,174.567,0.0344,0,1536,0.0,11.0722,384604c4612d0d681ef8e151d30073e506e11c5ef2f21155c494e2bd1683084a,0.0,0.0,1.0,41.6717,857.4213,1353.9985,0,0.0,47.3741,2048
motion,m07,0.05,0.2051,,,9.4654,198.7446,0.0021,1,1536,0.1937,11.0722,384604c4612d0d681ef8e151d30073e506e11c5ef2f21155c494e2bd1683084a,330.9185,510.3163,0.0,41.6717,262.8847,583.497,1,0.0,48.0698,2048
motion,m07,0.1,0.2011,,,9.4654,140.7461,0.0017,1,1536,0.1887,11.0722,384604c4612d0d681ef8e151d30073e506e11c5ef2f21155c494e2bd1683084a,222.1195,353.3308,0.0,41.6717,175.653,410.1988,1,0.0,48.0698,2048
motion,m07,0.15,0.1971,,,9.4654,102.5648,0.0013,1,1536,0.1839,11.0722,384604c4612d0d681ef8e151d30073e506e11c5ef2f21155c494e2bd1683084a,174.4575,269.3223,0.0,41.6717,137.067,307.3323,1,0.0,48.0698,2048
motion,m07,0.2,0.1938,,,9.5625,83.2505,0.0009,1,1536,0.1801,11.0722,384604c4612d0d681ef8e151d30073e506e11c5ef2f21155c494e2bd1683084a,155.4576,234.8387,0.0,41.6717,123.0435,266.8486,1,0.0,47.6279,2048
motion,m07,0.3,0.1853,,,10.958,61.9251,0.0004,1,1536,0.1736,11.0722,384604c4612d0d681ef8e151d30073e506e11c5ef2f21155c494e2bd1683084a,135.5614,201.5194,0.0,41.6717,114.4672,196.9892,1,0.0,42.0698,2048
motion,m07,0.4,0.1521,1,0,11.9231,53.7452,0.0003,0,1536,0.1702,11.0722,384604c4612d0d681ef8e151d30073e506e11c5ef2f21155c494e2bd1683084a,127.7181,189.1976,0.0,41.6717,143.0138,195.3023,0,0.0,38.6977,2048
motion,m07,0.5,,0,0,,48.3653,0.0002,,1536,0.1672,11.0722,384604c4612d0d681ef8e151d30073e506e11c5ef2f21155c494e2bd1683084a,122.3644,181.0746,0.0,41.6717,,,0,,,2048
motion,m07,0.7,,0,0,,41.7452,0.0001,,1536,0.1621,11.0722,384604c4612d0d681ef8e151d30073e506e11c5ef2f21155c494e2bd1683084a,114.4371,169.243,0.0,41.6717,,,0,,,2048
motion,m07,1.0,,0,0,,35.6065,0.0,,1536,0.158,11.0722,384604c4612d0d681ef8e151d30073e506e11c5ef2f21155c494e2bd1683084a,108.225,160.2872,0.0,41.6717,,,0,,,2048
scale,m07,40,0.1608,,,7.9202,246.7695,0.0022,0,1474,0.1951,11.0722,384604c4612d0d681ef8e151d30073e506e11c5ef2f21155c494e2bd1683084a,476.6443,610.7765,0.0,39.9896,881.2177,1288.553,1,0.0,44.6121,1966
scale,m07,32,0.1983,,,10.3333,247.2973,0.0022,1,1180,0.1966,11.0722,384604c4612d0d681ef8e151d30073e506e11c5ef2f21155c494e2bd1683084a,885.3877,885.3877,0.0,32.0134,898.1315,702.8772,1,0.0,34.3023,1573
scale,m07,26,0.2069,,,8.8125,243.5285,0.0022,1,958,0.1964,11.0722,384604c4612d0d681ef8e151d30073e506e11c5ef2f21155c494e2bd1683084a,1586.6919,519.9724,0.0,25.9905,1206.944,1206.944,1,0.0,32.0,1278
scale,m07,22,0.1927,,,10.1667,238.2209,0.0022,1,811,0.1952,11.0722,384604c4612d0d681ef8e151d30073e506e11c5ef2f21155c494e2bd1683084a,2461.5629,456.0813,0.0,22.0024,2487.9163,595.9121,1,0.0,23.9704,1081
scale,m07,18,0.2036,,,7.4615,563.4979,0.0021,1,663,0.1927,11.0722,384604c4612d0d681ef8e151d30073e506e11c5ef2f21155c494e2bd1683084a,3863.6397,372.5401,0.0,17.9872,2502.4338,718.0871,1,0.0,25.9608,885
scale,m07,15,0.2043,,,9.1111,696.654,0.002,1,553,0.1932,11.0722,384604c4612d0d681ef8e151d30073e506e11c5ef2f21155c494e2bd1683084a,5043.026,273.0622,0.0,15.0029,3793.2167,363.4445,1,0.0,17.9675,737
scale,m07,12,0.1333,,,8.8333,847.267,0.0019,0,442,0.1868,11.0722,384604c4612d0d681ef8e151d30073e506e11c5ef2f21155c494e2bd1683084a,6785.8932,166.2761,0.0,11.9915,6311.519,176.7088,1,0.0,12.0,590
scale,m07,10,0.195,,,11.2,964.4121,0.0017,0,369,0.1869,11.0722,384604c4612d0d681ef8e151d30073e506e11c5ef2f21155c494e2bd1683084a,6778.3228,94.1364,0.0,10.011,6908.3748,107.9473,1,0.0,9.973,491
scale,m07,8,,0,0,,1069.0158,0.0016,,295,0.1733,11.0722,384604c4612d0d681ef8e151d30073e506e11c5ef2f21155c494e2bd1683084a,8356.9087,49.7843,0.0,8.0034,,,0,,,393
scale,m07,6,,0,0,,1179.7239,0.0013,,221,0.1644,11.0722,384604c4612d0d681ef8e151d30073e506e11c5ef2f21155c494e2bd1683084a,5849.2975,20.1284,0.0,5.9957,,,0,,,295
blur,m08,0.02,0.0674,,,9.25,79.6711,0.0004,1,1536,0.0674,9.2493,8725b03a64d9bdd96dc7e600a4bfc2d0d40a99baf3eb3c4fa4da1c748ad330a3,48.683,127.9428,0.0,47.6314,48.683,127.9428,1,0.0,47.6279,2048
blur,m08,0.04,0.0554,,,9.25,21.7331,0.0001,1,1536,0.0555,9.2493,8725b03a64d9bdd96dc7e600a4bfc2d0d40a99baf3eb3c4fa4da1c748ad330a3,6.6076,19.6426,0.0,47.6314,6.5604,19.4969,1,0.0,47.6279,2048
blur,m08,0.06,0.0468,,,8.7059,7.2175,0.0,1,1536,0.0479,9.2493,8725b03a64d9bdd96dc7e600a4bfc2d0d40a99baf3eb3c4fa4da1c748ad330a3,2.4774,4.2514,0.0,47.6314,2.4516,5.1652,1,0.0,50.6046,2048
blur,m08,0.08,0.0426,,,9.25,3.0867,0.0,1,1536,0.0426,9.2493,8725b03a64d9bdd96dc7e600a4bfc2d0d40a99baf3eb3c4fa4da1c748ad330a3,1.8203,1.4293,0.0,47.6314,1.8094,1.4197,1,0.0,47.6279,2048
blur,m08,0.1,,0,0,,1.649,0.0,,1536,0.0389,9.2493,8725b03a64d9bdd96dc7e600a4bfc2d0d40a99baf3eb3c4fa4da1c748ad330a3,1.6276,0.6959,0.0,47.6314,,,0,,,2048
blur,m08,0.13,,0,0,,0.8065,0.0,,1536,0.0344,9.2493,8725b03a64d9bdd96dc7e600a4bfc2d0d40a99baf3eb3c4fa4da1c748ad330a3,1.4913,0.3883,0.0,47.6314,,,0,,,2048
blur,m08,0.16,,0,0,,0.4743,0.0,,1536,0.031,9.2493,8725b03a64d9bdd96dc7e600a4bfc2d0d40a99baf3eb3c4fa4da1c748ad330a3,1.5537,0.3011,0.0,47.6314,,,0,,,2048
blur,m08,0.2,,0,0,,0.2824,0.0,,1536,0.0277,9.2493,8725b03a64d9bdd96dc7e600a4bfc2d0d40a99baf3eb3c4fa4da1c748ad330a3,1.3879,0.2447,0.0,47.6314,,,0,,,2048
blur,m08,0.25,,0,0,,0.1945,0.0,,1536,0.0247,9.2493,8725b03a64d9bdd96dc7e600a4bfc2d0d40a99baf3eb3c4fa4da1c748ad330a3,1.2027,0.2445,0.0,47.6314,,,0,,,2048
blur,m08,0.3,,0,0,,0.1622,0.0,,1536,0.0225,9.2493,8725b03a64d9bdd96dc7e600a4bfc2d0d40a99baf3eb3c4fa4da1c748ad330a3,0.9806,0.2538,0.0,47.6314,,,0,,,2048
edge,m08,2.0,0.0773,,,2.0405,139.7263,0.0015,1,1536,0.0777,1.99,8725b03a64d9bdd96dc7e600a4bfc2d0d40a99baf3eb3c4fa4da1c748ad330a3,211.9883,363.9311,0.0,47.6314,208.726,384.7227,1,0.0,49.186,1220
edge,m08,1.0,0.0741,,,0.9409,130.0902,0.0016,1,1536,0.0777,1.0033,8725b03a64d9bdd96dc7e600a4bfc2d0d40a99baf3eb3c4fa4da1c748ad330a3,211.9883,363.9311,0.0,47.6314,189.1422,410.2861,1,0.0,53.9821,1173
edge,m08,0.5,0.0741,,,0.4865,126.7823,0.0016,1,1536,0.0777,0.4994,8725b03a64d9bdd96dc7e600a4bfc2d0d40a99baf3eb3c4fa4da1c748ad330a3,211.9883,363.9311,0.0,47.6314,189.1422,405.1521,1,0.0,53.9456,1149
edge,m08,0.25,0.0741,,,0.2801,125.5093,0.0016,1,1536,0.0777,0.2475,8725b03a64d9bdd96dc7e600a4bfc2d0d40a99baf3eb3c4fa4da1c748ad330a3,211.9883,363.9311,0.0,47.6314,189.1407,404.7772,1,0.0,53.9451,1137
edge,m08,0.1,0.0747,,,0.1551,126.8252,0.0016,1,1536,0.0784,0.1005,8725b03a64d9bdd96dc7e600a4bfc2d0d40a99baf3eb3c4fa4da1c748ad330a3,215.9186,370.813,0.0,47.6314,192.6234,413.9227,1,0.0,53.9493,1130
edge,m08,0.0,0.075,,,0.1135,123.4589,0.0016,1,1536,0.0789,0.0,8725b03a64d9bdd96dc7e600a4bfc2d0d40a99baf3eb3c4fa4da1c748ad330a3,218.7631,373.999,0.0,47.6314,194.1002,415.3497,1,0.0,53.913,1125
edge,m08,-0.5,0.0686,0,0,0.2364,118.5714,0.0017,0,1536,0.0719,0.0,8725b03a64d9bdd96dc7e600a4bfc2d0d40a99baf3eb3c4fa4da1c748ad330a3,199.9728,335.1227,0.0,47.6314,177.3677,378.5667,0,0.0,54.0327,1101
edge,m08,-1.0,0.0715,0,0,0.0454,114.078,0.0017,0,1536,0.0722,0.0,8725b03a64d9bdd96dc7e600a4bfc2d0d40a99baf3eb3c4fa4da1c748ad330a3,200.7721,340.1991,0.0,47.6314,195.5235,341.7377,0,0.0,49.1163,1078
edge,m08,-2.0,0.0669,0,0,0.2178,111.3833,0.0018,0,1536,0.0686,0.0,8725b03a64d9bdd96dc7e600a4bfc2d0d40a99baf3eb3c4fa4da1c748ad330a3,186.28,313.3275,0.0001,47.6314,175.4048,331.7269,0,0.0,50.5606,1030
glare,m08,0.3,0.0627,,,9.25,152.8196,0.0009,1,1536,0.0627,9.2493,8725b03a64d9bdd96dc7e600a4bfc2d0d40a99baf3eb3c4fa4da1c748ad330a3,129.3946,220.7933,0.0001,47.6314,129.3946,220.7933,1,0.0001,47.6279,2048
glare,m08,0.5,0.054,,,9.25,150.6905,0.0009,1,1536,0.0539,9.2493,8725b03a64d9bdd96dc7e600a4bfc2d0d40a99baf3eb3c4fa4da1c748ad330a3,86.3119,146.8014,0.0006,47.6314,86.9832,147.6719,1,0.0006,47.6279,2048
glare,m08,0.7,0.0466,,,9.25,148.8891,0.001,1,1536,0.0466,9.2493,8725b03a64d9bdd96dc7e600a4bfc2d0d40a99baf3eb3c4fa4da1c748ad330a3,53.501,90.6645,0.0054,47.6314,53.501,90.6645,1,0.0054,47.6279,2048
glare,m08,0.85,0.0428,,,9.25,147.7397,0.0046,1,1536,0.0428,9.2493,8725b03a64d9bdd96dc7e600a4bfc2d0d40a99baf3eb3c4fa4da1c748ad330a3,35.6251,60.0774,0.283,47.6314,35.8944,60.3635,1,0.2852,47.6279,2048
glare,m08,1.0,0.1622,0,0,11.0909,146.7916,0.0093,0,1536,0.0406,9.2493,8725b03a64d9bdd96dc7e600a4bfc2d0d40a99baf3eb3c4fa4da1c748ad330a3,23.5373,39.4462,0.4751,47.6314,1685.8269,1100.3322,0,0.002,33.0,2048
glare,m08,1.5,0.1622,0,0,11.0909,144.5309,0.0214,0,1536,0.0271,9.2493,8725b03a64d9bdd96dc7e600a4bfc2d0d40a99baf3eb3c4fa4da1c748ad330a3,6.7738,11.192,0.7298,47.6314,1685.8269,1100.3322,0,0.002,33.0,2048
glare,m08,2.5,0.1622,0,0,11.0909,141.677,0.036,0,1536,0.0049,9.2493,8725b03a64d9bdd96dc7e600a4bfc2d0d40a99baf3eb3c4fa4da1c748ad330a3,0.1342,0.0568,0.9842,47.6314,1685.8269,1100.3322,0,0.002,33.0,2048
glare,m08,4.0,0.1622,0,0,11.0909,138.9308,0.0498,0,1536,0.0,9.2493,8725b03a64d9bdd96dc7e600a4bfc2d0d40a99baf3eb3c4fa4da1c748ad330a3,0.0,0.0,1.0,47.6314,1685.8269,1100.3322,0,0.002,33.0,2048
motion,m08,0.05,0.075,,,9.25,139.6965,0.0009,1,1536,0.075,9.2493,8725b03a64d9bdd96dc7e600a4bfc2d0d40a99baf3eb3c4fa4da1c748ad330a3,145.3418,290.8396,0.0,47.6314,145.3418,290.8396,1,0.0,47.6279,2048
motion,m08,0.1,0.0653,,,9.25,81.534,0.0006,1,1536,0.0655,9.2493,8725b03a64d9bdd96dc7e600a4bfc2d0d40a99baf3eb3c4fa4da1c748ad330a3,51.4204,111.4972,0.0,47.6314,51.0258,110.6541,1,0.0,47.6279,2048
motion,m08,0.15,0.0605,,,9.25,61.7614,0.0005,1,1536,0.0607,9.2493,8725b03a64d9bdd96dc7e600a4bfc2d0d40a99baf3eb3c4fa4da1c748ad330a3,37.1094,75.3527,0.0,47.6314,36.8254,74.778,1,0.0,47.6279,2048
motion,m08,0.2,0.0554,,,9.25,47.3891,0.0003,1,1536,0.0555,9.2493,8725b03a64d9bdd96dc7e600a4bfc2d0d40a99baf3eb3c4fa4da1c748ad330a3,27.3717,53.8691,0.0,47.6314,27.1619,53.4521,1,0.0,47.6279,2048
motion,m08,0.3,0.0515,,,9.9333,37.9284,0.0002,1,1536,0.0509,9.2493,8725b03a64d9bdd96dc7e600a4bfc2d0d40a99baf3eb3c4fa4da1c748ad330a3,21.1199,40.5256,0.0,47.6314,21.8899,35.5897,1,0.0,44.6512,2048
motion,m08,0.4,0.0305,,,11.7619,31.8397,0.0001,0,1536,0.0468,9.2493,8725b03a64d9bdd96dc7e600a4bfc2d0d40a99baf3eb3c4fa4da1c748ad330a3,16.7066,31.2763,0.0,47.6314,8.7637,11.0823,1,0.0,42.0,2048
motion,m08,0.5,,0,0,,28.2647,0.0001,,1536,0.0439,9.2493,8725b03a64d9bdd96dc7e600a4bfc2d0d40a99baf3eb3c4fa4da1c748ad330a3,13.7853,25.6153,0.0,47.6314,,,0,,,2048
motion,m08,0.7,,0,0,,24.3959,0.0,,1536,0.0407,9.2493,8725b03a64d9bdd96dc7e600a4bfc2d0d40a99baf3eb3c4fa4da1c748ad330a3,10.8839,19.8,0.0,47.6314,,,0,,,2048
motion,m08,1.0,,0,0,,20.8895,0.0,,1536,0.0386,9.2493,8725b03a64d9bdd96dc7e600a4bfc2d0d40a99baf3eb3c4fa4da1c748ad330a3,8.7864,15.9321,0.0,47.6314,,,0,,,2048
scale,m08,40,0.0774,,,9.25,175.7931,0.0009,1,1290,0.0777,9.2493,8725b03a64d9bdd96dc7e600a4bfc2d0d40a99baf3eb3c4fa4da1c748ad330a3,343.35,362.0149,0.0,40.0029,340.1734,356.287,1,0.0,40.0,1720
scale,m08,32,0.0774,,,9.25,173.9916,0.0009,1,1032,0.0774,9.2493,8725b03a64d9bdd96dc7e600a4bfc2d0d40a99baf3eb3c4fa4da1c748ad330a3,623.0875,623.0875,0.0,32.0023,623.0875,623.0875,1,0.0,32.0,1376
scale,m08,26,0.0704,,,7.3355,167.2451,0.0009,1,838,0.0768,9.2493,8725b03a64d9bdd96dc7e600a4bfc2d0d40a99baf3eb3c4fa4da1c748ad330a3,985.8793,279.2574,0.0,25.9864,797.5331,797.5331,1,0.0,31.9487,1118
scale,m08,22,0.075,,,9.1818,363.5795,0.0008,1,709,0.0759,9.2493,8725b03a64d9bdd96dc7e600a4bfc2d0d40a99baf3eb3c4fa4da1c748ad330a3,1305.9216,208.4007,0.0,21.9861,1296.9196,213.4501,1,0.0,21.969,946
scale,m08,18,0.0727,,,9.2222,471.4413,0.0008,1,580,0.0737,9.2493,8725b03a64d9bdd96dc7e600a4bfc2d0d40a99baf3eb3c4fa4da1c748ad330a3,1599.005,135.9873,0.0,17.9858,1563.4465,132.233,1,0.0,18.0,774
scale,m08,15,0.0648,,,7.5556,576.3338,0.0008,1,484,0.0707,9.2493,8725b03a64d9bdd96dc7e600a4bfc2d0d40a99baf3eb3c4fa4da1c748ad330a3,1730.0743,80.8929,0.0,15.0088,1384.2229,123.8579,1,0.0,18.0,645
scale,m08,12,0.0669,,,9.3333,712.8766,0.0006,1,387,0.0669,9.2493,8725b03a64d9bdd96dc7e600a4bfc2d0d40a99baf3eb3c4fa4da1c748ad330a3,1815.6089,40.1122,0.0,12.0009,1807.7235,40.4719,1,0.0,11.9691,516
scale,m08,10,0.0596,,,7.6667,820.8521,0.0005,1,322,0.0639,9.2493,8725b03a64d9bdd96dc7e600a4bfc2d0d40a99baf3eb3c4fa4da1c748ad330a3,1844.3586,23.7332,0.0,9.9852,1561.1005,36.2276,1,0.0,12.0,430
scale,m08,8,0.0418,0,0,14.0,944.2954,0.0004,0,258,0.0594,9.2493,8725b03a64d9bdd96dc7e600a4bfc2d0d40a99baf3eb3c4fa4da1c748ad330a3,1812.5583,8.1085,0.0,8.0006,988.1957,2.3835,0,0.0,6.0,344
scale,m08,6,,0,0,,1122.7156,0.0002,,193,0.0537,9.2493,8725b03a64d9bdd96dc7e600a4bfc2d0d40a99baf3eb3c4fa4da1c748ad330a3,1736.7912,3.7111,0.0,5.9849,,,0,,,258
blur,m09,0.02,0.2005,,,5.9222,169.386,0.0,1,1536,0.2005,5.9166,9e048be6adaf09f15ee06a7d8d16ab3faee21d7630767cbbaa2b5e8d524a0459,80.8824,510.9001,0.0,57.2928,80.8824,510.9001,1,0.0,57.2437,2048
blur,m09,0.04,0.1707,,,5.8576,36.6937,0.0,1,1536,0.1715,5.9166,9e048be6adaf09f15ee06a7d8d16ab3faee21d7630767cbbaa2b5e8d524a0459,18.566,146.5524,0.0,57.2928,18.3788,149.513,1,0.0,57.8247,2048
blur,m09,0.06,0.1456,,,5.9193,10.079,0.0,1,1536,0.1456,5.9166,9e048be6adaf09f15ee06a7d8d16ab3faee21d7630767cbbaa2b5e8d524a0459,6.4931,45.0929,0.0,57.2928,6.4931,45.0929,1,0.0,57.2691,2048
blur,m09,0.08,0.1288,,,5.7,3.6577,0.0,1,1536,0.1261,5.9166,9e048be6adaf09f15ee06a7d8d16ab3faee21d7630767cbbaa2b5e8d524a0459,3.2382,15.3193,0.0,57.2928,3.1512,16.9469,1,0.0,59.5349,2048
blur,m09,0.1,0.1191,0,1,5.4286,1.6828,0.0,0,1536,0.112,5.9166,9e048be6adaf09f15ee06a7d8d16ab3faee21d7630767cbbaa2b5e8d524a0459,2.1972,5.5,0.0,57.2928,2.1439,7.0726,0,0.0,62.5116,2048
blur,m09,0.13,0.0863,0,0,6.3889,0.7145,0.0,0,1536,0.0976,5.9166,9e048be6adaf09f15ee06a7d8d16ab3faee21d7630767cbbaa2b5e8d524a0459,1.8102,1.4746,0.0,57.2928,1.8552,1.4809,0,0.0,53.5814,2048
blur,m09,0.16,,0,0,,0.4063,0.0,,1536,0.0873,5.9166,9e048be6adaf09f15ee06a7d8d16ab3faee21d7630767cbbaa2b5e8d524a0459,1.7467,0.6449,0.0,57.2928,,,0,,,2048
blur,m09,0.2,,0,0,,0.2586,0.0,,1536,0.0769,5.9166,9e048be6adaf09f15ee06a7d8d16ab3faee21d7630767cbbaa2b5e8d524a0459,1.6147,0.3442,0.0,57.2928,,,0,,,2048
blur,m09,0.25,,0,0,,0.1919,0.0,,1536,0.0674,5.9166,9e048be6adaf09f15ee06a7d8d16ab3faee21d7630767cbbaa2b5e8d524a0459,1.5517,0.2404,0.0,57.2928,,,0,,,2048
blur,m09,0.3,,0,0,,0.1622,0.0,,1536,0.0607,5.9166,9e048be6adaf09f15ee06a7d8d16ab3faee21d7630767cbbaa2b5e8d524a0459,1.5254,0.1934,0.0,57.2928,,,0,,,2048
edge,m09,2.0,0.2245,,,2.1647,322.368,0.0,1,1536,0.2185,1.9913,9e048be6adaf09f15ee06a7d8d16ab3faee21d7630767cbbaa2b5e8d524a0459,437.8597,1213.5256,0.0,57.2928,467.5992,1133.0509,1,0.0,53.5814,1287
edge,m09,1.0,0.2243,,,1.0832,319.8412,0.0,1,1536,0.2185,0.9965,9e048be6adaf09f15ee06a7d8d16ab3faee21d7630767cbbaa2b5e8d524a0459,437.8597,1213.5256,0.0,57.2928,466.3277,1134.3069,1,0.0,53.5814,1230
edge,m09,0.5,0.2245,,,0.5827,320.7564,0.0,1,1536,0.2185,0.5077,9e048be6adaf09f15ee06a7d8d16ab3faee21d7630767cbbaa2b5e8d524a0459,437.8597,1213.5256,0.0,57.2928,467.5992,1133.0509,1,0.0,53.5814,1202
edge,m09,0.25,0.224,,,0.2498,319.5622,0.0,1,1536,0.2185,0.2459,9e048be6adaf09f15ee06a7d8d16ab3faee21d7630767cbbaa2b5e8d524a0459,437.8597,1213.5256,0.0,57.2928,466.305,1132.6429,1,0.0,53.5814,1187
edge,m09,0.1,0.2257,,,0.1248,314.9055,0.0,1,1536,0.2203,0.1063,9e048be6adaf09f15ee06a7d8d16ab3faee21d7630767cbbaa2b5e8d524a0459,447.5009,1239.6415,0.0,57.2928,475.4076,1151.4394,1,0.0,53.5814,1179
edge,m09,0.0,0.2269,,,0.0416,313.5831,0.0,1,1536,0.2217,0.0016,9e048be6adaf09f15ee06a7d8d16ab3faee21d7630767cbbaa2b5e8d524a0459,454.8035,1269.8165,0.0,57.2928,481.8792,1172.7787,1,0.0,53.5814,1173
edge,m09,-0.5,0.2276,0,0,0.0384,313.7648,0.0,0,1536,0.2226,0.0,9e048be6adaf09f15ee06a7d8d16ab3faee21d7630767cbbaa2b5e8d524a0459,455.9604,1242.918,0.0,57.2928,456.0302,1299.0611,0,0.0,58.0465,1144
edge,m09,-1.0,0.2288,0,0,0.0347,300.6252,0.0,0,1536,0.2234,0.0,9e048be6adaf09f15ee06a7d8d16ab3faee21d7630767cbbaa2b5e8d524a0459,461.8311,1260.52,0.0,57.2928,471.8966,1284.0854,0,0.0,56.4797,1116
edge,m09,-2.0,0.2263,0,0,0.0417,273.6501,0.0,0,1536,0.2208,0.0,9e048be6adaf09f15ee06a7d8d16ab3faee21d7630767cbbaa2b5e8d524a0459,451.8667,1208.5576,0.0,57.2928,479.1802,1119.1943,0,0.0,53.5814,1058
glare,m09,0.3,0.1726,,,6.3889,391.9546,0.0,1,1536,0.1697,5.9166,9e048be6adaf09f15ee06a7d8d16ab3faee21d7630767cbbaa2b5e8d524a0459,268.4572,738.9196,0.0,57.2928,281.5927,686.7464,1,0.0,53.5814,2048
glare,m09,0.5,0.1407,,,5.9102,381.5412,0.0,1,1536,0.1407,5.9166,9e048be6adaf09f15ee06a7d8d16ab3faee21d7630767cbbaa2b5e8d524a0459,179.92,493.7636,0.0,57.2928,179.92,497.0101,1,0.0,57.3506,2048
glare,m09,0.7,0.1161,,,5.8151,372.6835,0.0,1,1536,0.1167,5.9166,9e048be6adaf09f15ee06a7d8d16ab3faee21d7630767cbbaa2b5e8d524a0459,111.7054,304.7665,0.0,57.2928,110.9102,308.0486,1,0.0,58.2143,2048
glare,m09,0.85,0.1047,,,6.0,367.1069,0.0,1,1536,0.1043,5.9166,9e048be6adaf09f15ee06a7d8d16ab3faee21d7630767cbbaa2b5e8d524a0459,73.9042,200.3807,0.0007,57.2928,74.2456,194.8349,1,0.0007,56.5581,2048
glare,m09,1.0,0.1014,0,0,6.3889,362.4317,0.002,0,1536,0.0987,5.9166,9e048be6adaf09f15ee06a7d8d16ab3faee21d7630767cbbaa2b5e8d524a0459,47.7598,127.8178,0.1912,57.2928,50.8007,120.2228,0,0.1992,53.5814,2048
glare,m09,1.5,0.2608,0,0,8.16,351.9488,0.0137,0,1536,0.0635,5.9166,9e048be6adaf09f15ee06a7d8d16ab3faee21d7630767cbbaa2b5e8d524a0459,11.8021,30.5342,0.6174,57.2928,887.006,4280.0154,0,0.0,74.4186,2048
glare,m09,2.5,0.2608,0,0,8.16,339.3184,0.028,0,1536,0.0126,5.9166,9e048be6adaf09f15ee06a7d8d16ab3faee21d7630767cbbaa2b5e8d524a0459,0.2729,0.1459,0.9086,57.2928,887.006,4280.0154,0,0.0,74.4186,2048
glare,m09,4.0,0.2608,0,0,8.16,328.1965,0.0411,0,1536,0.0,5.9166,9e048be6adaf09f15ee06a7d8d16ab3faee21d7630767cbbaa2b5e8d524a0459,0.0,0.0,1.0,57.2928,887.006,4280.0154,0,0.0,74.4186,2048
motion,m09,0.05,0.2158,,,6.3889,315.4276,0.0,1,1536,0.2133,5.9166,9e048be6adaf09f15ee06a7d8d16ab3faee21d7630767cbbaa2b5e8d524a0459,229.1862,925.8059,0.0,57.2928,236.671,837.3155,1,0.0,53.5814,2048
motion,m09,0.1,0.2024,,,5.7598,187.2331,0.0,1,1536,0.2024,5.9166,9e048be6adaf09f15ee06a7d8d16ab3faee21d7630767cbbaa2b5e8d524a0459,140.3725,608.3761,0.0,57.2928,141.6875,642.2946,1,0.0,58.7285,2048
motion,m09,0.15,0.1895,,,5.8662,133.2374,0.0,1,1536,0.1904,5.9166,9e048be6adaf09f15ee06a7d8d16ab3faee21d7630767cbbaa2b5e8d524a0459,109.0653,459.9723,0.0,57.2928,108.6298,466.1223,1,0.0,57.7467,2048
motion,m09,0.2,0.1828,,,5.9298,114.5389,0.0,1,1536,0.1828,5.9166,9e048be6adaf09f15ee06a7d8d16ab3faee21d7630767cbbaa2b5e8d524a0459,95.7522,394.9767,0.0,57.2928,95.7522,394.9767,1,0.0,57.1754,2048
motion,m09,0.3,0.1652,,,5.6941,85.6927,0.0,1,1536,0.1656,5.9166,9e048be6adaf09f15ee06a7d8d16ab3faee21d7630767cbbaa2b5e8d524a0459,73.4162,293.2413,0.0,57.2928,74.1276,314.8082,1,0.0,59.3509,2048
motion,m09,0.4,0.1532,,,6.3889,71.8655,0.0,1,1536,0.1545,5.9166,9e048be6adaf09f15ee06a7d8d16ab3faee21d7630767cbbaa2b5e8d524a0459,60.5314,237.7983,0.0,57.2928,55.4908,199.4844,1,0.0,53.5814,2048
motion,m09,0.5,0.1446,0,0,6.3333,63.9227,0.0,0,1536,0.147,5.9166,9e048be6adaf09f15ee06a7d8d16ab3faee21d7630767cbbaa2b5e8d524a0459,51.9217,200.1003,0.0,57.2928,43.0485,150.9795,0,0.0,53.5814,2048
motion,m09,0.7,0.1305,0,0,13.0667,55.551,0.0,0,1536,0.1374,5.9166,9e048be6adaf09f15ee06a7d8d16ab3faee21d7630767cbbaa2b5e8d524a0459,43.089,163.2842,0.0,57.2928,46.3899,94.5052,0,0.0,44.6512,2048
motion,m09,1.0,,0,0,,48.2744,0.0,,1536,0.1303,5.9166,9e048be6adaf09f15ee06a7d8d16ab3faee21d7630767cbbaa2b5e8d524a0459,37.8175,143.9848,0.0,57.2928,,,0,,,2048
scale,m09,48,0.221,,,5.8674,453.5315,0.0,1,1287,0.2176,5.9166,9e048be6adaf09f15ee06a7d8d16ab3faee21d7630767cbbaa2b5e8d524a0459,678.9454,1172.0351,0.0,48.0051,686.1347,1283.6519,1,0.0,48.6736,1716
scale,m09,40,0.2222,,,6.3889,454.0323,0.0,1,1072,0.219,5.9166,9e048be6adaf09f15ee06a7d8d16ab3faee21d7630767cbbaa2b5e8d524a0459,1117.9379,1190.6342,0.0,39.9856,1189.4739,1124.2471,1,0.0,37.3953,1430
scale,m09,32,0.2199,,,5.9375,445.7166,0.0,1,858,0.216,5.9166,9e048be6adaf09f15ee06a7d8d16ab3faee21d7630767cbbaa2b5e8d524a0459,1942.4956,1942.4956,0.0,32.0034,1956.8137,1956.8137,1,0.0,32.0,1144
scale,m09,26,0.2115,,,4.5516,962.8039,0.0,1,697,0.2148,5.9166,9e048be6adaf09f15ee06a7d8d16ab3faee21d7630767cbbaa2b5e8d524a0459,3083.9505,921.0766,0.0,25.9981,2786.0114,1584.8591,1,0.0,32.9606,929
scale,m09,22,0.2166,,,5.4167,1260.741,0.0,1,590,0.2171,5.9166,9e048be6adaf09f15ee06a7d8d16ab3faee21d7630767cbbaa2b5e8d524a0459,4363.5172,759.8296,0.0,22.007,3971.5606,940.1837,1,0.0,24.0,786
scale,m09,18,0.2168,,,5.3,1610.8058,0.0,1,483,0.2129,5.9166,9e048be6adaf09f15ee06a7d8d16ab3faee21d7630767cbbaa2b5e8d524a0459,6505.6272,623.7021,0.0,18.0159,6025.5826,823.8122,1,0.0,19.9587,643
scale,m09,15,0.2095,,,5.5,1921.853,0.0,1,402,0.2109,5.9166,9e048be6adaf09f15ee06a7d8d16ab3faee21d7630767cbbaa2b5e8d524a0459,9470.2152,469.8482,0.0,14.9946,8652.5495,419.2247,1,0.0,16.0,536
scale,m09,12,0.2016,,,4.4986,2241.5179,0.0001,1,322,0.2052,5.9166,9e048be6adaf09f15ee06a7d8d16ab3faee21d7630767cbbaa2b5e8d524a0459,13747.2947,326.9166,0.0,12.0106,10463.0913,573.2864,1,0.0,15.4044,429
scale,m09,10,0.1933,,,4.423,2418.0161,0.0001,1,268,0.2035,5.9166,9e048be6adaf09f15ee06a7d8d16ab3faee21d7630767cbbaa2b5e8d524a0459,17661.9795,233.7866,0.0,9.9964,12577.7414,398.2845,1,0.0,13.0002,357
scale,m09,8,0.1877,0,0,13.6667,2505.5328,0.0,0,214,0.1851,5.9166,9e048be6adaf09f15ee06a7d8d16ab3faee21d7630767cbbaa2b5e8d524a0459,20355.2059,93.5057,0.0,7.9822,20246.1952,48.478,0,0.0,6.0,286
scale,m09,6,0.1662,0,0,3.4,2474.781,0.0001,0,161,0.163,5.9166,9e048be6adaf09f15ee06a7d8d16ab3faee21d7630767cbbaa2b5e8d524a0459,21185.756,46.3693,0.0,6.0053,11814.8922,145.4797,0,0.0,9.9383,214
blur,m10,0.02,0.2087,,,11.7641,84.7154,0.0127,1,1920,0.2092,11.2035,d21151c02e76da5e75c70233f3e0aa54ca5a16923059707558dc7e33349b596e,123.4228,614.3843,0.0,53.5488,129.9146,562.5343,1,0.0,51.2305,1440
blur,m10,0.04,0.1842,,,10.4246,18.9371,0.0117,1,1920,0.1838,11.2035,d21151c02e76da5e75c70233f3e0aa54ca5a16923059707558dc7e33349b596e,23.4316,144.8703,0.0,53.5488,21.2801,166.0324,1,0.0,57.5085,1440
blur,m10,0.06,0.1684,1,0,9.5748,5.794,0.0113,0,1920,0.1649,11.2035,d21151c02e76da5e75c70233f3e0aa54ca5a16923059707558dc7e33349b596e,6.5117,36.1511,0.0,53.5488,5.4248,50.142,0,0.0,62.2972,1440
blur,m10,0.08,,0,0,,2.3787,0.011,,1920,0.1519,11.2035,d21151c02e76da5e75c70233f3e0aa54ca5a16923059707558dc7e33349b596e,2.8885,10.426,0.0,53.5488,,,0,,,1440
blur,m10,0.1,,0,0,,1.2093,0.0106,,1920,0.1421,11.2035,d21151c02e76da5e75c70233f3e0aa54ca5a16923059707558dc7e33349b596e,2.0612,3.8283,0.0,53.5488,,,0,,,1440
blur,m10,0.13,,0,0,,0.6133,0.0102,,1920,0.1306,11.2035,d21151c02e76da5e75c70233f3e0aa54ca5a16923059707558dc7e33349b596e,1.7255,1.3098,0.0,53.5488,,,0,,,1440
blur,m10,0.16,,0,0,,0.4014,0.0097,,1920,0.1215,11.2035,d21151c02e76da5e75c70233f3e0aa54ca5a16923059707558dc7e33349b596e,1.7003,0.6591,0.0,53.5488,,,0,,,1440
blur,m10,0.2,,0,0,,0.2889,0.0089,,1920,0.1114,11.2035,d21151c02e76da5e75c70233f3e0aa54ca5a16923059707558dc7e33349b596e,1.5815,0.4171,0.0,53.5488,,,0,,,1440
blur,m10,0.25,,0,0,,0.2352,0.0079,,1920,0.1003,11.2035,d21151c02e76da5e75c70233f3e0aa54ca5a16923059707558dc7e33349b596e,1.6481,0.3071,0.0,53.5488,,,0,,,1440
blur,m10,0.3,,0,0,,0.214,0.0068,,1920,0.0904,11.2035,d21151c02e76da5e75c70233f3e0aa54ca5a16923059707558dc7e33349b596e,1.5794,0.2655,0.0,53.5488,,,0,,,1440
edge,m10,2.0,0.2289,,,2.1994,253.3348,0.0209,1,1920,0.2267,1.9963,d21151c02e76da5e75c70233f3e0aa54ca5a16923059707558dc7e33349b596e,616.4947,1451.499,0.003,53.5488,676.7991,1387.0601,1,0.0033,50.6316,933
edge,m10,1.0,0.2295,,,1.1473,257.9428,0.0221,1,1920,0.2267,1.0066,d21151c02e76da5e75c70233f3e0aa54ca5a16923059707558dc7e33349b596e,616.4947,1451.499,0.003,53.5488,668.5671,1376.7668,1,0.0033,50.908,880
edge,m10,0.5,0.2285,,,0.6104,259.5384,0.0228,1,1920,0.2267,0.5024,d21151c02e76da5e75c70233f3e0aa54ca5a16923059707558dc7e33349b596e,616.4947,1451.499,0.003,53.5488,676.8059,1382.0477,1,0.0033,50.2326,853
edge,m10,0.25,0.2287,,,0.3288,261.5453,0.0232,1,1920,0.2267,0.2409,d21151c02e76da5e75c70233f3e0aa54ca5a16923059707558dc7e33349b596e,616.4947,1451.499,0.003,53.5488,674.0392,1394.5824,1,0.0033,50.7029,839
edge,m10,0.1,0.2291,,,0.163,262.8351,0.0234,1,1920,0.2282,0.0915,d21151c02e76da5e75c70233f3e0aa54ca5a16923059707558dc7e33349b596e,636.6113,1497.6635,0.0031,53.5488,687.9197,1417.3562,1,0.0034,50.8726,831
edge,m10,0.0,0.2305,,,0.1093,261.9229,0.0236,1,1920,0.2292,0.0,d21151c02e76da5e75c70233f3e0aa54ca5a16923059707558dc7e33349b596e,646.8902,1520.1926,0.0032,53.5488,690.3852,1415.4638,1,0.0034,50.6407,826
edge,m10,-0.5,0.2337,0,0,0.0516,260.4785,0.0243,0,1920,0.2328,0.0,d21151c02e76da5e75c70233f3e0aa54ca5a16923059707558dc7e33349b596e,658.6006,1548.2679,0.0031,53.5488,696.8442,1477.5969,0,0.0033,51.2977,799
edge,m10,-1.0,0.2357,0,0,0.1538,253.271,0.0252,0,1920,0.2341,0.0,d21151c02e76da5e75c70233f3e0aa54ca5a16923059707558dc7e33349b596e,675.5411,1595.7529,0.0036,53.5488,690.8891,1527.6009,0,0.0037,52.2724,773
edge,m10,-2.0,0.2389,0,0,0.0522,231.0639,0.027,0,1920,0.2374,0.0,d21151c02e76da5e75c70233f3e0aa54ca5a16923059707558dc7e33349b596e,692.5006,1524.5821,0.0028,53.5488,750.6127,1479.1398,0,0.003,50.8382,719
glare,m10,0.3,0.1733,,,11.7079,195.2548,0.0136,1,1920,0.173,11.2035,d21151c02e76da5e75c70233f3e0aa54ca5a16923059707558dc7e33349b596e,376.775,888.5855,0.0038,53.5488,396.7404,845.8111,1,0.004,51.4743,1440
glare,m10,0.5,0.1435,,,11.8033,191.0365,0.0136,1,1920,0.1426,11.2035,d21151c02e76da5e75c70233f3e0aa54ca5a16923059707558dc7e33349b596e,252.3935,598.2768,0.0044,53.5488,269.2701,563.408,1,0.0046,51.062,1440
glare,m10,0.7,0.1209,,,11.4622,187.6265,0.0136,1,1920,0.1206,11.2035,d21151c02e76da5e75c70233f3e0aa54ca5a16923059707558dc7e33349b596e,156.2564,373.8954,0.0051,53.5488,159.6516,364.1134,1,0.0053,52.5673,1440
glare,m10,0.85,0.1142,,,11.766,185.543,0.0136,1,1920,0.1126,11.2035,d21151c02e76da5e75c70233f3e0aa54ca5a16923059707558dc7e33349b596e,103.2343,249.1502,0.007,53.5488,108.6254,235.4098,1,0.0074,51.2222,1440
glare,m10,1.0,0.1758,0,0,9.292,183.8633,0.0142,0,1920,0.1139,11.2035,d21151c02e76da5e75c70233f3e0aa54ca5a16923059707558dc7e33349b596e,66.8785,162.6476,0.0835,53.5488,370.9328,489.425,0,0.0,39.6357,1440
glare,m10,1.5,0.1749,0,0,8.6806,180.3473,0.0203,0,1920,0.081,11.2035,d21151c02e76da5e75c70233f3e0aa54ca5a16923059707558dc7e33349b596e,16.4476,41.0424,0.5739,53.5488,365.5908,584.1364,0,0.0,42.4264,1440
glare,m10,2.5,0.1741,0,0,9.3356,176.8,0.0276,0,1920,0.0219,11.2035,d21151c02e76da5e75c70233f3e0aa54ca5a16923059707558dc7e33349b596e,0.4178,0.4486,0.8568,53.5488,364.2159,474.5099,0,0.0,39.4533,1440
glare,m10,4.0,0.1724,0,0,9.2423,173.3869,0.0343,0,1920,0.0,11.2035,d21151c02e76da5e75c70233f3e0aa54ca5a16923059707558dc7e33349b596e,0.0,0.0,1.0,53.5488,359.4135,483.4322,0,0.0,39.8455,1440
motion,m10,0.05,0.2211,,,11.621,145.2617,0.0131,1,1920,0.2201,11.2035,d21151c02e76da5e75c70233f3e0aa54ca5a16923059707558dc7e33349b596e,293.2281,1031.5558,0.0011,53.5488,304.7421,960.7231,1,0.0011,51.6178,1440
motion,m10,0.1,0.212,,,11.5571,94.653,0.0126,1,1920,0.2117,11.2035,d21151c02e76da5e75c70233f3e0aa54ca5a16923059707558dc7e33349b596e,186.4695,693.0309,0.0004,53.5488,191.4932,638.3499,1,0.0004,51.9007,1440
motion,m10,0.15,0.2005,,,11.7906,61.2226,0.0121,1,1920,0.2006,11.2035,d21151c02e76da5e75c70233f3e0aa54ca5a16923059707558dc7e33349b596e,129.422,465.0031,0.0001,53.5488,136.4135,416.2154,1,0.0001,50.8819,1440
motion,m10,0.2,0.1926,,,11.8889,48.2708,0.0117,1,1920,0.1923,11.2035,d21151c02e76da5e75c70233f3e0aa54ca5a16923059707558dc7e33349b596e,108.6251,383.4249,0.0,53.5488,114.9264,342.834,1,0.0,50.2326,1440
motion,m10,0.3,0.1741,0,0,13.5,37.9231,0.0113,0,1920,0.1843,11.2035,d21151c02e76da5e75c70233f3e0aa54ca5a16923059707558dc7e33349b596e,91.2149,319.7357,0.0,53.5488,117.0922,243.0668,0,0.0,44.6512,1440
motion,m10,0.4,,0,0,,32.537,0.0109,,1920,0.1794,11.2035,d21151c02e76da5e75c70233f3e0aa54ca5a16923059707558dc7e33349b596e,82.2305,289.469,0.0,53.5488,,,0,,,1440
motion,m10,0.5,,0,0,,28.6189,0.0106,,1920,0.1758,11.2035,d21151c02e76da5e75c70233f3e0aa54ca5a16923059707558dc7e33349b596e,75.202,264.9433,0.0,53.5488,,,0,,,1440
motion,m10,0.7,,0,0,,24.5988,0.0096,,1920,0.1719,11.2035,d21151c02e76da5e75c70233f3e0aa54ca5a16923059707558dc7e33349b596e,69.0272,245.0067,0.0,53.5488,,,0,,,1440
motion,m10,1.0,,0,0,,20.5418,0.0084,,1920,0.1672,11.2035,d21151c02e76da5e75c70233f3e0aa54ca5a16923059707558dc7e33349b596e,62.2494,221.9534,0.0,53.5488,,,0,,,1440
scale,m10,48,0.2276,,,12.0023,206.836,0.0136,1,1721,0.2269,11.2056,d21151c02e76da5e75c70233f3e0aa54ca5a16923059707558dc7e33349b596e,799.9371,1439.2191,0.0029,47.9987,855.796,1353.5052,1,0.0031,45.0262,1291
scale,m10,40,0.2262,,,11.0364,206.3752,0.0136,1,1434,0.227,11.2087,d21151c02e76da5e75c70233f3e0aa54ca5a16923059707558dc7e33349b596e,1317.4507,1431.9727,0.0035,39.9943,1296.7383,1486.3793,1,0.0035,40.6125,1076
scale,m10,32,0.225,,,11.0243,201.3154,0.0135,1,1147,0.2264,11.2132,d21151c02e76da5e75c70233f3e0aa54ca5a16923059707558dc7e33349b596e,2306.4571,2306.4571,0.0028,31.9898,2227.7524,1358.4002,1,0.0027,32.6106,861
scale,m10,26,0.2236,,,11.1344,425.7816,0.0136,1,932,0.2258,11.2035,d21151c02e76da5e75c70233f3e0aa54ca5a16923059707558dc7e33349b596e,3725.7703,1154.7942,0.0023,25.9935,3628.0207,1139.1391,1,0.0022,26.363,699
scale,m10,22,0.2214,,,10.0497,562.0948,0.0137,1,789,0.2253,11.2082,d21151c02e76da5e75c70233f3e0aa54ca5a16923059707558dc7e33349b596e,5380.2772,982.3172,0.0023,22.0052,4674.8274,1155.9012,1,0.002,24.472,592
scale,m10,18,0.2166,,,9.9069,740.5538,0.0137,1,645,0.2232,11.2093,d21151c02e76da5e75c70233f3e0aa54ca5a16923059707558dc7e33349b596e,7909.686,699.8262,0.0004,17.9891,6433.3115,854.8093,1,0.0004,20.1853,484
scale,m10,15,0.2175,,,10.474,896.1427,0.0136,1,538,0.2202,11.1896,d21151c02e76da5e75c70233f3e0aa54ca5a16923059707558dc7e33349b596e,10733.8335,545.4425,0.0,15.0048,9759.2717,456.1224,1,0.0,16.0,403
scale,m10,12,0.2107,,,13.558,1063.0886,0.0136,1,430,0.2123,11.2208,d21151c02e76da5e75c70233f3e0aa54ca5a16923059707558dc7e33349b596e,12890.65,317.9589,0.0,11.9927,15588.3783,221.5675,1,0.0,10.0,323
scale,m10,10,0.2031,0,1,11.3894,1184.8926,0.0136,0,359,0.205,11.1931,d21151c02e76da5e75c70233f3e0aa54ca5a16923059707558dc7e33349b596e,14616.5372,197.8951,0.0,10.0125,14603.0315,192.4671,0,0.0,9.9722,269
scale,m10,8,,0,0,,1358.5619,0.0133,,287,0.1963,11.1905,d21151c02e76da5e75c70233f3e0aa54ca5a16923059707558dc7e33349b596e,17013.0994,79.793,0.0,8.0044,,,0,,,215
scale,m10,6,,0,0,,1502.965,0.0123,,215,0.1758,11.1861,d21151c02e76da5e75c70233f3e0aa54ca5a16923059707558dc7e33349b596e,9965.9105,26.1279,0.0,5.9964,,,0,,,161
blur,m11,0.02,0.1103,,,4.641,78.0847,0.0033,0,2048,0.0659,12.9967,9aefb88ea9a181be7d5b744c1c521ad9c0c69212f27a230944f6c96097959a53,21.7436,68.55,0.0,49.6845,15.85,191.3073,1,0.0,116.093,1536
blur,m11,0.04,0.0992,,,4.9444,21.4406,0.0021,0,2048,0.057,12.9967,9aefb88ea9a181be7d5b744c1c521ad9c0c69212f27a230944f6c96097959a53,4.8509,16.0371,0.0,49.6845,3.353,76.7346,1,0.0,107.1628,1536
blur,m11,0.06,0.1027,,,4.6286,7.6244,0.0014,0,2048,0.0505,12.9967,9aefb88ea9a181be7d5b744c1c521ad9c0c69212f27a230944f6c96097959a53,2.3267,4.1347,0.0,49.6845,2.2513,40.358,1,0.0,111.2326,1536
blur,m11,0.08,0.1108,,,4.1613,3.2925,0.001,0,2048,0.046,12.9967,9aefb88ea9a181be7d5b744c1c521ad9c0c69212f27a230944f6c96097959a53,1.7117,1.2631,0.0,49.6845,1.8525,24.5423,1,0.0,122.1588,1536
blur,m11,0.1,0.1025,,,4.359,1.6972,0.0008,0,2048,0.0427,12.9967,9aefb88ea9a181be7d5b744c1c521ad9c0c69212f27a230944f6c96097959a53,1.5354,0.5969,0.0,49.6845,1.6909,9.9661,1,0.0,116.0931,1536
blur,m11,0.13,0.1005,0,0,4.0256,0.8045,0.0006,0,2048,0.0385,12.9967,9aefb88ea9a181be7d5b744c1c521ad9c0c69212f27a230944f6c96097959a53,1.4512,0.3529,0.0,49.6845,1.5636,4.096,0,0.0,116.093,1536
blur,m11,0.16,0.0842,0,0,4.5801,0.4755,0.0004,0,2048,0.0347,12.9967,9aefb88ea9a181be7d5b744c1c521ad9c0c69212f27a230944f6c96097959a53,1.349,0.2726,0.0,49.6845,1.5433,1.8649,0,0.0,115.6147,1536
blur,m11,0.2,,0,0,,0.2959,0.0002,,2048,0.0301,12.9967,9aefb88ea9a181be7d5b744c1c521ad9c0c69212f27a230944f6c96097959a53,1.1783,0.2591,0.0,49.6845,,,0,,,1536
blur,m11,0.25,,0,0,,0.2087,0.0,,2048,0.0248,12.9967,9aefb88ea9a181be7d5b744c1c521ad9c0c69212f27a230944f6c96097959a53,1.2391,0.2254,0.0,49.6845,,,0,,,1536
blur,m11,0.3,,0,0,,0.1744,0.0,,2048,0.0204,12.9967,9aefb88ea9a181be7d5b744c1c521ad9c0c69212f27a230944f6c96097959a53,1.1929,0.1923,0.0,49.6845,,,0,,,1536
edge,m11,2.0,0.0718,,,2.1218,182.6222,0.0065,1,2048,0.0713,2.0035,9aefb88ea9a181be7d5b744c1c521ad9c0c69212f27a230944f6c96097959a53,72.932,145.4951,0.0,49.6845,74.5929,133.9632,1,0.0,47.6279,966
edge,m11,1.0,0.0712,,,1.0245,180.13,0.0068,1,2048,0.0713,0.9971,9aefb88ea9a181be7d5b744c1c521ad9c0c69212f27a230944f6c96097959a53,72.932,145.4951,0.0,49.6845,72.3666,141.825,1,0.0,49.1886,916
edge,m11,0.5,0.0714,,,0.5332,190.1766,0.007,1,2048,0.0713,0.494,9aefb88ea9a181be7d5b744c1c521ad9c0c69212f27a230944f6c96097959a53,72.932,145.4951,0.0,49.6845,73.2036,144.7203,1,0.0,49.7145,891
edge,m11,0.25,0.0714,,,0.3005,189.7236,0.0071,1,2048,0.0713,0.2524,9aefb88ea9a181be7d5b744c1c521ad9c0c69212f27a230944f6c96097959a53,72.932,145.4951,0.0,49.6845,73.2036,141.9652,1,0.0,48.9375,879
edge,m11,0.1,0.0726,,,0.1223,189.7504,0.0072,1,2048,0.072,0.0914,9aefb88ea9a181be7d5b744c1c521ad9c0c69212f27a230944f6c96097959a53,75.1732,149.5893,0.0,49.6845,77.196,141.0145,1,0.0,48.1462,871
edge,m11,0.0,0.0723,,,0.0581,179.5242,0.0072,1,2048,0.0725,0.0,9aefb88ea9a181be7d5b744c1c521ad9c0c69212f27a230944f6c96097959a53,76.6935,151.6601,0.0,49.6845,75.7585,146.638,1,0.0,48.8865,866
edge,m11,-0.5,0.0722,0,0,0.1165,181.3405,0.0074,0,2048,0.0724,0.0,9aefb88ea9a181be7d5b744c1c521ad9c0c69212f27a230944f6c96097959a53,76.9768,153.4379,0.0,49.6845,75.9309,148.7835,0,0.0,49.3214,842
edge,m11,-1.0,0.075,0,0,0.1871,190.4746,0.0077,0,2048,0.0744,0.0,9aefb88ea9a181be7d5b744c1c521ad9c0c69212f27a230944f6c96097959a53,78.1504,160.2088,0.0,49.6845,80.2659,149.9119,0,0.0,47.6279,817
edge,m11,-2.0,0.0794,0,0,0.0713,191.9642,0.0082,0,2048,0.075,0.0,9aefb88ea9a181be7d5b744c1c521ad9c0c69212f27a230944f6c96097959a53,70.6647,149.8789,0.0,49.6845,83.8827,114.4031,0,0.0,41.6744,767
glare,m11,0.3,0.1024,,,4.9189,148.7568,0.0041,0,2048,0.0549,12.9967,9aefb88ea9a181be7d5b744c1c521ad9c0c69212f27a230944f6c96097959a53,45.1137,87.3226,0.0,49.6845,61.2621,191.0472,1,0.0,110.1395,1536
glare,m11,0.5,0.0968,,,4.6004,148.2601,0.0041,0,2048,0.0453,12.9967,9aefb88ea9a181be7d5b744c1c521ad9c0c69212f27a230944f6c96097959a53,30.3733,57.2394,0.0,49.6845,56.3997,157.8196,1,0.0,105.6458,1536
glare,m11,0.7,0.0377,,,13.0454,147.8505,0.0041,1,2048,0.0377,12.9967,9aefb88ea9a181be7d5b744c1c521ad9c0c69212f27a230944f6c96097959a53,19.1296,34.6858,0.0,49.6845,19.1296,34.228,1,0.0,49.5006,1536
glare,m11,0.85,0.0346,,,13.3372,147.6005,0.005,1,2048,0.0342,12.9967,9aefb88ea9a181be7d5b744c1c521ad9c0c69212f27a230944f6c96097959a53,12.9963,22.4012,0.145,49.6845,13.3854,21.5196,1,0.1463,48.4261,1536
glare,m11,1.0,0.1022,0,0,4.8929,147.3933,0.0071,0,2048,0.0332,12.9967,9aefb88ea9a181be7d5b744c1c521ad9c0c69212f27a230944f6c96097959a53,8.5517,14.1228,0.372,49.6845,50.3569,143.6106,0,0.0,111.2146,1536
glare,m11,1.5,0.0784,0,0,14.4313,146.9401,0.0118,0,2048,0.0232,12.9967,9aefb88ea9a181be7d5b744c1c521ad9c0c69212f27a230944f6c96097959a53,2.5052,3.6475,0.6998,49.6845,147.9256,84.1614,0,0.0,30.318,1536
glare,m11,2.5,0.079,0,0,14.7,146.426,0.018,0,2048,0.0059,12.9967,9aefb88ea9a181be7d5b744c1c521ad9c0c69212f27a230944f6c96097959a53,0.2389,0.0698,0.9748,49.6845,151.9697,82.5938,0,0.0,29.7674,1536
glare,m11,4.0,0.0775,0,0,14.532,145.9361,0.0237,0,2048,0.0,12.9967,9aefb88ea9a181be7d5b744c1c521ad9c0c69212f27a230944f6c96097959a53,0.0,0.0,1.0,49.6845,142.1351,80.1209,0,0.0,30.1092,1536
motion,m11,0.05,0.1115,,,4.8421,133.9428,0.004,0,2048,0.0701,12.9967,9aefb88ea9a181be7d5b744c1c521ad9c0c69212f27a230944f6c96097959a53,52.0091,125.1518,0.0,49.6845,47.8636,240.886,1,0.0,113.1163,1536
motion,m11,0.1,0.1078,,,5.0556,77.9389,0.0033,0,2048,0.0643,12.9967,9aefb88ea9a181be7d5b744c1c521ad9c0c69212f27a230944f6c96097959a53,23.9166,63.9291,0.0,49.6845,22.058,156.6115,1,0.0,107.1628,1536
motion,m11,0.15,0.109,,,4.8333,57.8117,0.0028,0,2048,0.0602,12.9967,9aefb88ea9a181be7d5b744c1c521ad9c0c69212f27a230944f6c96097959a53,16.705,41.8141,0.0,49.6845,17.4465,124.7169,1,0.0,107.1628,1536
motion,m11,0.2,0.1113,,,4.6798,42.5203,0.0024,0,2048,0.0553,12.9967,9aefb88ea9a181be7d5b744c1c521ad9c0c69212f27a230944f6c96097959a53,11.7959,26.4369,0.0,49.6845,17.9424,147.5493,1,0.0,114.452,1536
motion,m11,0.3,0.0933,,,4.9167,30.9494,0.0018,0,2048,0.0509,12.9967,9aefb88ea9a181be7d5b744c1c521ad9c0c69212f27a230944f6c96097959a53,8.4044,17.2183,0.0,49.6845,10.9427,82.9839,1,0.0,107.1628,1536
motion,m11,0.4,0.0893,0,0,5.5731,25.1288,0.0014,0,2048,0.0484,12.9967,9aefb88ea9a181be7d5b744c1c521ad9c0c69212f27a230944f6c96097959a53,6.7454,13.4543,0.0,49.6845,8.325,66.0528,0,0.0,105.1486,1536
motion,m11,0.5,0.1478,0,0,0.316,21.4742,0.0012,0,2048,0.0464,12.9967,9aefb88ea9a181be7d5b744c1c521ad9c0c69212f27a230944f6c96097959a53,5.5769,10.511,0.0,49.6845,11.1516,614.844,0,0.0156,240.7332,1536
motion,m11,0.7,0.1519,0,0,0.2535,17.0675,0.0008,0,2048,0.045,12.9967,9aefb88ea9a181be7d5b744c1c521ad9c0c69212f27a230944f6c96097959a53,4.8079,8.8069,0.0,49.6845,6.9173,412.1726,0,0.0,231.4331,1536
motion,m11,1.0,0.1561,0,0,0.251,13.5168,0.0003,0,2048,0.0436,12.9967,9aefb88ea9a181be7d5b744c1c521ad9c0c69212f27a230944f6c96097959a53,3.8567,6.9307,0.0,49.6845,5.1071,297.5317,0,0.0,231.7845,1536
scale,m11,48,0.1061,,,4.7492,166.3996,0.0041,0,1979,0.0712,12.9945,9aefb88ea9a181be7d5b744c1c521ad9c0c69212f27a230944f6c96097959a53,77.8903,141.6602,0.0,48.0105,65.7407,183.55,1,0.0,98.95,1484
scale,m11,40,0.072,,,13.3899,167.3575,0.0041,1,1649,0.0712,12.9993,9aefb88ea9a181be7d5b744c1c521ad9c0c69212f27a230944f6c96097959a53,128.3078,145.8704,0.0,40.0047,133.2808,142.337,1,0.0,38.8471,1237
scale,m11,32,0.1148,,,4.6142,164.9274,0.004,0,1319,0.0712,12.9934,9aefb88ea9a181be7d5b744c1c521ad9c0c69212f27a230944f6c96097959a53,231.4121,231.4121,0.0,31.9989,161.7427,240.2688,1,0.0,71.4458,989
scale,m11,26,0.116,,,4.5405,158.5244,0.0039,0,1072,0.0709,12.9967,9aefb88ea9a181be7d5b744c1c521ad9c0c69212f27a230944f6c96097959a53,380.4628,115.2801,0.0,26.0067,222.1572,241.0166,1,0.0,58.0844,804
scale,m11,22,0.0709,,,12.9233,364.8995,0.0039,1,907,0.0707,12.9919,9aefb88ea9a181be7d5b744c1c521ad9c0c69212f27a230944f6c96097959a53,557.4506,95.9281,0.0,22.0038,562.2571,99.0081,1,0.0,21.9758,680
scale,m11,18,0.1265,,,3.8584,471.5327,0.0036,0,742,0.0701,12.985,9aefb88ea9a181be7d5b744c1c521ad9c0c69212f27a230944f6c96097959a53,836.9636,76.3515,0.0,18.0009,342.8838,281.6179,1,0.0,44.5586,556
scale,m11,15,0.1167,,,4.4375,578.7103,0.0034,0,618,0.0686,13.0107,9aefb88ea9a181be7d5b744c1c521ad9c0c69212f27a230944f6c96097959a53,1104.7754,54.938,0.0,14.9927,369.0568,369.0568,1,0.0,32.0,464
scale,m11,12,0.1172,,,4.0687,732.1526,0.0033,0,495,0.0672,12.988,9aefb88ea9a181be7d5b744c1c521ad9c0c69212f27a230944f6c96097959a53,1512.5216,36.6134,0.0,12.0087,477.5461,166.8595,1,0.0,27.9435,371
scale,m11,10,0.1086,,,4.9975,874.2508,0.0031,0,412,0.0643,12.9967,9aefb88ea9a181be7d5b744c1c521ad9c0c69212f27a230944f6c96097959a53,1697.0056,22.172,0.0,9.9951,629.3294,95.7899,1,0.0,20.7261,309
scale,m11,8,0.0958,0,1,5.4778,1049.0718,0.0028,0,330,0.0598,12.9704,9aefb88ea9a181be7d5b744c1c521ad9c0c69212f27a230944f6c96097959a53,1622.4698,7.3444,0.0,8.0058,961.1697,48.4245,0,0.0006,16.0,247
scale,m11,6,,0,0,,1243.3697,0.0022,,247,0.0546,12.9792,9aefb88ea9a181be7d5b744c1c521ad9c0c69212f27a230944f6c96097959a53,1206.0642,2.6936,0.0,5.9922,,,0,,,185
blur,m13,0.02,0.1989,,,7.0863,68.9417,0.0,1,1536,0.1952,7.2183,dbd64ada7fefaa0ea96e528134010b942099858a474e56a6954d3efb55581ce0,38.1512,254.4121,0.0,60.1651,37.3982,269.1414,1,0.0,61.2122,2048
blur,m13,0.04,0.1718,,,7.5175,12.4498,0.0,1,1536,0.1815,7.2183,dbd64ada7fefaa0ea96e528134010b942099858a474e56a6954d3efb55581ce0,7.4575,55.1949,0.0,60.1651,7.6837,50.2111,1,0.0,57.7341,2048
blur,m13,0.06,0.1815,,,6.714,3.5333,0.0,1,1536,0.1687,7.2183,dbd64ada7fefaa0ea96e528134010b942099858a474e56a6954d3efb55581ce0,3.3812,17.3853,0.0,60.1651,3.2438,20.973,1,0.0,64.3711,2048
blur,m13,0.08,0.0773,0,0,8.8571,1.4769,0.0,0,1536,0.1567,7.2183,dbd64ada7fefaa0ea96e528134010b942099858a474e56a6954d3efb55581ce0,2.3054,6.8609,0.0,60.1651,1.8114,4.8853,0,0.0,62.5116,2048
blur,m13,0.1,0.0714,0,0,9.3,0.8009,0.0,0,1536,0.1459,7.2183,dbd64ada7fefaa0ea96e528134010b942099858a474e56a6954d3efb55581ce0,1.8934,3.1303,0.0,60.1651,1.6315,1.493,0,0.0,59.5349,2048
blur,m13,0.13,,0,0,,0.4254,0.0,,1536,0.1326,7.2183,dbd64ada7fefaa0ea96e528134010b942099858a474e56a6954d3efb55581ce0,1.6659,1.223,0.0,60.1651,,,0,,,2048
blur,m13,0.16,,0,0,,0.2826,0.0,,1536,0.122,7.2183,dbd64ada7fefaa0ea96e528134010b942099858a474e56a6954d3efb55581ce0,1.6031,0.6158,0.0,60.1651,,,0,,,2048
blur,m13,0.2,,0,0,,0.2043,0.0,,1536,0.1105,7.2183,dbd64ada7fefaa0ea96e528134010b942099858a474e56a6954d3efb55581ce0,1.4066,0.3478,0.0,60.1651,,,0,,,2048
blur,m13,0.25,,0,0,,0.1678,0.0,,1536,0.0983,7.2183,dbd64ada7fefaa0ea96e528134010b942099858a474e56a6954d3efb55581ce0,1.1817,0.2723,0.0,60.1651,,,0,,,2048
blur,m13,0.3,,0,0,,0.1551,0.0,,1536,0.0872,7.2183,dbd64ada7fefaa0ea96e528134010b942099858a474e56a6954d3efb55581ce0,1.1702,0.2145,0.0,60.1651,,,0,,,2048
edge,m13,2.0,0.2261,,,1.8952,133.4949,0.0001,1,1536,0.2044,2.0016,dbd64ada7fefaa0ea96e528134010b942099858a474e56a6954d3efb55581ce0,228.1067,638.2558,0.0,60.1651,210.989,644.2374,1,0.0,64.2,1332
edge,m13,1.0,0.1936,,,1.1195,134.1707,0.0001,1,1536,0.2044,1.0043,dbd64ada7fefaa0ea96e528134010b942099858a474e56a6954d3efb55581ce0,228.1067,638.2558,0.0,60.1651,248.0723,613.9187,1,0.0,55.814,1272
edge,m13,0.5,0.1845,,,0.6242,134.2595,0.0001,1,1536,0.2044,0.5057,dbd64ada7fefaa0ea96e528134010b942099858a474e56a6954d3efb55581ce0,228.1067,638.2558,0.0,60.1651,254.5146,582.3012,1,0.0,53.5814,1242
edge,m13,0.25,0.1841,,,0.2858,132.9453,0.0001,1,1536,0.2044,0.2564,dbd64ada7fefaa0ea96e528134010b942099858a474e56a6954d3efb55581ce0,228.1067,638.2558,0.0,60.1651,257.0385,595.0393,1,0.0,54.3851,1227
edge,m13,0.1,0.1847,,,0.1249,132.5365,0.0001,1,1536,0.2048,0.1068,dbd64ada7fefaa0ea96e528134010b942099858a474e56a6954d3efb55581ce0,231.8341,646.8608,0.0,60.1651,255.6816,586.0734,1,0.0,53.5814,1218
edge,m13,0.0,0.1852,,,0.0417,132.3714,0.0001,1,1536,0.2052,0.007,dbd64ada7fefaa0ea96e528134010b942099858a474e56a6954d3efb55581ce0,234.4076,657.5761,0.0,60.1651,259.7433,592.9673,1,0.0,53.5814,1212
edge,m13,-0.5,0.1863,0,0,0.1621,132.454,0.0001,0,1536,0.2066,0.0,dbd64ada7fefaa0ea96e528134010b942099858a474e56a6954d3efb55581ce0,232.9391,640.4414,0.0,60.1651,257.5016,591.8198,0,0.0,54.4557,1181
edge,m13,-1.0,0.186,0,0,0.2082,130.1948,0.0001,0,1536,0.2062,0.0,dbd64ada7fefaa0ea96e528134010b942099858a474e56a6954d3efb55581ce0,231.3314,625.62,0.0,60.1651,256.1012,571.9697,0,0.0,53.5814,1151
edge,m13,-2.0,0.1281,0,0,3.7163,124.7315,0.0001,0,1536,0.2051,0.0,dbd64ada7fefaa0ea96e528134010b942099858a474e56a6954d3efb55581ce0,228.1094,620.8266,0.0,60.1651,146.6698,588.8894,0,0.0001,71.4419,1091
glare,m13,0.3,0.1657,,,7.185,171.4197,0.0001,1,1536,0.1644,7.2183,dbd64ada7fefaa0ea96e528134010b942099858a474e56a6954d3efb55581ce0,144.2092,398.1298,0.0,60.1651,141.9839,411.9011,1,0.0,60.4258,2048
glare,m13,0.5,0.1417,,,7.472,165.1293,0.0001,1,1536,0.1451,7.2183,dbd64ada7fefaa0ea96e528134010b942099858a474e56a6954d3efb55581ce0,99.4082,272.5558,0.0,60.1651,102.8493,270.7781,1,0.0,58.064,2048
glare,m13,0.7,0.1334,,,7.3761,159.6881,0.0001,1,1536,0.1346,7.2183,dbd64ada7fefaa0ea96e528134010b942099858a474e56a6954d3efb55581ce0,64.5087,174.827,0.0,60.1651,65.9454,171.0921,1,0.0,58.7708,2048
glare,m13,0.85,0.1337,,,7.0303,156.1598,0.0001,1,1536,0.1339,7.2183,dbd64ada7fefaa0ea96e528134010b942099858a474e56a6954d3efb55581ce0,44.7381,119.551,0.0,60.1651,44.9706,131.8796,1,0.0,61.6674,2048
glare,m13,1.0,0.1175,0,0,10.3889,153.0955,0.0015,0,1536,0.1397,7.2183,dbd64ada7fefaa0ea96e528134010b942099858a474e56a6954d3efb55581ce0,30.6152,79.8055,0.1341,60.1651,154.812,378.2975,0,0.0,53.5814,2048
glare,m13,1.5,0.1143,0,0,10.3889,145.7631,0.0118,0,1536,0.107,7.2183,dbd64ada7fefaa0ea96e528134010b942099858a474e56a6954d3efb55581ce0,9.3601,21.856,0.592,60.1651,110.5795,269.7984,0,0.0839,53.5814,2048
glare,m13,2.5,,0,0,,137.4997,0.0241,,1536,0.0336,7.2183,dbd64ada7fefaa0ea96e528134010b942099858a474e56a6954d3efb55581ce0,0.8133,1.1781,0.8764,60.1651,,,0,,,2048
glare,m13,4.0,,0,0,,130.2512,0.0354,,1536,0.0,7.2183,dbd64ada7fefaa0ea96e528134010b942099858a474e56a6954d3efb55581ce0,0.0,0.0,1.0,60.1651,,,0,,,2048
motion,m13,0.05,0.2043,,,7.107,139.8755,0.0001,1,1536,0.2024,7.2183,dbd64ada7fefaa0ea96e528134010b942099858a474e56a6954d3efb55581ce0,135.4619,519.9254,0.0,60.1651,133.9913,536.565,1,0.0,61.045,2048
motion,m13,0.1,0.2052,,,7.0037,82.6864,0.0,1,1536,0.1988,7.2183,dbd64ada7fefaa0ea96e528134010b942099858a474e56a6954d3efb55581ce0,96.9279,367.0843,0.0,60.1651,93.2102,408.8714,1,0.0,61.886,2048
motion,m13,0.15,0.2019,,,6.974,58.9711,0.0,1,1536,0.1959,7.2183,dbd64ada7fefaa0ea96e528134010b942099858a474e56a6954d3efb55581ce0,84.2167,306.2196,0.0,60.1651,80.8831,345.2256,1,0.0,62.1321,2048
motion,m13,0.2,0.1849,,,7.5092,48.2015,0.0,1,1536,0.1938,7.2183,dbd64ada7fefaa0ea96e528134010b942099858a474e56a6954d3efb55581ce0,78.4817,282.4101,0.0,60.1651,81.3588,273.5642,1,0.0,57.7942,2048
motion,m13,0.3,0.1425,0,0,8.6471,37.538,0.0,0,1536,0.1909,7.2183,dbd64ada7fefaa0ea96e528134010b942099858a474e56a6954d3efb55581ce0,72.5943,258.8913,0.0,60.1651,76.2487,172.7641,0,0.0,50.6046,2048
motion,m13,0.4,0.0919,0,0,10.3889,32.0031,0.0,0,1536,0.1892,7.2183,dbd64ada7fefaa0ea96e528134010b942099858a474e56a6954d3efb55581ce0,69.3176,247.5367,0.0,60.1651,22.6371,67.2913,0,0.0,53.5814,2048
motion,m13,0.5,0.0885,0,0,10.3889,28.3949,0.0,0,1536,0.1879,7.2183,dbd64ada7fefaa0ea96e528134010b942099858a474e56a6954d3efb55581ce0,67.0422,239.5856,0.0,60.1651,20.0276,58.4802,0,0.0,53.5814,2048
motion,m13,0.7,,0,0,,23.8754,0.0,,1536,0.1866,7.2183,dbd64ada7fefaa0ea96e528134010b942099858a474e56a6954d3efb55581ce0,64.2119,230.9039,0.0,60.1651,,,0,,,2048
motion,m13,1.0,,0,0,,20.0134,0.0,,1536,0.1855,7.2183,dbd64ada7fefaa0ea96e528134010b942099858a474e56a6954d3efb55581ce0,60.917,222.2827,0.0,60.1651,,,0,,,2048
scale,m13,48,0.2071,,,7.0485,203.1833,0.0001,1,1225,0.2048,7.2183,dbd64ada7fefaa0ea96e528134010b942099858a474e56a6954d3efb55581ce0,402.3216,643.0475,0.0,47.9833,399.3052,679.2695,1,0.0,49.0629,1634
scale,m13,40,0.1957,,,7.5436,202.0013,0.0001,1,1021,0.2051,7.2183,dbd64ada7fefaa0ea96e528134010b942099858a474e56a6954d3efb55581ce0,625.9128,625.2877,0.0,39.9926,658.6098,627.911,1,0.0,38.3781,1362
scale,m13,32,0.2112,,,6.9378,197.1737,0.0001,1,817,0.2047,7.2183,dbd64ada7fefaa0ea96e528134010b942099858a474e56a6954d3efb55581ce0,1039.9879,1039.9879,0.0,32.0019,991.8935,609.1541,1,0.0,33.3026,1089
scale,m13,26,0.2085,,,6.9091,467.973,0.0001,1,664,0.204,7.2183,dbd64ada7fefaa0ea96e528134010b942099858a474e56a6954d3efb55581ce0,1622.3526,501.8373,0.0,26.0089,1596.3106,608.6929,1,0.0,27.1286,885
scale,m13,22,0.2188,,,6.4987,589.9368,0.0,1,562,0.2031,7.2183,dbd64ada7fefaa0ea96e528134010b942099858a474e56a6954d3efb55581ce0,2243.7745,431.3757,0.0,22.0135,2003.3423,507.6029,1,0.0,24.2903,749
scale,m13,18,0.1054,,,6.3846,719.8133,0.0,0,460,0.2028,7.2183,dbd64ada7fefaa0ea96e528134010b942099858a474e56a6954d3efb55581ce0,3006.6846,290.8339,0.0,18.0182,2768.1186,702.9002,1,0.0,26.0,613
scale,m13,15,0.2101,,,5.8889,810.1013,0.0,1,383,0.197,7.2183,dbd64ada7fefaa0ea96e528134010b942099858a474e56a6954d3efb55581ce0,3769.1143,214.1086,0.0,15.0021,3441.667,341.6585,1,0.0,17.9531,511
scale,m13,12,0.2068,,,6.3436,890.8512,0.0,1,306,0.1993,7.2183,dbd64ada7fefaa0ea96e528134010b942099858a474e56a6954d3efb55581ce0,4673.1836,119.1182,0.0,11.986,4215.2949,170.1732,1,0.0,13.4433,408
scale,m13,10,0.2186,,,7.2,924.9835,0.0001,1,255,0.1975,7.2183,dbd64ada7fefaa0ea96e528134010b942099858a474e56a6954d3efb55581ce0,5310.3631,75.7645,0.0,9.9884,4938.4823,76.8765,1,0.0,9.9609,340
scale,m13,8,,0,0,,982.4608,0.0001,,204,0.1943,7.2183,dbd64ada7fefaa0ea96e528134010b942099858a474e56a6954d3efb55581ce0,5408.2841,35.1783,0.0,7.9907,,,0,,,272
scale,m13,6,,0,0,,1128.5736,0.0,,153,0.187,7.2183,dbd64ada7fefaa0ea96e528134010b942099858a474e56a6954d3efb55581ce0,4051.9085,21.348,0.0,5.993,,,0,,,204
blur,m14,0.02,0.1761,0,0,3.1579,6.199,0.003,0,1536,0.175,3.1199,625b27db46755dda5d84a6c4f6a9542cd80c50f7bdcb782e9fa855ee5f6a8059,4.652,743.0797,0.0,160.5274,4.7106,728.1556,0,0.0,158.3628,2048
blur,m14,0.04,,0,0,,0.7872,0.0022,,1536,0.1444,3.1199,625b27db46755dda5d84a6c4f6a9542cd80c50f7bdcb782e9fa855ee5f6a8059,1.984,113.7084,0.0,160.5274,,,0,,,2048
blur,m14,0.06,,0,0,,0.3072,0.0011,,1536,0.1201,3.1199,625b27db46755dda5d84a6c4f6a9542cd80c50f7bdcb782e9fa855ee5f6a8059,1.7577,30.6505,0.0,160.5274,,,0,,,2048
blur,m14,0.08,,0,0,,0.1982,0.0001,,1536,0.0993,3.1199,625b27db46755dda5d84a6c4f6a9542cd80c50f7bdcb782e9fa855ee5f6a8059,1.708,11.837,0.0,160.5274,,,0,,,2048
blur,m14,0.1,,0,0,,0.1625,0.0,,1536,0.0818,3.1199,625b27db46755dda5d84a6c4f6a9542cd80c50f7bdcb782e9fa855ee5f6a8059,1.6397,5.1825,0.0,160.5274,,,0,,,2048
blur,m14,0.13,,0,0,,0.1459,0.0,,1536,0.0626,3.1199,625b27db46755dda5d84a6c4f6a9542cd80c50f7bdcb782e9fa855ee5f6a8059,1.5587,1.5218,0.0,160.5274,,,0,,,2048
blur,m14,0.16,,0,0,,0.1414,0.0,,1536,0.051,3.1199,625b27db46755dda5d84a6c4f6a9542cd80c50f7bdcb782e9fa855ee5f6a8059,1.5747,0.4455,0.0,160.5274,,,0,,,2048
blur,m14,0.2,,0,0,,0.1419,0.0,,1536,0.0428,3.1199,625b27db46755dda5d84a6c4f6a9542cd80c50f7bdcb782e9fa855ee5f6a8059,1.1327,0.1455,0.0,160.5274,,,0,,,2048
blur,m14,0.25,,0,0,,0.1474,0.0,,1536,0.0374,3.1199,625b27db46755dda5d84a6c4f6a9542cd80c50f7bdcb782e9fa855ee5f6a8059,0.8466,0.0861,0.0,160.5274,,,0,,,2048
blur,m14,0.3,,0,0,,0.1517,0.0,,1536,0.0335,3.1199,625b27db46755dda5d84a6c4f6a9542cd80c50f7bdcb782e9fa855ee5f6a8059,0.6893,0.0911,0.0,160.5274,,,0,,,2048
edge,m14,2.0,0.2205,,,2.0767,217.4028,0.0059,1,1536,0.2187,2.0005,625b27db46755dda5d84a6c4f6a9542cd80c50f7bdcb782e9fa855ee5f6a8059,637.732,3723.0144,0.0271,160.5274,642.0623,3658.9997,1,0.0277,156.3843,1596
edge,m14,1.0,0.2145,1,1,1.0333,200.1892,0.0063,0,1536,0.2187,0.9976,625b27db46755dda5d84a6c4f6a9542cd80c50f7bdcb782e9fa855ee5f6a8059,637.732,3723.0144,0.0271,160.5274,652.1438,3612.3233,0,0.0242,170.24,1435
edge,m14,0.5,0.219,,,0.5041,202.9055,0.0065,1,1536,0.2187,0.4992,625b27db46755dda5d84a6c4f6a9542cd80c50f7bdcb782e9fa855ee5f6a8059,637.732,3723.0144,0.0271,160.5274,653.6244,3636.4472,1,0.0274,162.65,1355
edge,m14,0.25,0.1726,,,-0.0212,204.7702,0.0067,0,1536,0.2187,0.2501,625b27db46755dda5d84a6c4f6a9542cd80c50f7bdcb782e9fa855ee5f6a8059,637.732,3723.0144,0.0271,160.5274,403.4519,2208.7884,1,0.0116,244.9361,1315
edge,m14,0.1,0.2236,,,0.1062,202.5682,0.0068,1,1536,0.2229,0.1005,625b27db46755dda5d84a6c4f6a9542cd80c50f7bdcb782e9fa855ee5f6a8059,674.5369,3969.7402,0.0281,160.5274,676.7897,3768.0594,1,0.0287,159.4046,1291
edge,m14,0.0,0.2214,,,0.0816,195.3782,0.0069,1,1536,0.2252,0.0009,625b27db46755dda5d84a6c4f6a9542cd80c50f7bdcb782e9fa855ee5f6a8059,695.1767,4045.8276,0.0296,160.5274,683.7963,3825.1026,1,0.0274,164.2338,1275
edge,m14,-0.5,0.2442,0,0,-0.0866,177.052,0.007,0,1536,0.2377,0.0,625b27db46755dda5d84a6c4f6a9542cd80c50f7bdcb782e9fa855ee5f6a8059,828.5976,4614.0866,0.0314,160.5274,718.4293,4033.7491,0,0.0354,133.12,1195
edge,m14,-1.0,0.2188,0,0,2.8464,147.3396,0.007,0,1536,0.2486,0.0,625b27db46755dda5d84a6c4f6a9542cd80c50f7bdcb782e9fa855ee5f6a8059,922.3301,4472.0968,0.0303,160.5274,1731.8709,1939.2155,0,0.0017,41.0424,1114
glare,m14,0.3,0.2734,,,3.7762,214.1114,0.0046,0,1536,0.1851,3.1199,625b27db46755dda5d84a6c4f6a9542cd80c50f7bdcb782e9fa855ee5f6a8059,467.6542,2562.8119,0.0281,160.5274,994.7418,2486.7059,1,0.0007,92.9437,2048
glare,m14,0.5,0.2734,,,3.7762,206.1708,0.0046,0,1536,0.1666,3.1199,625b27db46755dda5d84a6c4f6a9542cd80c50f7bdcb782e9fa855ee5f6a8059,373.4526,1934.6449,0.029,160.5274,994.7418,2486.7059,1,0.0007,92.9437,2048
glare,m14,0.7,0.2734,,,3.7762,199.298,0.0047,0,1536,0.1526,3.1199,625b27db46755dda5d84a6c4f6a9542cd80c50f7bdcb782e9fa855ee5f6a8059,294.9637,1422.9685,0.0301,160.5274,994.7418,2486.7059,1,0.0007,92.9437,2048
glare,m14,0.85,0.2734,,,3.7762,194.9093,0.0047,0,1536,0.1459,3.1199,625b27db46755dda5d84a6c4f6a9542cd80c50f7bdcb782e9fa855ee5f6a8059,246.4299,1115.3444,0.0327,160.5274,994.7418,2486.7059,1,0.0007,92.9437,2048
glare,m14,1.0,0.2734,0,0,3.7762,191.1242,0.0059,0,1536,0.1428,3.1199,625b27db46755dda5d84a6c4f6a9542cd80c50f7bdcb782e9fa855ee5f6a8059,206.4401,872.3337,0.0784,160.5274,994.7418,2486.7059,0,0.0007,92.9437,2048
glare,m14,1.5,0.2734,0,0,3.7762,182.0258,0.012,0,1536,0.1271,3.1199,625b27db46755dda5d84a6c4f6a9542cd80c50f7bdcb782e9fa855ee5f6a8059,122.7802,412.2789,0.3179,160.5274,994.7418,2486.7059,0,0.0007,92.9437,2048
glare,m14,2.5,0.2734,0,0,3.7762,171.0039,0.0197,0,1536,0.0871,3.1199,625b27db46755dda5d84a6c4f6a9542cd80c50f7bdcb782e9fa855ee5f6a8059,52.8232,127.085,0.6124,160.5274,994.7418,2486.7059,0,0.0007,92.9437,2048
glare,m14,4.0,0.2734,0,0,3.7762,161.0694,0.027,0,1536,0.0466,3.1199,625b27db46755dda5d84a6c4f6a9542cd80c50f7bdcb782e9fa855ee5f6a8059,17.2839,28.8202,0.8064,160.5274,994.7418,2486.7059,0,0.0007,92.9437,2048
motion,m14,0.05,0.2014,,,3.1829,69.0562,0.004,1,1536,0.2007,3.1199,625b27db46755dda5d84a6c4f6a9542cd80c50f7bdcb782e9fa855ee5f6a8059,87.9692,2541.294,0.0189,160.5274,87.6786,2472.3894,1,0.0191,157.5522,2048
motion,m14,0.1,0.2135,0,0,5.3668,26.5773,0.0035,0,1536,0.1852,3.1199,625b27db46755dda5d84a6c4f6a9542cd80c50f7bdcb782e9fa855ee5f6a8059,29.2524,1373.4196,0.0086,160.5274,33.3071,502.857,0,0.0123,94.5337,2048
motion,m14,0.15,0.1566,0,0,2.2508,15.1168,0.0032,0,1536,0.1731,3.1199,625b27db46755dda5d84a6c4f6a9542cd80c50f7bdcb782e9fa855ee5f6a8059,17.4709,769.9403,0.0002,160.5274,15.9319,812.8432,0,0.001,197.0605,2048
motion,m14,0.2,,0,0,,10.2011,0.003,,1536,0.1627,3.1199,625b27db46755dda5d84a6c4f6a9542cd80c50f7bdcb782e9fa855ee5f6a8059,12.412,483.4079,0.0,160.5274,,,0,,,2048
motion,m14,0.3,,0,0,,5.8825,0.0028,,1536,0.1442,3.1199,625b27db46755dda5d84a6c4f6a9542cd80c50f7bdcb782e9fa855ee5f6a8059,8.044,250.8255,0.0,160.5274,,,0,,,2048
motion,m14,0.4,,0,0,,4.1086,0.0025,,1536,0.1279,3.1199,625b27db46755dda5d84a6c4f6a9542cd80c50f7bdcb782e9fa855ee5f6a8059,6.0989,150.3178,0.0,160.5274,,,0,,,2048
motion,m14,0.5,,0,0,,3.1339,0.0022,,1536,0.1135,3.1199,625b27db46755dda5d84a6c4f6a9542cd80c50f7bdcb782e9fa855ee5f6a8059,5.1823,109.1728,0.0,160.5274,,,0,,,2048
motion,m14,0.7,,0,0,,2.193,0.0014,,1536,0.088,3.1199,625b27db46755dda5d84a6c4f6a9542cd80c50f7bdcb782e9fa855ee5f6a8059,3.9783,67.5033,0.0,160.5274,,,0,,,2048
motion,m14,1.0,,0,0,,1.5501,0.0005,,1536,0.0612,3.1199,625b27db46755dda5d84a6c4f6a9542cd80c50f7bdcb782e9fa855ee5f6a8059,3.1069,41.9073,0.0,160.5274,,,0,,,2048
scale,m14,48,0.2113,0,1,3.0681,800.6989,0.0044,0,459,0.212,3.1199,625b27db46755dda5d84a6c4f6a9542cd80c50f7bdcb782e9fa855ee5f6a8059,5863.3258,3545.7224,0.0218,47.9701,5994.9733,3530.8801,0,0.0206,47.9318,612
scale,m14,40,0.1679,0,1,1.5706,900.7178,0.0043,0,383,0.2091,3.1199,625b27db46755dda5d84a6c4f6a9542cd80c50f7bdcb782e9fa855ee5f6a8059,6727.9737,3424.3844,0.0195,40.0273,4505.8894,2495.1065,0,0.0093,65.0302,510
scale,m14,32,0.173,0,1,1.4082,1007.8918,0.0041,0,306,0.2038,3.1199,625b27db46755dda5d84a6c4f6a9542cd80c50f7bdcb782e9fa855ee5f6a8059,7381.829,7381.829,0.0159,31.9801,4126.7087,2201.8228,0,0.0068,55.7507,408
scale,m14,26,,0,0,,1125.4708,0.0042,,249,0.1995,3.1199,625b27db46755dda5d84a6c4f6a9542cd80c50f7bdcb782e9fa855ee5f6a8059,7939.2209,1995.6024,0.018,26.023,,,0,,,332
scale,m14,22,,0,0,,1225.5378,0.0042,,211,0.1953,3.1199,625b27db46755dda5d84a6c4f6a9542cd80c50f7bdcb782e9fa855ee5f6a8059,8347.2639,1287.0902,0.0168,22.0516,,,0,,,281
scale,m14,18,,0,0,,1367.0933,0.0037,,172,0.1899,3.1199,625b27db46755dda5d84a6c4f6a9542cd80c50f7bdcb782e9fa855ee5f6a8059,8951.8418,751.3298,0.0088,17.9757,,,0,,,230
scale,m14,15,,0,0,,1526.645,0.0034,,144,0.1825,3.1199,625b27db46755dda5d84a6c4f6a9542cd80c50f7bdcb782e9fa855ee5f6a8059,9372.864,455.1192,0.0,15.0494,,,0,,,191
scale,m14,12,,0,0,,1771.2769,0.0035,,115,0.1742,3.1199,625b27db46755dda5d84a6c4f6a9542cd80c50f7bdcb782e9fa855ee5f6a8059,10504.2575,230.0478,0.0,12.0187,,,0,,,153
scale,m14,10,,0,0,,1988.4993,0.0032,,96,0.1711,3.1199,625b27db46755dda5d84a6c4f6a9542cd80c50f7bdcb782e9fa855ee5f6a8059,11548.1353,141.0644,0.0,10.033,,,0,,,128
scale,m14,8,,0,0,,2376.0029,0.0029,,77,0.1614,3.1199,625b27db46755dda5d84a6c4f6a9542cd80c50f7bdcb782e9fa855ee5f6a8059,13253.1065,61.8165,0.0,8.0473,,,0,,,102
scale,m14,6,,0,0,,2953.0679,0.0036,,57,0.1484,3.1199,625b27db46755dda5d84a6c4f6a9542cd80c50f7bdcb782e9fa855ee5f6a8059,18807.6049,40.5149,0.0,5.9571,,,0,,,77
blur,m15,0.02,0.1464,,,16.0,167.3398,0.0,1,1536,0.147,16.0024,6a1899cb2dafd0673a2701203d811a4b7d2ea7b43d54bd62d2fe957cf52c0a1a,304.9804,438.108,0.0,38.6918,301.356,440.1253,1,0.0,38.6977,2048
blur,m15,0.04,0.119,,,16.0,55.8234,0.0,1,1536,0.1195,16.0024,6a1899cb2dafd0673a2701203d811a4b7d2ea7b43d54bd62d2fe957cf52c0a1a,57.9392,101.7537,0.0,38.6918,57.255,102.366,1,0.0,38.6977,2048
blur,m15,0.06,0.1016,,,6.5278,18.281,0.0,0,1536,0.0968,16.0024,6a1899cb2dafd0673a2701203d811a4b7d2ea7b43d54bd62d2fe957cf52c0a1a,15.1918,26.6727,0.0,38.6918,3.5557,112.5484,1,0.0,107.1628,2048
blur,m15,0.08,0.0773,,,14.4675,7.1738,0.0,1,1536,0.0798,16.0024,6a1899cb2dafd0673a2701203d811a4b7d2ea7b43d54bd62d2fe957cf52c0a1a,5.7665,8.82,0.0,38.6918,5.4395,11.792,1,0.0,42.7592,2048
blur,m15,0.1,0.0671,,,16.0,3.3664,0.0,1,1536,0.067,16.0024,6a1899cb2dafd0673a2701203d811a4b7d2ea7b43d54bd62d2fe957cf52c0a1a,3.195,3.4937,0.0,38.6918,3.1634,3.4576,1,0.0,38.6977,2048
blur,m15,0.13,0.1288,0,0,0.1959,1.4085,0.0,0,1536,0.0531,16.0024,6a1899cb2dafd0673a2701203d811a4b7d2ea7b43d54bd62d2fe957cf52c0a1a,2.0519,1.2186,0.0,38.6918,1.5787,267.4015,0,0.0,242.0435,2048
blur,m15,0.16,0.0828,0,0,6.5,0.7435,0.0,0,1536,0.043,16.0024,6a1899cb2dafd0673a2701203d811a4b7d2ea7b43d54bd62d2fe957cf52c0a1a,1.7908,0.664,0.0,38.6918,1.5697,10.2224,0,0.0,107.1628,2048
blur,m15,0.2,0.0768,0,0,6.3514,0.4227,0.0,0,1536,0.0336,16.0024,6a1899cb2dafd0673a2701203d811a4b7d2ea7b43d54bd62d2fe957cf52c0a1a,1.7129,0.4759,0.0,38.6918,1.5195,5.9876,0,0.0,110.1395,2048
blur,m15,0.25,,0,0,,0.2729,0.0,,1536,0.0276,16.0024,6a1899cb2dafd0673a2701203d811a4b7d2ea7b43d54bd62d2fe957cf52c0a1a,1.5167,0.3961,0.0,38.6918,,,0,,,2048
blur,m15,0.3,,0,0,,0.2109,0.0,,1536,0.0282,16.0024,6a1899cb2dafd0673a2701203d811a4b7d2ea7b43d54bd62d2fe957cf52c0a1a,1.4023,0.3476,0.0,38.6918,,,0,,,2048
edge,m15,2.0,0.1712,,,2.1881,201.0072,0.0001,1,1536,0.1631,1.9893,6a1899cb2dafd0673a2701203d811a4b7d2ea7b43d54bd62d2fe957cf52c0a1a,836.206,902.8001,0.0,38.6918,944.6551,829.901,1,0.0,35.7209,1226
edge,m15,1.0,0.1712,,,1.1253,193.2337,0.0001,1,1536,0.1631,1.0072,6a1899cb2dafd0673a2701203d811a4b7d2ea7b43d54bd62d2fe957cf52c0a1a,836.206,902.8001,0.0,38.6918,944.6551,829.901,1,0.0,35.7209,1188
edge,m15,0.5,0.1712,,,0.5627,194.6984,0.0,1,1536,0.1631,0.4903,6a1899cb2dafd0673a2701203d811a4b7d2ea7b43d54bd62d2fe957cf52c0a1a,836.206,902.8001,0.0,38.6918,944.6551,829.901,1,0.0,35.7209,1168
edge,m15,0.25,0.1652,,,0.2936,193.9471,0.0,1,1536,0.1631,0.2577,6a1899cb2dafd0673a2701203d811a4b7d2ea7b43d54bd62d2fe957cf52c0a1a,836.206,902.8001,0.0,38.6918,862.8091,888.0354,1,0.0,37.9535,1159
edge,m15,0.1,0.1663,,,0.1175,193.8189,0.0,1,1536,0.1647,0.1026,6a1899cb2dafd0673a2701203d811a4b7d2ea7b43d54bd62d2fe957cf52c0a1a,856.9534,927.6512,0.0,38.6918,876.9029,912.2216,1,0.0,37.9535,1153
edge,m15,0.0,0.1674,,,0.0588,191.0371,0.0,1,1536,0.1658,0.0,6a1899cb2dafd0673a2701203d811a4b7d2ea7b43d54bd62d2fe957cf52c0a1a,870.8968,930.309,0.0,38.6918,890.986,921.2497,1,0.0,37.9535,1149
edge,m15,-0.5,0.1735,0,0,0.0625,190.1604,0.0,0,1536,0.1658,0.0,6a1899cb2dafd0673a2701203d811a4b7d2ea7b43d54bd62d2fe957cf52c0a1a,853.4636,923.6525,0.0,38.6918,956.9582,841.3329,0,0.0,35.7209,1130
edge,m15,-1.0,0.1719,0,0,0.0639,185.2004,0.0,0,1536,0.1614,0.0,6a1899cb2dafd0673a2701203d811a4b7d2ea7b43d54bd62d2fe957cf52c0a1a,817.4576,890.9742,0.0,38.6918,959.2522,732.3641,0,0.0,34.0973,1110
edge,m15,-2.0,0.1358,0,0,11.0872,176.7876,0.0,0,1536,0.162,0.0,6a1899cb2dafd0673a2701203d811a4b7d2ea7b43d54bd62d2fe957cf52c0a1a,770.7341,840.8412,0.0,38.6918,1084.0494,382.5012,0,0.0,26.7907,1072
glare,m15,0.3,0.1271,,,16.0,242.8437,0.0001,1,1536,0.1271,16.0024,6a1899cb2dafd0673a2701203d811a4b7d2ea7b43d54bd62d2fe957cf52c0a1a,508.8276,549.6163,0.0,38.6918,508.8276,549.6163,1,0.0,38.6977,2048
glare,m15,0.5,0.1091,,,17.4167,235.2639,0.0001,1,1536,0.1048,16.0024,6a1899cb2dafd0673a2701203d811a4b7d2ea7b43d54bd62d2fe957cf52c0a1a,338.1249,366.1206,0.0001,38.6918,373.0853,332.2391,1,0.0001,35.7209,2048
glare,m15,0.7,0.0885,,,17.4167,228.9586,0.0001,1,1536,0.085,16.0024,6a1899cb2dafd0673a2701203d811a4b7d2ea7b43d54bd62d2fe957cf52c0a1a,208.4878,225.8037,0.0003,38.6918,229.9253,204.6895,1,0.0003,35.7209,2048
glare,m15,0.85,0.0761,,,17.4167,225.081,0.0003,1,1536,0.0731,16.0024,6a1899cb2dafd0673a2701203d811a4b7d2ea7b43d54bd62d2fe957cf52c0a1a,136.2327,147.9276,0.0442,38.6918,150.187,133.8819,1,0.0487,35.7209,2048
glare,m15,1.0,0.0712,,,19.0909,221.9209,0.0018,1,1536,0.0653,16.0024,6a1899cb2dafd0673a2701203d811a4b7d2ea7b43d54bd62d2fe957cf52c0a1a,86.5523,94.2247,0.326,38.6918,107.2193,74.0146,1,0.3359,32.7442,2048
glare,m15,1.5,0.1591,0,0,11.8786,215.52,0.0066,0,1536,0.0394,16.0024,6a1899cb2dafd0673a2701203d811a4b7d2ea7b43d54bd62d2fe957cf52c0a1a,20.1116,21.6022,0.669,38.6918,915.2072,957.0254,0,0.0,39.093,2048
glare,m15,2.5,0.1591,0,0,11.8786,210.6424,0.0133,0,1536,0.007,16.0024,6a1899cb2dafd0673a2701203d811a4b7d2ea7b43d54bd62d2fe957cf52c0a1a,0.2575,0.0815,0.9481,38.6918,915.2072,957.0254,0,0.0,39.093,2048
glare,m15,4.0,0.1591,0,0,11.8786,207.7343,0.0195,0,1536,0.0,16.0024,6a1899cb2dafd0673a2701203d811a4b7d2ea7b43d54bd62d2fe957cf52c0a1a,0.0,0.0,1.0,38.6918,915.2072,957.0254,0,0.0,39.093,2048
motion,m15,0.05,0.1573,,,16.0,228.4587,0.0,1,1536,0.1581,16.0024,6a1899cb2dafd0673a2701203d811a4b7d2ea7b43d54bd62d2fe957cf52c0a1a,607.4548,749.1497,0.0,38.6918,600.1924,747.8561,1,0.0,38.6977,2048
motion,m15,0.1,0.1429,,,16.0,153.7718,0.0,1,1536,0.1435,16.0024,6a1899cb2dafd0673a2701203d811a4b7d2ea7b43d54bd62d2fe957cf52c0a1a,350.1502,446.3512,0.0,38.6918,345.9715,443.2841,1,0.0,38.6977,2048
motion,m15,0.15,0.1053,,,6.5,106.5509,0.0,0,1536,0.1281,16.0024,6a1899cb2dafd0673a2701203d811a4b7d2ea7b43d54bd62d2fe957cf52c0a1a,224.9813,276.8845,0.0,38.6918,27.4162,258.2456,1,0.0,107.1628,2048
motion,m15,0.2,0.1149,,,16.0,84.2625,0.0,1,1536,0.1153,16.0024,6a1899cb2dafd0673a2701203d811a4b7d2ea7b43d54bd62d2fe957cf52c0a1a,173.216,206.5777,0.0,38.6918,171.1583,204.1559,1,0.0,38.6977,2048
motion,m15,0.3,0.0973,,,16.0,65.935,0.0,1,1536,0.0975,16.0024,6a1899cb2dafd0673a2701203d811a4b7d2ea7b43d54bd62d2fe957cf52c0a1a,123.111,144.186,0.0,38.6918,121.6596,142.3469,1,0.0,38.6977,2048
motion,m15,0.4,0.0908,,,17.4167,58.9238,0.0,1,1536,0.0894,16.0024,6a1899cb2dafd0673a2701203d811a4b7d2ea7b43d54bd62d2fe957cf52c0a1a,102.9223,119.2285,0.0,38.6918,110.6829,106.2447,1,0.0,35.7209,2048
motion,m15,0.5,0.0692,0,0,12.6667,52.442,0.0,0,1536,0.0833,16.0024,6a1899cb2dafd0673a2701203d811a4b7d2ea7b43d54bd62d2fe957cf52c0a1a,85.1102,97.1621,0.0,38.6918,40.9269,50.2609,0,0.0,39.0,2048
motion,m15,0.7,0.0767,0,0,17.0909,44.9858,0.0,0,1536,0.0777,16.0024,6a1899cb2dafd0673a2701203d811a4b7d2ea7b43d54bd62d2fe957cf52c0a1a,66.4417,74.9043,0.0,38.6918,56.9909,43.8683,0,0.0,32.7442,2048
motion,m15,1.0,0.0681,0,0,9.6502,38.4006,0.0,0,1536,0.0743,16.0024,6a1899cb2dafd0673a2701203d811a4b7d2ea7b43d54bd62d2fe957cf52c0a1a,57.0386,63.6282,0.0,38.6918,25.4521,57.3386,0,0.0,50.9586,2048
scale,m15,32,0.1647,,,16.0,286.0515,0.0001,1,1270,0.1647,16.0024,6a1899cb2dafd0673a2701203d811a4b7d2ea7b43d54bd62d2fe957cf52c0a1a,1422.7762,1422.7762,0.0,31.9913,1422.7762,1422.7762,1,0.0,31.9961,1694
scale,m15,26,0.1642,,,16.0,284.4052,0.0001,1,1032,0.1659,16.0024,6a1899cb2dafd0673a2701203d811a4b7d2ea7b43d54bd62d2fe957cf52c0a1a,2589.4794,809.3332,0.0,25.9961,2520.3254,784.2835,1,0.0,26.0,1376
scale,m15,22,0.1707,,,17.7,277.9332,0.0001,1,873,0.1632,16.0024,6a1899cb2dafd0673a2701203d811a4b7d2ea7b43d54bd62d2fe957cf52c0a1a,3809.2958,666.0847,0.0,21.9909,4276.3116,561.5587,1,0.0,19.9771,1164
scale,m15,18,0.16,,,16.1111,581.1017,0.0001,1,715,0.1625,16.0024,6a1899cb2dafd0673a2701203d811a4b7d2ea7b43d54bd62d2fe957cf52c0a1a,5970.8558,557.5259,0.0,18.0109,5772.6949,525.6895,1,0.0,17.9749,953
scale,m15,15,0.1634,,,17.1429,731.377,0.0001,1,595,0.1577,16.0024,6a1899cb2dafd0673a2701203d811a4b7d2ea7b43d54bd62d2fe957cf52c0a1a,7717.3752,361.7123,0.0,14.9881,8528.5015,347.5813,1,0.0,13.9765,794
scale,m15,12,0.1504,,,16.0,906.7439,0.0001,1,476,0.1519,16.0024,6a1899cb2dafd0673a2701203d811a4b7d2ea7b43d54bd62d2fe957cf52c0a1a,9818.7444,232.1582,0.0,11.9904,9563.8787,224.2511,1,0.0,12.0,635
scale,m15,10,0.153,,,5.7893,1001.2406,0.0001,0,397,0.1448,16.0024,6a1899cb2dafd0673a2701203d811a4b7d2ea7b43d54bd62d2fe957cf52c0a1a,11111.214,148.0959,0.0,10.0004,1026.5845,502.7919,1,0.0,30.6717,529
scale,m15,8,0.1594,0,0,0.009,1083.326,0.0002,0,318,0.1346,16.0024,6a1899cb2dafd0673a2701203d811a4b7d2ea7b43d54bd62d2fe957cf52c0a1a,12549.0198,58.4889,0.0033,8.0104,560.7179,984.1421,0,0.0,178.9734,423
scale,m15,6,0.1561,0,0,0.0136,1113.8574,0.0002,0,238,0.1127,16.0024,6a1899cb2dafd0673a2701203d811a4b7d2ea7b43d54bd62d2fe957cf52c0a1a,11325.2196,26.4893,0.0,5.9952,768.3472,964.5716,0,0.0,134.4752,318
blur,m16,0.02,0.1579,,,8.7895,62.1616,0.0072,1,1920,0.1271,8.0341,75ca3524fab48dfe4ec89e6b732d3d1d614059c628d66749908e93c7c83ab7e7,20.1824,169.5633,0.0,61.8624,20.7087,286.9354,1,0.0,70.6977,2560
blur,m16,0.04,0.1406,,,8.3,22.5171,0.0065,0,1920,0.1124,8.0341,75ca3524fab48dfe4ec89e6b732d3d1d614059c628d66749908e93c7c83ab7e7,6.4327,50.9587,0.0,61.8624,7.6572,132.5854,1,0.0,74.4186,2560
blur,m16,0.06,0.1239,,,8.3,7.8741,0.0059,0,1920,0.1,8.0341,75ca3524fab48dfe4ec89e6b732d3d1d614059c628d66749908e93c7c83ab7e7,2.8391,13.3425,0.0,61.8624,3.4746,42.4957,1,0.0,74.4186,2560
blur,m16,0.08,0.1201,0,0,7.7349,3.255,0.0055,0,1920,0.0913,8.0341,75ca3524fab48dfe4ec89e6b732d3d1d614059c628d66749908e93c7c83ab7e7,2.0025,4.1,0.0,61.8624,2.2394,18.9908,0,0.0,79.7515,2560
blur,m16,0.1,0.1035,0,0,8.8421,1.5723,0.0049,0,1920,0.085,8.0341,75ca3524fab48dfe4ec89e6b732d3d1d614059c628d66749908e93c7c83ab7e7,1.7543,1.5963,0.0,61.8624,1.88,5.6232,0,0.0,70.6977,2560
blur,m16,0.13,,0,0,,0.6794,0.0042,,1920,0.0782,8.0341,75ca3524fab48dfe4ec89e6b732d3d1d614059c628d66749908e93c7c83ab7e7,1.6963,0.581,0.0,61.8624,,,0,,,2560
blur,m16,0.16,,0,0,,0.3854,0.0034,,1920,0.0733,8.0341,75ca3524fab48dfe4ec89e6b732d3d1d614059c628d66749908e93c7c83ab7e7,1.6197,0.3101,0.0,61.8624,,,0,,,2560
blur,m16,0.2,,0,0,,0.2327,0.0023,,1920,0.0684,8.0341,75ca3524fab48dfe4ec89e6b732d3d1d614059c628d66749908e93c7c83ab7e7,1.5237,0.2044,0.0,61.8624,,,0,,,2560
blur,m16,0.25,,0,0,,0.1627,0.0011,,1920,0.0639,8.0341,75ca3524fab48dfe4ec89e6b732d3d1d614059c628d66749908e93c7c83ab7e7,1.5562,0.16,0.0,61.8624,,,0,,,2560
blur,m16,0.3,,0,0,,0.1348,0.0006,,1920,0.0598,8.0341,75ca3524fab48dfe4ec89e6b732d3d1d614059c628d66749908e93c7c83ab7e7,1.6093,0.1454,0.0,61.8624,,,0,,,2560
edge,m16,2.0,0.1679,,,1.2218,67.9704,0.0014,1,1920,0.1371,2.003,75ca3524fab48dfe4ec89e6b732d3d1d614059c628d66749908e93c7c83ab7e7,141.8334,371.1699,0.0,61.8624,127.9179,587.5608,1,0.0,75.3488,1699
edge,m16,1.0,0.1681,,,0.4071,66.1839,0.0009,1,1920,0.1371,1.0008,75ca3524fab48dfe4ec89e6b732d3d1d614059c628d66749908e93c7c83ab7e7,141.8334,371.1699,0.0,61.8624,128.0563,595.4705,1,0.0,75.3488,1637
edge,m16,0.5,0.172,,,0.0352,65.2025,0.0007,1,1920,0.1371,0.4996,75ca3524fab48dfe4ec89e6b732d3d1d614059c628d66749908e93c7c83ab7e7,141.8334,371.1699,0.0,61.8624,134.2887,647.4168,1,0.0,75.9204,1606
edge,m16,0.25,0.1736,,,0.037,64.1737,0.0006,0,1920,0.1371,0.2572,75ca3524fab48dfe4ec89e6b732d3d1d614059c628d66749908e93c7c83ab7e7,141.8334,371.1699,0.0,61.8624,135.4785,644.546,1,0.0,75.3488,1591
edge,m16,0.1,0.1725,,,0.037,63.2305,0.0006,0,1920,0.1367,0.0955,75ca3524fab48dfe4ec89e6b732d3d1d614059c628d66749908e93c7c83ab7e7,143.641,375.4752,0.0,61.8624,134.733,635.0661,1,0.0,75.3488,1581
edge,m16,0.0,0.1729,,,0.037,62.7075,0.0006,0,1920,0.1366,0.0,75ca3524fab48dfe4ec89e6b732d3d1d614059c628d66749908e93c7c83ab7e7,144.5707,378.1632,0.0,61.8624,132.8886,633.4792,1,0.0,75.3488,1575
edge,m16,-0.5,0.0591,,,15.6073,60.6161,0.0005,0,1920,0.1364,0.0,75ca3524fab48dfe4ec89e6b732d3d1d614059c628d66749908e93c7c83ab7e7,147.4977,389.5547,0.0,61.8624,47.0517,22.5969,1,0.0,30.3375,1544
edge,m16,-1.0,0.1367,,,0.028,58.3674,0.0005,0,1920,0.1367,0.0,75ca3524fab48dfe4ec89e6b732d3d1d614059c628d66749908e93c7c83ab7e7,148.1838,392.9869,0.0,61.8624,153.9642,337.5756,1,0.0,56.4821,1513
edge,m16,-2.0,0.1378,,,0.0554,52.1978,0.0005,0,1920,0.1383,0.0,75ca3524fab48dfe4ec89e6b732d3d1d614059c628d66749908e93c7c83ab7e7,142.3458,371.7898,0.0,61.8624,154.4506,258.0551,1,0.0,50.2326,1451
glare,m16,0.3,0.152,,,8.2209,107.0689,0.0079,1,1920,0.1276,8.0341,75ca3524fab48dfe4ec89e6b732d3d1d614059c628d66749908e93c7c83ab7e7,87.0859,221.5455,0.0,61.8624,96.8394,444.3258,1,0.0,75.3073,2560
glare,m16,0.5,0.1477,,,8.1938,103.784,0.0079,1,1920,0.133,8.0341,75ca3524fab48dfe4ec89e6b732d3d1d614059c628d66749908e93c7c83ab7e7,58.444,144.9738,0.0,61.8624,80.1777,365.1708,1,0.0,75.542,2560
glare,m16,0.7,0.1508,,,8.4148,101.0156,0.0079,1,1920,0.1467,8.0341,75ca3524fab48dfe4ec89e6b732d3d1d614059c628d66749908e93c7c83ab7e7,36.3772,86.6328,0.0,61.8624,67.3802,284.6626,1,0.0,73.6686,2560
glare,m16,0.85,0.1572,,,8.5265,99.3076,0.0079,1,1920,0.1613,8.0341,75ca3524fab48dfe4ec89e6b732d3d1d614059c628d66749908e93c7c83ab7e7,24.1946,55.0098,0.0,61.8624,57.3991,232.3987,1,0.0,72.7577,2560
glare,m16,1.0,0.167,,,7.9625,97.9165,0.0089,1,1920,0.1785,8.0341,75ca3524fab48dfe4ec89e6b732d3d1d614059c628d66749908e93c7c83ab7e7,15.8848,33.8526,0.1185,61.8624,46.9877,225.0252,1,0.0,77.8261,2560
glare,m16,1.5,0.1943,0,0,8.2474,94.8124,0.0223,0,1920,0.1383,8.0341,75ca3524fab48dfe4ec89e6b732d3d1d614059c628d66749908e93c7c83ab7e7,4.2659,7.7585,0.604,61.8624,29.5386,125.633,0,0.0704,75.2916,2560
glare,m16,2.5,0.0566,0,0,25.7778,91.5348,0.0393,0,1920,0.0368,8.0341,75ca3524fab48dfe4ec89e6b732d3d1d614059c628d66749908e93c7c83ab7e7,0.3002,0.2837,0.8943,61.8624,41.3256,25.2763,0,0.0,33.4884,2560
glare,m16,4.0,0.1138,0,0,4.226,88.9129,0.0549,0,1920,0.0,8.0341,75ca3524fab48dfe4ec89e6b732d3d1d614059c628d66749908e93c7c83ab7e7,0.0,0.0,1.0,61.8624,53.0305,1014.9734,0,0.0,184.1067,2560
motion,m16,0.05,0.1643,,,8.7895,101.6429,0.0077,1,1920,0.1347,8.0341,75ca3524fab48dfe4ec89e6b732d3d1d614059c628d66749908e93c7c83ab7e7,73.0561,302.8719,0.0,61.8624,64.3676,424.361,1,0.0,70.6977,2560
motion,m16,0.1,0.1603,,,8.3689,79.32,0.0074,1,1920,0.1295,8.0341,75ca3524fab48dfe4ec89e6b732d3d1d614059c628d66749908e93c7c83ab7e7,45.2434,213.3596,0.0,61.8624,41.7495,344.5201,1,0.0,74.0499,2560
motion,m16,0.15,0.1505,,,8.2078,62.4477,0.0069,0,1920,0.124,8.0341,75ca3524fab48dfe4ec89e6b732d3d1d614059c628d66749908e93c7c83ab7e7,34.0447,162.4191,0.0,61.8624,30.9135,249.1222,1,0.0,75.2068,2560
motion,m16,0.2,0.1431,,,8.7895,51.4813,0.0066,0,1920,0.1192,8.0341,75ca3524fab48dfe4ec89e6b732d3d1d614059c628d66749908e93c7c83ab7e7,27.6078,131.3672,0.0,61.8624,24.8589,148.9675,1,0.0,70.6977,2560
motion,m16,0.3,0.1357,0,0,8.3,38.6866,0.006,0,1920,0.1117,8.0341,75ca3524fab48dfe4ec89e6b732d3d1d614059c628d66749908e93c7c83ab7e7,19.9759,96.7003,0.0,61.8624,19.0172,136.5401,0,0.0,74.4186,2560
motion,m16,0.4,0.0948,0,0,7.4107,32.9744,0.0055,0,1920,0.1078,8.0341,75ca3524fab48dfe4ec89e6b732d3d1d614059c628d66749908e93c7c83ab7e7,16.6189,82.2586,0.0,61.8624,15.6935,76.3113,0,0.0,61.6183,2560
motion,m16,0.5,,0,0,,29.0323,0.005,,1920,0.1051,8.0341,75ca3524fab48dfe4ec89e6b732d3d1d614059c628d66749908e93c7c83ab7e7,14.6037,74.4235,0.0,61.8624,,,0,,,2560
motion,m16,0.7,,0,0,,23.7937,0.0039,,1920,0.1012,8.0341,75ca3524fab48dfe4ec89e6b732d3d1d614059c628d66749908e93c7c83ab7e7,12.1855,64.6896,0.0,61.8624,,,0,,,2560
motion,m16,1.0,,0,0,,18.8362,0.0022,,1920,0.0965,8.0341,75ca3524fab48dfe4ec89e6b732d3d1d614059c628d66749908e93c7c83ab7e7,9.94,53.9436,0.0,61.8624,,,0,,,2560
scale,m16,48,0.1683,,,8.3,115.4652,0.0079,0,1490,0.1371,8.0341,75ca3524fab48dfe4ec89e6b732d3d1d614059c628d66749908e93c7c83ab7e7,236.6425,365.3037,0.0,48.0078,211.3462,586.7459,1,0.0,57.7519,1986
scale,m16,40,0.1685,,,8.3498,116.439,0.0079,0,1241,0.137,8.0341,75ca3524fab48dfe4ec89e6b732d3d1d614059c628d66749908e93c7c83ab7e7,355.3987,370.8351,0.0,39.985,312.9168,566.5407,1,0.0,47.9659,1655
scale,m16,32,0.1746,,,8.0,115.4942,0.0078,1,993,0.1369,8.0341,75ca3524fab48dfe4ec89e6b732d3d1d614059c628d66749908e93c7c83ab7e7,575.0507,575.0507,0.0,31.9945,528.5434,640.9435,1,0.0,39.9598,1324
scale,m16,26,0.1648,,,8.5026,113.5803,0.0078,1,807,0.1367,8.0341,75ca3524fab48dfe4ec89e6b732d3d1d614059c628d66749908e93c7c83ab7e7,922.2237,300.8274,0.0,26.0015,859.014,495.9084,1,0.0,30.5088,1076
scale,m16,22,0.1647,,,8.4615,242.0292,0.0078,1,683,0.1364,8.0341,75ca3524fab48dfe4ec89e6b732d3d1d614059c628d66749908e93c7c83ab7e7,1391.967,260.435,0.0,22.0063,1342.6932,439.4359,1,0.0,25.962,910
scale,m16,18,0.1133,,,9.3333,373.825,0.0077,0,559,0.1358,8.0341,75ca3524fab48dfe4ec89e6b732d3d1d614059c628d66749908e93c7c83ab7e7,2241.7608,223.3791,0.0,18.011,1397.437,305.4575,1,0.0,23.9571,745
scale,m16,15,0.1085,,,9.4,534.833,0.0077,0,466,0.1345,8.0341,75ca3524fab48dfe4ec89e6b732d3d1d614059c628d66749908e93c7c83ab7e7,3381.541,184.1845,0.0,15.0145,1964.3648,236.5907,1,0.0,20.0,621
scale,m16,12,0.1629,,,7.375,767.292,0.0075,0,372,0.1311,8.0341,75ca3524fab48dfe4ec89e6b732d3d1d614059c628d66749908e93c7c83ab7e7,4663.3381,120.1869,0.0,11.9858,5261.4725,272.2589,1,0.0,16.0,497
scale,m16,10,0.1605,0,0,8.3333,956.0635,0.0072,0,310,0.1263,8.0341,75ca3524fab48dfe4ec89e6b732d3d1d614059c628d66749908e93c7c83ab7e7,5191.9859,73.98,0.0,9.9882,7398.1814,201.4673,0,0.0,12.0,414
scale,m16,8,0.1148,0,0,7.5,1138.8553,0.0068,0,248,0.1191,8.0341,75ca3524fab48dfe4ec89e6b732d3d1d614059c628d66749908e93c7c83ab7e7,5152.4093,26.6513,0.0,7.9906,5444.6876,26.977,0,0.0,8.0,331
scale,m16,6,0.1601,0,0,7.5,1336.4611,0.0064,0,186,0.1082,8.0341,75ca3524fab48dfe4ec89e6b732d3d1d614059c628d66749908e93c7c83ab7e7,4365.5262,11.5782,0.0,5.9929,3697.4708,20.8945,0,0.0,8.0,248
blur,m17,0.02,0.1451,,,16.5882,40.7872,0.0594,1,1920,0.1563,15.6682,b38f85dd3e25e36fbf1528f22a593d163787340cdff26895cbc8948a7998e760,29.273,108.2291,0.0,50.2272,29.0421,87.5923,1,0.0,47.4419,1920
blur,m17,0.04,0.0946,,,4.9096,13.5473,0.0588,0,1920,0.1441,15.6682,b38f85dd3e25e36fbf1528f22a593d163787340cdff26895cbc8948a7998e760,9.5713,40.5528,0.0,50.2272,2.921,79.1331,1,0.0,125.3531,1920
blur,m17,0.06,0.0872,,,4.8862,5.1768,0.0582,0,1920,0.1305,15.6682,b38f85dd3e25e36fbf1528f22a593d163787340cdff26895cbc8948a7998e760,4.7905,16.7367,0.0,50.2272,2.1259,42.0839,1,0.0,124.3379,1920
blur,m17,0.08,0.0995,,,4.7742,2.4504,0.0577,0,1920,0.1178,15.6682,b38f85dd3e25e36fbf1528f22a593d163787340cdff26895cbc8948a7998e760,3.0123,7.5063,0.0,50.2272,1.8404,33.528,1,0.0,128.8154,1920
blur,m17,0.1,0.0806,0,0,4.9796,1.3891,0.0571,0,1920,0.1066,15.6682,b38f85dd3e25e36fbf1528f22a593d163787340cdff26895cbc8948a7998e760,2.3256,3.5903,0.0,50.2272,1.5929,14.8425,0,0.0,123.6214,1920
blur,m17,0.13,0.1615,0,0,1.6198,0.7326,0.0561,0,1920,0.0934,15.6682,b38f85dd3e25e36fbf1528f22a593d163787340cdff26895cbc8948a7998e760,1.9117,1.3991,0.0,50.2272,1.4689,124.7307,0,0.0,255.6804,1920
blur,m17,0.16,,0,0,,0.4625,0.055,,1920,0.0834,15.6682,b38f85dd3e25e36fbf1528f22a593d163787340cdff26895cbc8948a7998e760,1.7778,0.7133,0.0,50.2272,,,0,,,1920
blur,m17,0.2,,0,0,,0.3107,0.0535,,1920,0.0735,15.6682,b38f85dd3e25e36fbf1528f22a593d163787340cdff26895cbc8948a7998e760,1.6821,0.4089,0.0,50.2272,,,0,,,1920
blur,m17,0.25,,0,0,,0.2337,0.0518,,1920,0.0646,15.6682,b38f85dd3e25e36fbf1528f22a593d163787340cdff26895cbc8948a7998e760,1.6711,0.2725,0.0,50.2272,,,0,,,1920
blur,m17,0.3,,0,0,,0.2,0.0501,,1920,0.0578,15.6682,b38f85dd3e25e36fbf1528f22a593d163787340cdff26895cbc8948a7998e760,1.46,0.2418,0.0,50.2272,,,0,,,1920
edge,m17,2.0,0.1838,,,-0.1126,90.7426,0.0735,0,1920,0.1631,2.0094,b38f85dd3e25e36fbf1528f22a593d163787340cdff26895cbc8948a7998e760,160.0453,250.3322,0.0,50.2272,44.9152,1285.3678,1,0.0,272.7483,1220
edge,m17,1.0,0.1634,,,0.9442,90.7883,0.0762,1,1920,0.1631,0.994,b38f85dd3e25e36fbf1528f22a593d163787340cdff26895cbc8948a7998e760,160.0453,250.3322,0.0,50.2272,159.7135,251.117,1,0.0,50.2326,1169
edge,m17,0.5,0.163,,,0.4999,90.9694,0.0776,1,1920,0.1631,0.4963,b38f85dd3e25e36fbf1528f22a593d163787340cdff26895cbc8948a7998e760,160.0453,250.3322,0.0,50.2272,160.1824,250.8924,1,0.0,50.2326,1144
edge,m17,0.25,0.1631,,,0.222,91.2246,0.0784,1,1920,0.1631,0.2574,b38f85dd3e25e36fbf1528f22a593d163787340cdff26895cbc8948a7998e760,160.0453,250.3322,0.0,50.2272,159.8037,251.5777,1,0.0,50.2326,1132
edge,m17,0.1,0.1623,,,0.111,91.5856,0.0789,1,1920,0.1623,0.0981,b38f85dd3e25e36fbf1528f22a593d163787340cdff26895cbc8948a7998e760,161.4914,252.7778,0.0,50.2272,161.4914,252.7778,1,0.0,50.2326,1124
edge,m17,0.0,0.1617,,,0.0554,91.5624,0.0792,1,1920,0.1617,0.0,b38f85dd3e25e36fbf1528f22a593d163787340cdff26895cbc8948a7998e760,161.1933,252.843,0.0,50.2272,160.8943,254.8894,1,0.0,50.2326,1119
edge,m17,-0.5,0.1618,0,0,0.2659,91.7871,0.0807,0,1920,0.1605,0.0,b38f85dd3e25e36fbf1528f22a593d163787340cdff26895cbc8948a7998e760,157.8573,245.8575,0.0,50.2272,161.9277,271.7649,0,0.0,51.9285,1094
edge,m17,-1.0,0.1607,0,0,0.0554,91.5833,0.0825,0,1920,0.1608,0.0,b38f85dd3e25e36fbf1528f22a593d163787340cdff26895cbc8948a7998e760,162.217,253.39,0.0,50.2272,161.8708,255.1809,0,0.0,50.2326,1069
edge,m17,-2.0,0.1528,0,0,0.0587,89.1847,0.0864,0,1920,0.1611,0.0,b38f85dd3e25e36fbf1528f22a593d163787340cdff26895cbc8948a7998e760,162.9168,254.1286,0.0,50.2272,160.943,216.5196,0,0.0,47.4419,1019
glare,m17,0.3,0.1318,,,16.5882,78.6046,0.0598,1,1920,0.1392,15.6682,b38f85dd3e25e36fbf1528f22a593d163787340cdff26895cbc8948a7998e760,102.2133,155.0688,0.0,50.2272,102.1143,135.2213,1,0.0,47.4419,1920
glare,m17,0.5,0.1322,,,14.6451,76.5159,0.0598,1,1920,0.131,15.6682,b38f85dd3e25e36fbf1528f22a593d163787340cdff26895cbc8948a7998e760,70.9446,105.6322,0.0,50.2272,73.6189,129.3528,1,0.0,53.7071,1920
glare,m17,0.7,0.1304,,,15.2641,74.7646,0.0598,1,1920,0.1303,15.6682,b38f85dd3e25e36fbf1528f22a593d163787340cdff26895cbc8948a7998e760,46.7608,67.4671,0.0,50.2272,46.7218,69.8646,1,0.0,51.5346,1920
glare,m17,0.85,0.1342,,,16.5882,73.6732,0.0599,1,1920,0.1349,15.6682,b38f85dd3e25e36fbf1528f22a593d163787340cdff26895cbc8948a7998e760,32.8825,46.1025,0.0,50.2272,32.5758,40.3931,1,0.0,47.4419,1920
glare,m17,1.0,0.1254,0,0,5.0,72.7834,0.0612,0,1920,0.1433,15.6682,b38f85dd3e25e36fbf1528f22a593d163787340cdff26895cbc8948a7998e760,23.1101,31.2945,0.1478,50.2272,17.1346,67.4689,0,0.0,122.7907,1920
glare,m17,1.5,0.1076,0,0,10.7623,70.8405,0.0705,0,1920,0.111,15.6682,b38f85dd3e25e36fbf1528f22a593d163787340cdff26895cbc8948a7998e760,7.4602,9.4803,0.6106,50.2272,247.6613,145.0934,0,0.0,31.1163,1920
glare,m17,2.5,0.1076,0,0,10.7623,68.7738,0.0823,0,1920,0.0324,15.6682,b38f85dd3e25e36fbf1528f22a593d163787340cdff26895cbc8948a7998e760,0.4798,0.3769,0.8895,50.2272,247.6613,145.0934,0,0.0,31.1163,1920
glare,m17,4.0,0.107,0,0,10.6726,67.0014,0.0932,0,1920,0.0,15.6682,b38f85dd3e25e36fbf1528f22a593d163787340cdff26895cbc8948a7998e760,0.0,0.0,1.0,50.2272,244.5433,143.3387,0,0.0,31.1163,1920
motion,m17,0.05,0.1613,,,15.6667,65.4972,0.0597,1,1920,0.1613,15.6682,b38f85dd3e25e36fbf1528f22a593d163787340cdff26895cbc8948a7998e760,86.2047,191.3064,0.0,50.2272,86.2047,191.3064,1,0.0,50.2326,1920
motion,m17,0.1,0.1586,,,15.6667,48.9083,0.0594,1,1920,0.1586,15.6682,b38f85dd3e25e36fbf1528f22a593d163787340cdff26895cbc8948a7998e760,57.9672,145.5261,0.0,50.2272,57.9672,145.5261,1,0.0,50.2326,1920
motion,m17,0.15,0.1425,,,16.5882,34.5943,0.0592,1,1920,0.1538,15.6682,b38f85dd3e25e36fbf1528f22a593d163787340cdff26895cbc8948a7998e760,41.6056,112.5723,0.0,50.2272,40.6066,90.5962,1,0.0,47.4419,1920
motion,m17,0.2,0.139,,,16.5882,29.5444,0.059,1,1920,0.1506,15.6682,b38f85dd3e25e36fbf1528f22a593d163787340cdff26895cbc8948a7998e760,35.9057,99.7079,0.0,50.2272,34.9493,79.4707,1,0.0,47.4419,1920
motion,m17,0.3,0.074,,,5.1459,23.286,0.0585,0,1920,0.1437,15.6682,b38f85dd3e25e36fbf1528f22a593d163787340cdff26895cbc8948a7998e760,28.0156,81.1758,0.0,50.2272,5.351,39.4281,1,0.0,119.5496,1920
motion,m17,0.4,0.104,0,0,4.8701,20.1248,0.0583,0,1920,0.1386,15.6682,b38f85dd3e25e36fbf1528f22a593d163787340cdff26895cbc8948a7998e760,24.0088,71.6,0.0,50.2272,8.1224,126.5256,0,0.0,127.3708,1920
motion,m17,0.5,0.0718,0,0,5.26,18.2502,0.0578,0,1920,0.1354,15.6682,b38f85dd3e25e36fbf1528f22a593d163787340cdff26895cbc8948a7998e760,21.5596,65.8374,0.0,50.2272,3.6452,28.2718,0,0.0,118.0552,1920
motion,m17,0.7,0.2001,0,0,1.1825,16.0252,0.0568,0,1920,0.1315,15.6682,b38f85dd3e25e36fbf1528f22a593d163787340cdff26895cbc8948a7998e760,18.6691,58.733,0.0,50.2272,3.7605,341.833,0,0.0,308.3279,1920
motion,m17,1.0,0.2026,0,0,1.0614,14.1472,0.0555,0,1920,0.1294,15.6682,b38f85dd3e25e36fbf1528f22a593d163787340cdff26895cbc8948a7998e760,16.6294,54.0896,0.0,50.2272,3.2158,242.0727,0,0.0,336.8384,1920
scale,m17,48,0.1506,,,16.6471,83.6029,0.0598,1,1835,0.1626,15.6682,b38f85dd3e25e36fbf1528f22a593d163787340cdff26895cbc8948a7998e760,164.7589,237.8962,0.0,48.0036,169.2503,224.7913,1,0.0,45.3416,1835
scale,m17,40,0.1617,,,15.7222,83.8619,0.0598,1,1529,0.1614,15.6682,b38f85dd3e25e36fbf1528f22a593d163787340cdff26895cbc8948a7998e760,256.2977,246.1102,0.0,39.9986,256.2963,245.6176,1,0.0,40.0029,1529
scale,m17,32,0.1519,,,18.0,82.4682,0.0598,1,1223,0.163,15.6682,b38f85dd3e25e36fbf1528f22a593d163787340cdff26895cbc8948a7998e760,407.5745,407.5745,0.0,31.9937,420.7356,156.2685,1,0.0,27.9771,1223
scale,m17,26,0.1666,,,15.6923,152.1774,0.0598,1,994,0.1618,15.6682,b38f85dd3e25e36fbf1528f22a593d163787340cdff26895cbc8948a7998e760,627.6265,184.6392,0.0,26.003,610.9588,178.9908,1,0.0,26.0,994
scale,m17,22,0.1664,,,14.4167,208.3879,0.0597,1,841,0.1629,15.6682,b38f85dd3e25e36fbf1528f22a593d163787340cdff26895cbc8948a7998e760,857.0599,153.2269,0.0,22.0006,948.604,217.9892,1,0.0,23.9715,841
scale,m17,18,0.165,,,15.6667,297.7473,0.0597,1,688,0.1584,15.6682,b38f85dd3e25e36fbf1528f22a593d163787340cdff26895cbc8948a7998e760,1309.3262,136.7018,0.0,17.9981,1272.6393,125.9897,1,0.0,18.0,688
scale,m17,15,0.1757,,,12.838,405.9897,0.0596,1,573,0.1576,15.6682,b38f85dd3e25e36fbf1528f22a593d163787340cdff26895cbc8948a7998e760,1940.4165,110.8926,0.0,14.9897,1799.7587,200.9624,1,0.0,18.1938,573
scale,m17,12,0.0814,0,0,5.1191,571.4935,0.0596,0,459,0.1615,15.6682,b38f85dd3e25e36fbf1528f22a593d163787340cdff26895cbc8948a7998e760,3127.8924,82.4765,0.0,12.0074,271.9499,111.6528,0,0.0,28.8286,459
scale,m17,10,0.0827,,,5.0,721.6704,0.0594,0,382,0.1584,15.6682,b38f85dd3e25e36fbf1528f22a593d163787340cdff26895cbc8948a7998e760,4478.8171,64.8544,0.0,9.9931,354.8487,71.6877,1,0.0,24.0,382
scale,m17,8,0.2117,0,0,1.1804,933.3548,0.0593,0,306,0.1623,15.6682,b38f85dd3e25e36fbf1528f22a593d163787340cdff26895cbc8948a7998e760,6517.1252,34.5431,0.0,8.005,1593.0887,1265.3966,0,0.0006,49.7561,306
scale,m17,6,0.2181,0,0,1.5057,1288.5142,0.0591,0,229,0.1535,15.6682,b38f85dd3e25e36fbf1528f22a593d163787340cdff26895cbc8948a7998e760,6955.5113,19.3095,0.0,5.9906,2827.6489,1294.2868,0,0.0004,34.5377,229
blur,m18,0.02,0.1588,,,15.138,106.0891,0.0008,0,1800,0.1788,9.5426,db551bf85302140aa27bef89491c035b8e729fd3c76c1bf0c16758fb4e96d920,53.2107,428.4452,0.0,63.828,76.9433,131.5924,1,0.0,38.3287,1800
blur,m18,0.04,0.1456,0,0,12.6126,14.181,0.0007,0,1800,0.157,9.5426,db551bf85302140aa27bef89491c035b8e729fd3c76c1bf0c16758fb4e96d920,8.0875,77.3649,0.0,63.828,9.8092,30.8696,0,0.0,45.831,1800
blur,m18,0.06,0.1005,0,0,9.1355,2.935,0.0006,0,1800,0.1403,9.5426,db551bf85302140aa27bef89491c035b8e729fd3c76c1bf0c16758fb4e96d920,3.0768,19.9227,0.0,63.828,2.1735,17.1254,0,0.0,74.2623,1800
blur,m18,0.08,0.11,0,0,7.863,1.045,0.0005,0,1800,0.128,9.5426,db551bf85302140aa27bef89491c035b8e729fd3c76c1bf0c16758fb4e96d920,2.0823,7.2019,0.0,63.828,1.6465,9.1637,0,0.0,85.8189,1800
blur,m18,0.1,,0,0,,0.5902,0.0004,,1800,0.1189,9.5426,db551bf85302140aa27bef89491c035b8e729fd3c76c1bf0c16758fb4e96d920,1.8289,3.1024,0.0,63.828,,,0,,,1800
blur,m18,0.13,,0,0,,0.3566,0.0002,,1800,0.1094,9.5426,db551bf85302140aa27bef89491c035b8e729fd3c76c1bf0c16758fb4e96d920,1.7196,1.2142,0.0,63.828,,,0,,,1800
blur,m18,0.16,,0,0,,0.2684,0.0001,,1800,0.1029,9.5426,db551bf85302140aa27bef89491c035b8e729fd3c76c1bf0c16758fb4e96d920,1.6494,0.6277,0.0,63.828,,,0,,,1800
blur,m18,0.2,,0,0,,0.2172,0.0,,1800,0.097,9.5426,db551bf85302140aa27bef89491c035b8e729fd3c76c1bf0c16758fb4e96d920,1.4951,0.3464,0.0,63.828,,,0,,,1800
blur,m18,0.25,,0,0,,0.1908,0.0,,1800,0.0921,9.5426,db551bf85302140aa27bef89491c035b8e729fd3c76c1bf0c16758fb4e96d920,1.3656,0.2225,0.0,63.828,,,0,,,1800
blur,m18,0.3,,0,0,,0.1792,0.0,,1800,0.0876,9.5426,db551bf85302140aa27bef89491c035b8e729fd3c76c1bf0c16758fb4e96d920,1.465,0.1704,0.0,63.828,,,0,,,1800
edge,m18,2.0,0.1989,,,2.0126,580.7627,0.0019,1,1800,0.1989,1.9931,db551bf85302140aa27bef89491c035b8e729fd3c76c1bf0c16758fb4e96d920,1141.6192,1325.0341,0.0,63.828,1141.1597,1340.6223,1,0.0,63.6151,1234
edge,m18,1.0,0.1989,,,1.023,572.7504,0.0018,1,1800,0.1989,1.0061,db551bf85302140aa27bef89491c035b8e729fd3c76c1bf0c16758fb4e96d920,1141.6192,1325.0341,0.0,63.828,1141.1597,1340.6223,1,0.0,63.7874,1171
edge,m18,0.5,0.1988,,,0.5249,564.2062,0.0014,1,1800,0.1989,0.5047,db551bf85302140aa27bef89491c035b8e729fd3c76c1bf0c16758fb4e96d920,1141.6192,1325.0341,0.0,63.828,1140.6775,1351.935,1,0.0,64.4214,1139
edge,m18,0.25,0.1988,,,0.2824,558.6371,0.0008,1,1800,0.1989,0.2541,db551bf85302140aa27bef89491c035b8e729fd3c76c1bf0c16758fb4e96d920,1141.6192,1325.0341,0.0,63.828,1140.6775,1351.935,1,0.0,64.2654,1123
edge,m18,0.1,0.1991,,,0.1201,556.9778,0.0005,1,1800,0.1992,0.0974,db551bf85302140aa27bef89491c035b8e729fd3c76c1bf0c16758fb4e96d920,1163.4384,1287.6227,0.0,63.828,1158.3084,1369.5929,1,0.0,64.203,1113
edge,m18,0.0,0.1995,,,0.0388,555.5142,0.0005,1,1800,0.1994,0.0034,db551bf85302140aa27bef89491c035b8e729fd3c76c1bf0c16758fb4e96d920,1176.3376,1302.9783,0.0,63.828,1178.8314,1370.0046,1,0.0,64.158,1107
edge,m18,-0.5,0.1943,0,0,0.2493,542.0891,0.0004,0,1800,0.1984,0.0,db551bf85302140aa27bef89491c035b8e729fd3c76c1bf0c16758fb4e96d920,1132.6868,1246.0161,0.0,63.828,1148.9634,1350.8727,0,0.0,62.7907,1075
edge,m18,-1.0,0.1951,0,0,0.0416,537.4355,0.0004,0,1800,0.1987,0.0,db551bf85302140aa27bef89491c035b8e729fd3c76c1bf0c16758fb4e96d920,1115.3313,1224.2678,0.0,63.828,1143.328,1350.7268,0,0.0,62.7907,1043
edge,m18,-2.0,0.1889,0,0,5.3795,514.237,0.0003,0,1800,0.1881,0.0,db551bf85302140aa27bef89491c035b8e729fd3c76c1bf0c16758fb4e96d920,1111.137,1205.836,0.0,63.828,1496.5882,1045.2913,0,0.0,38.2415,979
glare,m18,0.3,0.1758,,,9.4688,549.0275,0.0016,1,1800,0.1758,9.5426,db551bf85302140aa27bef89491c035b8e729fd3c76c1bf0c16758fb4e96d920,726.1843,837.969,0.0,63.828,726.1843,855.6795,1,0.0,64.2994,1800
glare,m18,0.5,0.1709,,,9.4906,541.3803,0.0016,1,1800,0.1709,9.5426,db551bf85302140aa27bef89491c035b8e729fd3c76c1bf0c16758fb4e96d920,506.455,581.3276,0.0,63.828,506.455,555.3068,1,0.0,64.1593,1800
glare,m18,0.7,0.1747,,,9.7083,534.743,0.0016,1,1800,0.1755,9.5426,db551bf85302140aa27bef89491c035b8e729fd3c76c1bf0c16758fb4e96d920,334.1073,380.1075,0.0,63.828,340.2129,403.9345,1,0.0,62.7907,1800
glare,m18,0.85,0.1846,,,9.7083,530.3292,0.0016,1,1800,0.1847,9.5426,db551bf85302140aa27bef89491c035b8e729fd3c76c1bf0c16758fb4e96d920,235.4667,264.9336,0.0,63.828,239.499,284.7164,1,0.0,62.7907,1800
glare,m18,1.0,0.1867,0,0,15.5411,526.4338,0.0025,0,1800,0.1982,9.5426,db551bf85302140aa27bef89491c035b8e729fd3c76c1bf0c16758fb4e96d920,163.0153,181.0259,0.0835,63.828,1526.4946,1048.6372,0,0.0,37.3331,1800
glare,m18,1.5,0.194,0,0,12.3161,516.4462,0.0145,0,1800,0.1571,9.5426,db551bf85302140aa27bef89491c035b8e729fd3c76c1bf0c16758fb4e96d920,47.0848,50.2974,0.581,63.828,1221.7495,1135.9149,0,0.0,47.0457,1800
glare,m18,2.5,0.194,0,0,12.3161,504.024,0.0294,0,1800,0.0511,9.5426,db551bf85302140aa27bef89491c035b8e729fd3c76c1bf0c16758fb4e96d920,1.7026,1.428,0.8697,63.828,1221.7495,1135.9149,0,0.0,47.0457,1800
glare,m18,4.0,0.1952,0,0,12.4762,492.3716,0.0429,0,1800,0.0,9.5426,db551bf85302140aa27bef89491c035b8e729fd3c76c1bf0c16758fb4e96d920,0.0,0.0,1.0,63.828,1293.0305,1161.9561,0,0.0,46.4419,1800
motion,m18,0.05,0.2012,,,9.1607,362.0382,0.001,1,1800,0.1932,9.5426,db551bf85302140aa27bef89491c035b8e729fd3c76c1bf0c16758fb4e96d920,484.4815,1009.7637,0.0,63.828,465.0668,1095.9218,1,0.0,66.3504,1800
motion,m18,0.1,0.1682,,,14.5394,205.9685,0.0009,0,1800,0.1856,9.5426,db551bf85302140aa27bef89491c035b8e729fd3c76c1bf0c16758fb4e96d920,352.6736,650.8591,0.0,63.828,450.0783,408.9974,1,0.0,39.8903,1800
motion,m18,0.15,0.1489,,,2.6791,154.0546,0.0008,0,1800,0.178,9.5426,db551bf85302140aa27bef89491c035b8e729fd3c76c1bf0c16758fb4e96d920,302.7536,498.3814,0.0,63.828,364.4612,900.4451,1,0.0,72.9738,1800
motion,m18,0.2,0.2039,,,8.9867,135.1187,0.0008,0,1800,0.1741,9.5426,db551bf85302140aa27bef89491c035b8e729fd3c76c1bf0c16758fb4e96d920,285.6047,457.5249,0.0,63.828,238.9036,423.437,1,0.0,64.4704,1800
motion,m18,0.3,0.1793,,,9.1579,120.7406,0.0007,1,1800,0.1685,9.5426,db551bf85302140aa27bef89491c035b8e729fd3c76c1bf0c16758fb4e96d920,266.0008,416.0746,0.0,63.828,255.1549,466.9311,1,0.0,66.3694,1800
motion,m18,0.4,0.1272,0,0,15.5556,106.1115,0.0006,0,1800,0.1643,9.5426,db551bf85302140aa27bef89491c035b8e729fd3c76c1bf0c16758fb4e96d920,252.2245,392.3475,0.0,63.828,153.2686,157.9445,0,0.0,47.093,1800
motion,m18,0.5,,0,0,,96.6108,0.0005,,1800,0.1614,9.5426,db551bf85302140aa27bef89491c035b8e729fd3c76c1bf0c16758fb4e96d920,243.4363,378.6186,0.0,63.828,,,0,,,1800
motion,m18,0.7,,0,0,,79.4176,0.0003,,1800,0.1567,9.5426,db551bf85302140aa27bef89491c035b8e729fd3c76c1bf0c16758fb4e96d920,229.5685,361.0698,0.0,63.828,,,0,,,1800
motion,m18,1.0,,0,0,,61.282,0.0001,,1800,0.1529,9.5426,db551bf85302140aa27bef89491c035b8e729fd3c76c1bf0c16758fb4e96d920,215.1915,349.2802,0.0,63.828,,,0,,,1800
scale,m18,48,0.1977,,,9.6321,556.4101,0.0015,1,1354,0.1971,9.5426,db551bf85302140aa27bef89491c035b8e729fd3c76c1bf0c16758fb4e96d920,1628.3374,1361.5449,0.0,48.0128,1630.1069,1370.7002,1,0.0,47.6705,1354
scale,m18,40,0.1879,,,9.886,527.626,0.0014,1,1128,0.1964,9.5426,db551bf85302140aa27bef89491c035b8e729fd3c76c1bf0c16758fb4e96d920,1965.1027,1326.3119,0.0,39.9989,1955.439,1240.1634,1,0.0,38.6095,1128
scale,m18,32,0.225,,,7.46,1213.328,0.0013,1,902,0.195,9.5426,db551bf85302140aa27bef89491c035b8e729fd3c76c1bf0c16758fb4e96d920,2371.7818,2371.7818,0.0,31.9849,1844.1174,1432.619,1,0.0,40.1327,902
scale,m18,26,0.211,,,8.5795,1415.8226,0.0011,1,733,0.1944,9.5426,db551bf85302140aa27bef89491c035b8e729fd3c76c1bf0c16758fb4e96d920,3229.4353,893.9859,0.0,25.9922,2892.2421,995.94,1,0.0,28.8168,733
scale,m18,22,0.2134,0,0,10.0943,1525.109,0.001,0,620,0.1919,9.5426,db551bf85302140aa27bef89491c035b8e729fd3c76c1bf0c16758fb4e96d920,4118.5546,721.227,0.0,21.9852,4212.8783,601.8122,0,0.0,20.1691,620
scale,m18,18,0.1991,0,0,11.3083,1608.5811,0.0009,0,508,0.1881,9.5426,db551bf85302140aa27bef89491c035b8e729fd3c76c1bf0c16758fb4e96d920,5306.4713,520.1017,0.0,18.0137,6494.528,326.5675,0,0.0,14.4988,508
scale,m18,15,0.1696,,,2.6184,1776.2604,0.001,0,423,0.1911,9.5426,db551bf85302140aa27bef89491c035b8e729fd3c76c1bf0c16758fb4e96d920,5915.1086,303.7062,0.0,14.9996,8032.1483,622.9121,1,0.0,16.9346,423
scale,m18,12,0.2068,,,8.0,1795.0812,0.0009,1,338,0.1777,9.5426,db551bf85302140aa27bef89491c035b8e729fd3c76c1bf0c16758fb4e96d920,6148.9024,162.8751,0.0,11.9855,5554.3009,230.6865,1,0.0,14.0,338
scale,m18,10,0.2166,,,6.9164,1466.0242,0.0008,1,282,0.1718,9.5426,db551bf85302140aa27bef89491c035b8e729fd3c76c1bf0c16758fb4e96d920,7064.3113,123.1967,0.0,9.9997,5674.757,212.2982,1,0.0,13.4837,282
scale,m18,8,0.2124,,,7.6,1182.6829,0.0009,1,226,0.1686,9.5426,db551bf85302140aa27bef89491c035b8e729fd3c76c1bf0c16758fb4e96d920,7303.669,42.4686,0.0,8.014,6173.1599,99.0056,1,0.0,10.0,226
scale,m18,6,,0,0,,1231.016,0.0008,,169,0.1522,9.5426,db551bf85302140aa27bef89491c035b8e729fd3c76c1bf0c16758fb4e96d920,7163.9779,22.8661,0.0,5.9927,,,0,,,169
blur,m19,0.02,0.1515,,,8.9051,63.8762,0.0007,1,2880,0.1516,8.95,cbd887e49a0a9b341f8d053fc5cc1417c94d6264cc3f7584a76dbb75be1e43ae,12.7408,933.4131,0.0035,124.3296,12.7076,949.1709,1,0.0035,124.9463,3840
blur,m19,0.04,0.117,,,8.7425,10.1316,0.0003,1,2880,0.1172,8.95,cbd887e49a0a9b341f8d053fc5cc1417c94d6264cc3f7584a76dbb75be1e43ae,2.3467,110.711,0.0001,124.3296,2.3277,117.8979,1,0.0001,127.2173,3840
blur,m19,0.06,0.0984,,,8.5927,2.7585,0.0001,1,2880,0.0992,8.95,cbd887e49a0a9b341f8d053fc5cc1417c94d6264cc3f7584a76dbb75be1e43ae,1.6717,18.7601,0.0,124.3296,1.668,21.6338,1,0.0,129.4884,3840
blur,m19,0.08,,0,0,,1.1479,0.0,,2880,0.0881,8.95,cbd887e49a0a9b341f8d053fc5cc1417c94d6264cc3f7584a76dbb75be1e43ae,1.5861,5.0142,0.0,124.3296,,,0,,,3840
blur,m19,0.1,,0,0,,0.6117,0.0,,2880,0.0799,8.95,cbd887e49a0a9b341f8d053fc5cc1417c94d6264cc3f7584a76dbb75be1e43ae,1.5751,1.8117,0.0,124.3296,,,0,,,3840
blur,m19,0.13,,0,0,,0.3196,0.0,,2880,0.0706,8.95,cbd887e49a0a9b341f8d053fc5cc1417c94d6264cc3f7584a76dbb75be1e43ae,1.5088,0.608,0.0,124.3296,,,0,,,3840
blur,m19,0.16,,0,0,,0.211,0.0,,2880,0.0636,8.95,cbd887e49a0a9b341f8d053fc5cc1417c94d6264cc3f7584a76dbb75be1e43ae,1.4288,0.2573,0.0,124.3296,,,0,,,3840
blur,m19,0.2,,0,0,,0.1525,0.0,,2880,0.0565,8.95,cbd887e49a0a9b341f8d053fc5cc1417c94d6264cc3f7584a76dbb75be1e43ae,1.297,0.1236,0.0,124.3296,,,0,,,3840
blur,m19,0.25,,0,0,,0.1225,0.0,,2880,0.0497,8.95,cbd887e49a0a9b341f8d053fc5cc1417c94d6264cc3f7584a76dbb75be1e43ae,1.1117,0.0924,0.0,124.3296,,,0,,,3840
blur,m19,0.3,,0,0,,0.1081,0.0,,2880,0.044,8.95,cbd887e49a0a9b341f8d053fc5cc1417c94d6264cc3f7584a76dbb75be1e43ae,0.9346,0.0954,0.0,124.3296,,,0,,,3840
edge,m19,2.0,0.2246,,,1.9636,356.463,0.0026,1,2880,0.225,1.9999,cbd887e49a0a9b341f8d053fc5cc1417c94d6264cc3f7584a76dbb75be1e43ae,2934.6606,4404.3514,0.0186,124.3296,2921.7227,4489.959,1,0.0181,129.337,2403
edge,m19,1.0,0.2253,,,1.0185,367.2451,0.0026,1,2880,0.225,1.0025,cbd887e49a0a9b341f8d053fc5cc1417c94d6264cc3f7584a76dbb75be1e43ae,2934.6606,4404.3514,0.0186,124.3296,2949.7316,4526.1523,1,0.0184,126.0961,2279
edge,m19,0.5,0.2255,,,0.5244,371.4831,0.0026,1,2880,0.225,0.5039,cbd887e49a0a9b341f8d053fc5cc1417c94d6264cc3f7584a76dbb75be1e43ae,2934.6606,4404.3514,0.0186,124.3296,2952.6153,4518.9955,1,0.0184,126.0618,2217
edge,m19,0.25,0.2255,,,0.2588,373.2527,0.0026,1,2880,0.225,0.2465,cbd887e49a0a9b341f8d053fc5cc1417c94d6264cc3f7584a76dbb75be1e43ae,2934.6606,4404.3514,0.0186,124.3296,2953.0067,4465.389,1,0.0185,124.8673,2185
edge,m19,0.1,0.2273,,,0.1262,374.7218,0.0026,1,2880,0.2271,0.1017,cbd887e49a0a9b341f8d053fc5cc1417c94d6264cc3f7584a76dbb75be1e43ae,3016.772,4511.4679,0.0192,124.3296,3021.0632,4610.0114,1,0.0189,126.0618,2167
edge,m19,0.0,0.2289,,,0.0236,376.7969,0.0026,1,2880,0.2288,0.0,cbd887e49a0a9b341f8d053fc5cc1417c94d6264cc3f7584a76dbb75be1e43ae,3078.9504,4622.8875,0.0196,124.3296,3082.9258,4726.5639,1,0.0193,126.0961,2154
edge,m19,-0.5,0.2471,0,0,0.8138,375.2772,0.0026,0,2880,0.2303,0.0,cbd887e49a0a9b341f8d053fc5cc1417c94d6264cc3f7584a76dbb75be1e43ae,3071.3121,4629.8982,0.0202,124.3296,4360.165,7281.4629,0,0.0239,73.3984,2092
edge,m19,-1.0,0.2317,0,0,0.1087,366.184,0.0025,0,2880,0.2286,0.0,cbd887e49a0a9b341f8d053fc5cc1417c94d6264cc3f7584a76dbb75be1e43ae,3009.1657,4505.9449,0.0201,124.3296,3078.9031,4540.2412,0,0.0217,112.5913,2030
edge,m19,-2.0,0.2035,0,0,0.0832,324.6075,0.0022,0,2880,0.2191,0.0,cbd887e49a0a9b341f8d053fc5cc1417c94d6264cc3f7584a76dbb75be1e43ae,2602.4145,3911.7687,0.0038,124.3296,2659.7646,2945.0017,0,0.0066,50.2558,1906
glare,m19,0.3,0.172,,,8.3716,249.5503,0.0017,1,2880,0.1739,8.95,cbd887e49a0a9b341f8d053fc5cc1417c94d6264cc3f7584a76dbb75be1e43ae,1785.801,2670.0779,0.0217,124.3296,1743.8073,2640.8059,1,0.0208,132.5507,3840
glare,m19,0.5,0.141,,,8.3716,228.1438,0.0018,1,2880,0.1427,8.95,cbd887e49a0a9b341f8d053fc5cc1417c94d6264cc3f7584a76dbb75be1e43ae,1189.7074,1772.8643,0.0258,124.3296,1161.1356,1750.3321,1,0.0247,132.5507,3840
glare,m19,0.7,0.1149,,,8.6726,210.6635,0.002,1,2880,0.1158,8.95,cbd887e49a0a9b341f8d053fc5cc1417c94d6264cc3f7584a76dbb75be1e43ae,730.5427,1081.4453,0.0342,124.3296,720.2492,1062.4407,1,0.0335,128.1434,3840
glare,m19,0.85,0.1001,,,8.7879,200.1099,0.0022,1,2880,0.1006,8.95,cbd887e49a0a9b341f8d053fc5cc1417c94d6264cc3f7584a76dbb75be1e43ae,475.5316,697.2097,0.0504,124.3296,470.9871,698.2775,1,0.0498,126.6336,3840
glare,m19,1.0,0.0926,0,0,9.175,191.7481,0.0045,0,2880,0.092,8.95,cbd887e49a0a9b341f8d053fc5cc1417c94d6264cc3f7584a76dbb75be1e43ae,298.033,429.3319,0.2401,124.3296,302.5012,429.0653,0,0.2456,121.3373,3840
glare,m19,1.5,0.106,0,0,26.1667,176.4287,0.0142,0,2880,0.0602,8.95,cbd887e49a0a9b341f8d053fc5cc1417c94d6264cc3f7584a76dbb75be1e43ae,72.2556,94.0519,0.631,124.3296,814.3169,476.4044,0,0.0,33.4884,3840
glare,m19,2.5,0.0777,0,0,26.1667,166.2809,0.0259,0,2880,0.0178,8.95,cbd887e49a0a9b341f8d053fc5cc1417c94d6264cc3f7584a76dbb75be1e43ae,4.2385,4.3278,0.8923,124.3296,408.5483,228.0789,0,0.0008,33.4884,3840
glare,m19,4.0,0.2097,0,0,1.0682,159.7467,0.0376,0,2880,0.0,8.95,cbd887e49a0a9b341f8d053fc5cc1417c94d6264cc3f7584a76dbb75be1e43ae,0.0,0.0,1.0,124.3296,189.8565,992.0928,0,0.0001,491.1628,3840
motion,m19,0.05,0.1769,,,8.9506,176.6795,0.0012,1,2880,0.1769,8.95,cbd887e49a0a9b341f8d053fc5cc1417c94d6264cc3f7584a76dbb75be1e43ae,323.2856,2116.7937,0.0062,124.3296,323.2856,2116.7937,1,0.0062,124.32,3840
motion,m19,0.1,0.1502,,,8.8935,97.4967,0.001,1,2880,0.1508,8.95,cbd887e49a0a9b341f8d053fc5cc1417c94d6264cc3f7584a76dbb75be1e43ae,173.617,786.9317,0.0039,124.3296,170.7434,788.7538,1,0.0038,125.0757,3840
motion,m19,0.15,0.1344,,,8.8452,68.6966,0.0008,1,2880,0.135,8.95,cbd887e49a0a9b341f8d053fc5cc1417c94d6264cc3f7584a76dbb75be1e43ae,111.0999,503.2506,0.0008,124.3296,109.3159,509.9637,1,0.0008,125.7931,3840
motion,m19,0.2,0.1252,,,9.2297,55.905,0.0008,1,2880,0.1262,8.95,cbd887e49a0a9b341f8d053fc5cc1417c94d6264cc3f7584a76dbb75be1e43ae,81.4209,373.3363,0.0,124.3296,81.2989,361.7886,1,0.0,120.8713,3840
motion,m19,0.3,0.1171,0,0,9.5986,42.375,0.0007,0,2880,0.116,8.95,cbd887e49a0a9b341f8d053fc5cc1417c94d6264cc3f7584a76dbb75be1e43ae,51.1574,263.3309,0.0,124.3296,54.5479,254.2292,0,0.0,116.5743,3840
motion,m19,0.4,0.109,0,0,9.2249,34.1018,0.0006,0,2880,0.1103,8.95,cbd887e49a0a9b341f8d053fc5cc1417c94d6264cc3f7584a76dbb75be1e43ae,36.4748,202.0813,0.0,124.3296,36.2889,186.953,0,0.0,120.0967,3840
motion,m19,0.5,0.1064,0,0,9.5611,28.9463,0.0005,0,2880,0.1068,8.95,cbd887e49a0a9b341f8d053fc5cc1417c94d6264cc3f7584a76dbb75be1e43ae,29.1375,164.2709,0.0,124.3296,29.527,148.0775,0,0.0,116.048,3840
motion,m19,0.7,,0,0,,21.955,0.0005,,2880,0.1001,8.95,cbd887e49a0a9b341f8d053fc5cc1417c94d6264cc3f7584a76dbb75be1e43ae,21.0324,112.5203,0.0,124.3296,,,0,,,3840
motion,m19,1.0,,0,0,,16.0177,0.0004,,2880,0.0925,8.95,cbd887e49a0a9b341f8d053fc5cc1417c94d6264cc3f7584a76dbb75be1e43ae,15.0262,70.8497,0.0,124.3296,,,0,,,3840
scale,m19,48,0.2041,,,8.413,289.5697,0.0013,1,1112,0.2061,8.95,cbd887e49a0a9b341f8d053fc5cc1417c94d6264cc3f7584a76dbb75be1e43ae,7214.8307,4118.6837,0.0094,48.005,7081.5521,4387.5355,1,0.0089,50.948,1483
scale,m19,40,0.1984,,,8.4659,274.3343,0.0012,1,927,0.2,8.95,cbd887e49a0a9b341f8d053fc5cc1417c94d6264cc3f7584a76dbb75be1e43ae,7370.6952,4061.3986,0.0096,40.0186,7300.9477,4232.9662,1,0.009,42.1262,1235
scale,m19,32,0.1906,,,8.3932,558.5395,0.0012,1,741,0.1922,8.95,cbd887e49a0a9b341f8d053fc5cc1417c94d6264cc3f7584a76dbb75be1e43ae,7929.0223,7929.0223,0.0076,31.989,7859.6146,3962.9853,1,0.0072,33.8319,988
scale,m19,26,0.1809,,,8.0636,636.2107,0.0011,1,602,0.1838,8.95,cbd887e49a0a9b341f8d053fc5cc1417c94d6264cc3f7584a76dbb75be1e43ae,8477.5519,2447.6564,0.0069,25.9883,8209.3753,2984.9283,1,0.0063,28.5591,803
scale,m19,22,0.1762,,,8.8852,705.8479,0.001,1,510,0.1762,8.95,cbd887e49a0a9b341f8d053fc5cc1417c94d6264cc3f7584a76dbb75be1e43ae,8725.726,1572.6078,0.0063,22.0167,8646.8985,1587.0335,1,0.0065,22.1294,679
scale,m19,18,0.1626,,,7.4523,795.7728,0.0009,1,417,0.1671,8.95,cbd887e49a0a9b341f8d053fc5cc1417c94d6264cc3f7584a76dbb75be1e43ae,9413.5931,882.2604,0.0067,18.0019,8584.7026,1362.8235,1,0.0059,21.3152,556
scale,m19,15,0.1612,,,10.8418,888.8819,0.0008,1,347,0.1579,8.95,cbd887e49a0a9b341f8d053fc5cc1417c94d6264cc3f7584a76dbb75be1e43ae,9794.8818,506.5597,0.005,14.98,10872.3017,315.9363,1,0.0065,12.4331,463
scale,m19,12,,0,0,,984.3771,0.0007,,278,0.146,8.95,cbd887e49a0a9b341f8d053fc5cc1417c94d6264cc3f7584a76dbb75be1e43ae,9324.8627,221.0548,0.0044,12.0013,,,0,,,371
scale,m19,10,,0,0,,1054.0699,0.0006,,232,0.1353,8.95,cbd887e49a0a9b341f8d053fc5cc1417c94d6264cc3f7584a76dbb75be1e43ae,8467.3334,114.5255,0.0025,10.0154,,,0,,,309
scale,m19,8,,0,0,,1153.8599,0.0005,,185,0.1255,8.95,cbd887e49a0a9b341f8d053fc5cc1417c94d6264cc3f7584a76dbb75be1e43ae,7591.1489,36.2949,0.004,7.9864,,,0,,,247
scale,m19,6,,0,0,,1332.6514,0.0005,,139,0.1113,8.95,cbd887e49a0a9b341f8d053fc5cc1417c94d6264cc3f7584a76dbb75be1e43ae,5718.8566,14.6901,0.0036,6.0006,,,0,,,185
blur,m21,0.02,0.1555,,,14.1667,152.6903,0.0002,1,2880,0.1518,15.4531,b2dd88399ca289658cbef701614e0a6cce89ab6800cfbff6fc0cd1e3de55d6c1,84.1541,507.4418,0.0,61.4016,98.3158,707.5713,1,0.0,66.9767,3840
blur,m21,0.04,0.1253,,,14.1667,56.3789,0.0001,1,2880,0.123,15.4531,b2dd88399ca289658cbef701614e0a6cce89ab6800cfbff6fc0cd1e3de55d6c1,11.2372,102.6587,0.0,61.4016,11.8881,145.6477,1,0.0,66.9767,3840
blur,m21,0.06,0.1044,,,13.0,20.5388,0.0,1,2880,0.101,15.4531,b2dd88399ca289658cbef701614e0a6cce89ab6800cfbff6fc0cd1e3de55d6c1,3.8794,26.3024,0.0,61.4016,3.7444,45.5521,1,0.0,72.5581,3840
blur,m21,0.08,0.0904,,,13.0,8.6488,0.0,1,2880,0.0855,15.4531,b2dd88399ca289658cbef701614e0a6cce89ab6800cfbff6fc0cd1e3de55d6c1,2.2631,8.1046,0.0,61.4016,2.1569,13.7084,1,0.0,72.5581,3840
blur,m21,0.1,0.0835,1,1,12.0714,4.2394,0.0,0,2880,0.0746,15.4531,b2dd88399ca289658cbef701614e0a6cce89ab6800cfbff6fc0cd1e3de55d6c1,1.8408,2.9658,0.0,61.4016,1.7108,6.3133,0,0.0,78.1395,3840
blur,m21,0.13,0.0667,0,0,14.25,1.8555,0.0,0,2880,0.0643,15.4531,b2dd88399ca289658cbef701614e0a6cce89ab6800cfbff6fc0cd1e3de55d6c1,1.7047,0.8455,0.0,61.4016,1.7273,1.1248,0,0.0,66.9767,3840
blur,m21,0.16,0.0629,0,0,18.3636,0.9854,0.0,0,2880,0.0583,15.4531,b2dd88399ca289658cbef701614e0a6cce89ab6800cfbff6fc0cd1e3de55d6c1,1.7113,0.3616,0.0,61.4016,1.5465,0.3333,0,0.0,61.3953,3840
blur,m21,0.2,,0,0,,0.5298,0.0,,2880,0.0539,15.4531,b2dd88399ca289658cbef701614e0a6cce89ab6800cfbff6fc0cd1e3de55d6c1,1.6436,0.2004,0.0,61.4016,,,0,,,3840
blur,m21,0.25,,0,0,,0.3114,0.0,,2880,0.0511,15.4531,b2dd88399ca289658cbef701614e0a6cce89ab6800cfbff6fc0cd1e3de55d6c1,1.5365,0.1647,0.0,61.4016,,,0,,,3840
blur,m21,0.3,,0,0,,0.2175,0.0,,2880,0.0496,15.4531,b2dd88399ca289658cbef701614e0a6cce89ab6800cfbff6fc0cd1e3de55d6c1,1.4939,0.1455,0.0,61.4016,,,0,,,3840
edge,m21,2.0,0.1886,,,1.6463,275.1652,0.0004,1,2880,0.1836,2.0037,b2dd88399ca289658cbef701614e0a6cce89ab6800cfbff6fc0cd1e3de55d6c1,1780.3545,2135.2141,0.0001,61.4016,2017.7997,2575.0912,1,0.0004,71.1628,2590
edge,m21,1.0,0.1881,,,0.7646,274.3251,0.0004,1,2880,0.1836,0.994,b2dd88399ca289658cbef701614e0a6cce89ab6800cfbff6fc0cd1e3de55d6c1,1780.3545,2135.2141,0.0001,61.4016,2004.5217,2562.7132,1,0.0004,71.1628,2528
edge,m21,0.5,0.1886,,,0.4116,275.9897,0.0004,1,2880,0.1836,0.5054,b2dd88399ca289658cbef701614e0a6cce89ab6800cfbff6fc0cd1e3de55d6c1,1780.3545,2135.2141,0.0001,61.4016,2017.7021,2581.7967,1,0.0004,71.1628,2498
edge,m21,0.25,0.1891,,,0.1176,274.6357,0.0004,1,2880,0.1836,0.2448,b2dd88399ca289658cbef701614e0a6cce89ab6800cfbff6fc0cd1e3de55d6c1,1780.3545,2135.2141,0.0001,61.4016,2034.4792,2600.4365,1,0.0004,71.1628,2482
edge,m21,0.1,0.1364,,,13.828,274.8499,0.0004,0,2880,0.1843,0.0982,b2dd88399ca289658cbef701614e0a6cce89ab6800cfbff6fc0cd1e3de55d6c1,1800.0971,2164.5618,0.0001,61.4016,2393.4779,642.0926,1,0.0,25.1163,2473
edge,m21,0.0,0.1375,,,13.8178,273.3361,0.0004,0,2880,0.1847,0.0005,b2dd88399ca289658cbef701614e0a6cce89ab6800cfbff6fc0cd1e3de55d6c1,1810.2947,2158.9995,0.0001,61.4016,2475.3027,649.3158,1,0.0,25.1163,2467
edge,m21,-0.5,0.1363,0,0,12.4986,268.3069,0.0004,0,2880,0.1845,0.0,b2dd88399ca289658cbef701614e0a6cce89ab6800cfbff6fc0cd1e3de55d6c1,1819.5503,2177.7263,0.0001,61.4016,2410.0793,641.974,0,0.0,25.1163,2436
edge,m21,-1.0,0.136,0,0,11.3287,265.0143,0.0004,0,2880,0.1846,0.0,b2dd88399ca289658cbef701614e0a6cce89ab6800cfbff6fc0cd1e3de55d6c1,1829.6994,2183.6701,0.0001,61.4016,2394.8035,641.2643,0,0.0,25.1163,2406
edge,m21,-2.0,0.1363,0,0,8.8326,257.6021,0.0004,0,2880,0.1848,0.0,b2dd88399ca289658cbef701614e0a6cce89ab6800cfbff6fc0cd1e3de55d6c1,1856.2633,2195.8699,0.0001,61.4016,2410.0793,641.974,0,0.0,25.1163,2344
glare,m21,0.3,0.135,,,17.0,221.9297,0.0005,1,2880,0.1421,15.4531,b2dd88399ca289658cbef701614e0a6cce89ab6800cfbff6fc0cd1e3de55d6c1,1075.2986,1289.5774,0.0001,61.4016,933.272,984.1661,1,0.0001,55.814,3840
glare,m21,0.5,0.1116,,,17.0,206.0979,0.0005,1,2880,0.1178,15.4531,b2dd88399ca289658cbef701614e0a6cce89ab6800cfbff6fc0cd1e3de55d6c1,712.383,854.5781,0.0002,61.4016,615.3189,647.7506,1,0.0002,55.814,3840
glare,m21,0.7,0.0932,,,17.0,193.3003,0.0005,1,2880,0.0985,15.4531,b2dd88399ca289658cbef701614e0a6cce89ab6800cfbff6fc0cd1e3de55d6c1,435.0421,523.0021,0.0006,61.4016,373.0745,392.0021,1,0.0004,55.814,3840
glare,m21,0.85,0.0679,,,30.0,185.6536,0.0006,0,2880,0.0893,15.4531,b2dd88399ca289658cbef701614e0a6cce89ab6800cfbff6fc0cd1e3de55d6c1,284.0724,341.1393,0.0048,61.4016,501.7528,183.1108,1,0.0,27.907,3840
glare,m21,1.0,0.0594,0,0,30.0,179.6869,0.0023,0,2880,0.0862,15.4531,b2dd88399ca289658cbef701614e0a6cce89ab6800cfbff6fc0cd1e3de55d6c1,181.7387,217.9186,0.2476,61.4016,336.6149,122.56,0,0.0003,27.907,3840
glare,m21,1.5,0.1379,0,0,18.2727,169.1416,0.0108,0,2880,0.0563,15.4531,b2dd88399ca289658cbef701614e0a6cce89ab6800cfbff6fc0cd1e3de55d6c1,48.1488,56.6765,0.6636,61.4016,789.8781,828.3394,0,0.0,61.3953,3840
glare,m21,2.5,0.1364,0,0,18.2727,162.092,0.0215,0,2880,0.0106,15.4531,b2dd88399ca289658cbef701614e0a6cce89ab6800cfbff6fc0cd1e3de55d6c1,1.346,1.4086,0.9387,61.4016,762.9199,800.2831,0,0.0,61.3953,3840
glare,m21,4.0,0.1351,0,0,18.2727,157.2664,0.0313,0,2880,0.0,15.4531,b2dd88399ca289658cbef701614e0a6cce89ab6800cfbff6fc0cd1e3de55d6c1,0.0,0.0,1.0,61.4016,725.6704,761.0719,0,0.0,61.3953,3840
motion,m21,0.05,0.1719,,,14.1667,214.5083,0.0004,1,2880,0.1678,15.4531,b2dd88399ca289658cbef701614e0a6cce89ab6800cfbff6fc0cd1e3de55d6c1,493.5872,1200.0216,0.0,61.4016,517.393,1454.5788,1,0.0,66.9767,3840
motion,m21,0.1,0.1511,,,14.1667,139.4151,0.0002,1,2880,0.1495,15.4531,b2dd88399ca289658cbef701614e0a6cce89ab6800cfbff6fc0cd1e3de55d6c1,225.7703,548.4542,0.0,61.4016,219.7955,612.8237,1,0.0,66.9767,3840
motion,m21,0.15,0.1359,,,14.1667,90.1542,0.0001,1,2880,0.1352,15.4531,b2dd88399ca289658cbef701614e0a6cce89ab6800cfbff6fc0cd1e3de55d6c1,155.5635,366.4368,0.0,61.4016,148.3755,380.8296,1,0.0,66.9767,3840
motion,m21,0.2,0.1246,,,14.1667,66.3036,0.0,1,2880,0.1241,15.4531,b2dd88399ca289658cbef701614e0a6cce89ab6800cfbff6fc0cd1e3de55d6c1,123.8045,279.0882,0.0,61.4016,117.2005,277.8851,1,0.0,66.9767,3840
motion,m21,0.3,0.1108,,,13.0,46.9974,0.0,1,2880,0.1096,15.4531,b2dd88399ca289658cbef701614e0a6cce89ab6800cfbff6fc0cd1e3de55d6c1,93.1826,208.349,0.0,61.4016,81.1465,221.1815,1,0.0,72.5581,3840
motion,m21,0.4,0.1004,,,14.1667,36.4177,0.0,1,2880,0.0988,15.4531,b2dd88399ca289658cbef701614e0a6cce89ab6800cfbff6fc0cd1e3de55d6c1,75.2343,167.6592,0.0,61.4016,69.3429,158.1517,1,0.0,66.9767,3840
motion,m21,0.5,0.0948,0,0,14.1274,31.4472,0.0,0,2880,0.0928,15.4531,b2dd88399ca289658cbef701614e0a6cce89ab6800cfbff6fc0cd1e3de55d6c1,65.6495,145.921,0.0,61.4016,60.36,137.442,0,0.0,67.1628,3840
motion,m21,0.7,0.0894,0,0,14.1667,25.287,0.0,0,2880,0.0858,15.4531,b2dd88399ca289658cbef701614e0a6cce89ab6800cfbff6fc0cd1e3de55d6c1,53.5765,120.2121,0.0,61.4016,54.6711,128.941,0,0.0,66.9767,3840
motion,m21,1.0,,0,0,,20.4085,0.0,,2880,0.0811,15.4531,b2dd88399ca289658cbef701614e0a6cce89ab6800cfbff6fc0cd1e3de55d6c1,44.4029,101.9979,0.0,61.4016,,,0,,,3840
scale,m21,48,0.1751,,,15.3636,253.5419,0.0005,1,2251,0.1826,15.4531,b2dd88399ca289658cbef701614e0a6cce89ab6800cfbff6fc0cd1e3de55d6c1,2589.6988,2133.0046,0.0001,47.9913,2404.6642,1825.8116,1,0.0003,47.9864,3002
scale,m21,40,0.1803,,,15.4545,254.7873,0.0005,1,1876,0.1803,15.4531,b2dd88399ca289658cbef701614e0a6cce89ab6800cfbff6fc0cd1e3de55d6c1,3268.3623,1978.742,0.0002,39.9963,3268.3623,1978.742,1,0.0002,39.9922,2502
scale,m21,32,0.1713,,,15.3636,256.5195,0.0004,1,1501,0.1781,15.4531,b2dd88399ca289658cbef701614e0a6cce89ab6800cfbff6fc0cd1e3de55d6c1,4038.0943,4038.0943,0.0003,32.0013,3544.2273,3544.2273,1,0.0001,31.9981,2001
scale,m21,26,0.1664,,,15.3636,254.3178,0.0004,1,1220,0.1716,15.4531,b2dd88399ca289658cbef701614e0a6cce89ab6800cfbff6fc0cd1e3de55d6c1,3974.4889,1160.8744,0.0,26.0104,3632.7765,1053.4243,1,0.0,26.0078,1626
scale,m21,22,0.1653,,,15.3636,247.3507,0.0004,1,1032,0.1712,15.4531,b2dd88399ca289658cbef701614e0a6cce89ab6800cfbff6fc0cd1e3de55d6c1,4565.1965,841.9815,0.0,22.0022,4012.916,715.6098,1,0.0,22.0,1376
scale,m21,18,0.1649,,,13.8,227.5198,0.0003,1,844,0.1668,15.4531,b2dd88399ca289658cbef701614e0a6cce89ab6800cfbff6fc0cd1e3de55d6c1,5297.2714,530.2105,0.0,17.9941,5242.7135,738.6828,1,0.0,20.0,1126
scale,m21,15,0.1569,,,14.375,488.7796,0.0003,1,704,0.1618,15.4531,b2dd88399ca289658cbef701614e0a6cce89ab6800cfbff6fc0cd1e3de55d6c1,6721.1591,390.5911,0.0,15.0093,6053.029,316.0993,1,0.0,16.0,938
scale,m21,12,0.1528,,,13.1429,561.3766,0.0003,1,563,0.1522,15.4531,b2dd88399ca289658cbef701614e0a6cce89ab6800cfbff6fc0cd1e3de55d6c1,8101.9031,219.5997,0.0,12.0032,8024.7678,342.8441,1,0.0,13.9752,750
scale,m21,10,0.1475,,,12.8333,615.0299,0.0002,1,469,0.1457,15.4531,b2dd88399ca289658cbef701614e0a6cce89ab6800cfbff6fc0cd1e3de55d6c1,9778.3843,135.9193,0.0,9.9991,9111.832,232.7428,1,0.0,11.9745,625
scale,m21,8,0.1362,1,1,4.6154,672.2699,0.0002,0,375,0.1359,15.4531,b2dd88399ca289658cbef701614e0a6cce89ab6800cfbff6fc0cd1e3de55d6c1,10445.8868,51.9245,0.0,7.995,6210.5218,1684.1823,0,0.0,25.9309,500
scale,m21,6,0.0912,0,0,22.6667,754.7072,0.0001,0,281,0.1139,15.4531,b2dd88399ca289658cbef701614e0a6cce89ab6800cfbff6fc0cd1e3de55d6c1,9665.7547,23.2241,0.0,5.9909,5705.6397,12.3751,0,0.0,5.9787,375
blur,m22,0.02,0.2093,,,14.8682,66.2757,0.0057,1,2884,0.21,15.178,d707fbf31f1ba58c743969b869a44cd937b7344a96c1b6c17bf7734d84428a91,14.1377,274.929,0.0065,78.2718,14.0808,289.3271,1,0.0072,79.8554,3840
blur,m22,0.04,0.1881,,,14.4853,21.74,0.0049,1,2884,0.1898,15.178,d707fbf31f1ba58c743969b869a44cd937b7344a96c1b6c17bf7734d84428a91,5.1237,98.1416,0.0054,78.2718,5.0448,113.0668,1,0.0061,81.8957,3840
blur,m22,0.06,0.1693,,,14.1333,7.9973,0.0042,1,2884,0.17,15.178,d707fbf31f1ba58c743969b869a44cd937b7344a96c1b6c17bf7734d84428a91,2.7823,35.655,0.0051,78.2718,2.7126,43.3575,1,0.0107,83.675,3840
blur,m22,0.08,0.1515,,,12.5483,3.4238,0.0035,1,2884,0.1535,15.178,d707fbf31f1ba58c743969b869a44cd937b7344a96c1b6c17bf7734d84428a91,1.9578,12.5941,0.0045,78.2718,1.8205,21.3607,1,0.0156,93.6256,3840
blur,m22,0.1,0.1376,,,11.9332,1.7136,0.0028,1,2884,0.1401,15.178,d707fbf31f1ba58c743969b869a44cd937b7344a96c1b6c17bf7734d84428a91,1.7021,4.9197,0.0039,78.2718,1.5444,9.7043,1,0.015,98.4819,3840
blur,m22,0.13,0.1228,0,0,13.1829,0.7812,0.0022,0,2884,0.1234,15.178,d707fbf31f1ba58c743969b869a44cd937b7344a96c1b6c17bf7734d84428a91,1.6699,1.7608,0.0031,78.2718,1.6115,2.7475,0,0.0005,89.2824,3840
blur,m22,0.16,0.1106,0,0,5.5018,0.4482,0.0018,0,2884,0.1088,15.178,d707fbf31f1ba58c743969b869a44cd937b7344a96c1b6c17bf7734d84428a91,1.6411,0.8391,0.0018,78.2718,1.3037,5.9221,0,0.0,175.2011,3840
blur,m22,0.2,0.097,0,0,5.5388,0.2685,0.0013,0,2884,0.0921,15.178,d707fbf31f1ba58c743969b869a44cd937b7344a96c1b6c17bf7734d84428a91,1.577,0.4003,0.0004,78.2718,1.2873,2.1807,0,0.0,175.0516,3840
blur,m22,0.25,,0,0,,0.1813,0.0007,,2884,0.075,15.178,d707fbf31f1ba58c743969b869a44cd937b7344a96c1b6c17bf7734d84428a91,1.5796,0.2095,0.0,78.2718,,,0,,,3840
blur,m22,0.3,,0,0,,0.1457,0.0002,,2884,0.0615,15.178,d707fbf31f1ba58c743969b869a44cd937b7344a96c1b6c17bf7734d84428a91,1.5308,0.1472,0.0,78.2718,,,0,,,3840
edge,m22,2.0,0.2236,,,2.0942,105.327,0.0069,1,2884,0.2206,1.997,d707fbf31f1ba58c743969b869a44cd937b7344a96c1b6c17bf7734d84428a91,114.5526,584.0294,0.0115,78.2718,118.2168,567.7752,1,0.0109,76.0,2534
edge,m22,1.0,0.2212,,,0.9962,106.722,0.0068,1,2884,0.2206,1.0005,d707fbf31f1ba58c743969b869a44cd937b7344a96c1b6c17bf7734d84428a91,114.5526,584.0294,0.0115,78.2718,116.3243,627.501,1,0.0127,79.5917,2456
edge,m22,0.5,0.2236,,,0.5512,107.6044,0.0064,1,2884,0.2206,0.5022,d707fbf31f1ba58c743969b869a44cd937b7344a96c1b6c17bf7734d84428a91,114.5526,584.0294,0.0115,78.2718,118.2168,567.7752,1,0.0109,76.0,2417
edge,m22,0.25,0.2236,,,0.2757,108.0488,0.0061,1,2884,0.2206,0.2467,d707fbf31f1ba58c743969b869a44cd937b7344a96c1b6c17bf7734d84428a91,114.5526,584.0294,0.0115,78.2718,118.1527,569.0407,1,0.0114,76.0,2397
edge,m22,0.1,0.2239,,,0.108,108.3652,0.0059,1,2884,0.2216,0.1062,d707fbf31f1ba58c743969b869a44cd937b7344a96c1b6c17bf7734d84428a91,116.6718,593.8429,0.0066,78.2718,119.6567,597.8676,1,0.0072,76.7021,2386
edge,m22,0.0,0.2248,,,0.1102,108.71,0.0057,1,2884,0.2224,0.004,d707fbf31f1ba58c743969b869a44cd937b7344a96c1b6c17bf7734d84428a91,118.3342,605.9947,0.0044,78.2718,121.3378,586.906,1,0.0046,76.0,2378
edge,m22,-0.5,0.2073,,,6.5421,108.9763,0.0051,1,2884,0.2226,0.0,d707fbf31f1ba58c743969b869a44cd937b7344a96c1b6c17bf7734d84428a91,118.3007,598.5804,0.0021,78.2718,209.873,449.9091,1,0.0,52.5054,2339
edge,m22,-1.0,0.2068,,,5.9863,108.8777,0.0043,1,2884,0.221,0.0,d707fbf31f1ba58c743969b869a44cd937b7344a96c1b6c17bf7734d84428a91,117.8089,596.3022,0.0005,78.2718,207.424,426.0099,1,0.0,51.0531,2299
edge,m22,-2.0,0.2069,,,4.4419,106.2538,0.0032,1,2884,0.2222,0.0,d707fbf31f1ba58c743969b869a44cd937b7344a96c1b6c17bf7734d84428a91,116.8237,590.7792,0.0005,78.2718,207.4799,423.0336,1,0.0,50.9302,2221
glare,m22,0.3,0.1737,,,15.1758,110.9873,0.007,1,2884,0.1737,15.178,d707fbf31f1ba58c743969b869a44cd937b7344a96c1b6c17bf7734d84428a91,73.7686,360.8898,0.0182,78.2718,73.7686,360.8898,1,0.0182,78.2824,3840
glare,m22,0.5,0.1442,,,15.1758,106.9046,0.0074,1,2884,0.1442,15.178,d707fbf31f1ba58c743969b869a44cd937b7344a96c1b6c17bf7734d84428a91,51.0896,244.6717,0.0361,78.2718,51.0896,244.6717,1,0.0361,78.2824,3840
glare,m22,0.7,0.117,,,15.0561,103.4647,0.0085,1,2884,0.117,15.178,d707fbf31f1ba58c743969b869a44cd937b7344a96c1b6c17bf7734d84428a91,33.5533,154.6738,0.1278,78.2718,33.5533,155.5899,1,0.1278,78.891,3840
glare,m22,0.85,0.099,,,14.9331,101.3275,0.01,1,2884,0.0994,15.178,d707fbf31f1ba58c743969b869a44cd937b7344a96c1b6c17bf7734d84428a91,23.4719,104.1712,0.2865,78.2718,23.3437,106.6393,1,0.2875,79.5196,3840
glare,m22,1.0,0.2009,,,16.314,99.5805,0.0118,1,2884,0.086,15.178,d707fbf31f1ba58c743969b869a44cd937b7344a96c1b6c17bf7734d84428a91,16.1709,68.1822,0.4616,78.2718,182.8117,364.5846,1,0.0,50.9262,3840
glare,m22,1.5,0.1994,,,16.314,95.7717,0.017,1,2884,0.0466,15.178,d707fbf31f1ba58c743969b869a44cd937b7344a96c1b6c17bf7734d84428a91,4.6262,16.0899,0.7399,78.2718,180.1043,358.6329,1,0.0,50.9262,3840
glare,m22,2.5,0.1971,,,15.865,91.6747,0.0228,1,2884,0.004,15.178,d707fbf31f1ba58c743969b869a44cd937b7344a96c1b6c17bf7734d84428a91,0.3354,0.1274,0.9951,78.2718,178.4048,389.2468,1,0.0,52.3234,3840
glare,m22,4.0,0.1925,,,16.314,87.7093,0.0274,1,2884,0.0,15.178,d707fbf31f1ba58c743969b869a44cd937b7344a96c1b6c17bf7734d84428a91,0.0,0.0,1.0,78.2718,167.3308,333.033,1,0.0,50.9262,3840
motion,m22,0.05,0.2164,,,14.9284,97.4859,0.0063,1,2884,0.217,15.178,d707fbf31f1ba58c743969b869a44cd937b7344a96c1b6c17bf7734d84428a91,48.5408,451.0798,0.0093,78.2718,48.1448,462.4899,1,0.0098,79.544,3840
motion,m22,0.1,0.209,,,15.0358,64.1939,0.0057,1,2884,0.2091,15.178,d707fbf31f1ba58c743969b869a44cd937b7344a96c1b6c17bf7734d84428a91,29.6805,295.1013,0.0076,78.2718,29.6323,297.1646,1,0.0081,78.9937,3840
motion,m22,0.15,0.1995,,,15.1758,45.8347,0.0052,1,2884,0.1995,15.178,d707fbf31f1ba58c743969b869a44cd937b7344a96c1b6c17bf7734d84428a91,22.581,217.7265,0.0064,78.2718,22.581,217.7265,1,0.0064,78.2824,3840
motion,m22,0.2,0.1883,,,14.6542,36.6952,0.0048,1,2884,0.19,15.178,d707fbf31f1ba58c743969b869a44cd937b7344a96c1b6c17bf7734d84428a91,18.1269,164.5729,0.0053,78.2718,17.5852,175.1979,1,0.0092,80.9829,3840
motion,m22,0.3,0.1783,,,16.274,28.9079,0.0042,1,2884,0.1764,15.178,d707fbf31f1ba58c743969b869a44cd937b7344a96c1b6c17bf7734d84428a91,13.873,117.0385,0.0054,78.2718,14.2439,97.7274,1,0.008,73.0,3840
motion,m22,0.4,0.1651,,,16.274,24.6603,0.0036,1,2884,0.1654,15.178,d707fbf31f1ba58c743969b869a44cd937b7344a96c1b6c17bf7734d84428a91,11.3719,93.7383,0.0049,78.2718,11.5334,77.0259,1,0.007,73.0,3840
motion,m22,0.5,0.148,0,0,5.2336,22.2008,0.0032,0,2884,0.1565,15.178,d707fbf31f1ba58c743969b869a44cd937b7344a96c1b6c17bf7734d84428a91,9.7594,78.5051,0.0044,78.2718,7.217,258.302,0,0.0,182.5757,3840
motion,m22,0.7,,0,0,,19.1239,0.0025,,2884,0.1442,15.178,d707fbf31f1ba58c743969b869a44cd937b7344a96c1b6c17bf7734d84428a91,7.8214,61.0957,0.0031,78.2718,,,0,,,3840
motion,m22,1.0,,0,0,,16.7043,0.0017,,2884,0.1358,15.178,d707fbf31f1ba58c743969b869a44cd937b7344a96c1b6c17bf7734d84428a91,6.4032,50.2248,0.0018,78.2718,,,0,,,3840
scale,m22,48,0.219,,,14.7802,119.8625,0.0066,1,1769,0.2204,15.178,d707fbf31f1ba58c743969b869a44cd937b7344a96c1b6c17bf7734d84428a91,344.9799,569.3496,0.0105,48.0107,340.6099,618.5705,1,0.012,49.2643,2355
scale,m22,40,0.2194,,,14.9548,120.3196,0.0065,1,1474,0.2209,15.178,d707fbf31f1ba58c743969b869a44cd937b7344a96c1b6c17bf7734d84428a91,539.0177,589.1739,0.0101,40.0044,529.5308,602.0544,1,0.0099,40.5851,1962
scale,m22,32,0.22,,,14.8625,120.4499,0.0063,1,1179,0.2201,15.178,d707fbf31f1ba58c743969b869a44cd937b7344a96c1b6c17bf7734d84428a91,907.0295,907.0295,0.0085,31.9981,914.6527,575.0178,1,0.0089,32.6577,1570
scale,m22,26,0.2195,,,14.8043,116.5286,0.0061,1,958,0.2203,15.178,d707fbf31f1ba58c743969b869a44cd937b7344a96c1b6c17bf7734d84428a91,1482.7266,468.5623,0.0085,26.0001,1481.4357,517.4365,1,0.0128,26.5939,1276
scale,m22,22,0.2136,,,13.9167,113.0758,0.006,1,811,0.2192,15.178,d707fbf31f1ba58c743969b869a44cd937b7344a96c1b6c17bf7734d84428a91,2050.1167,372.6303,0.0074,22.0105,1991.6607,482.4275,1,0.0087,23.9704,1079
scale,m22,18,0.2225,,,15.1111,260.558,0.0059,1,663,0.2187,15.178,d707fbf31f1ba58c743969b869a44cd937b7344a96c1b6c17bf7734d84428a91,3137.8511,308.8411,0.0057,17.9938,3716.6416,361.6474,1,0.0107,17.9729,883
scale,m22,15,0.2177,,,14.125,327.0455,0.0059,1,553,0.2173,15.178,d707fbf31f1ba58c743969b869a44cd937b7344a96c1b6c17bf7734d84428a91,4868.3346,257.3646,0.0052,15.0084,5504.9589,273.5125,1,0.0111,15.9711,736
scale,m22,12,0.2171,,,15.1667,427.3703,0.0058,1,442,0.2171,15.178,d707fbf31f1ba58c743969b869a44cd937b7344a96c1b6c17bf7734d84428a91,8501.3382,226.7247,0.0135,11.9959,8501.3382,226.7247,1,0.0135,12.0,589
scale,m22,10,0.214,,,15.2,515.8119,0.0058,1,368,0.2133,15.178,d707fbf31f1ba58c743969b869a44cd937b7344a96c1b6c17bf7734d84428a91,12189.2463,179.7693,0.0172,9.9875,12394.553,180.8319,1,0.0142,10.0,491
scale,m22,8,0.1974,,,12.0,601.6633,0.0055,1,295,0.2027,15.178,d707fbf31f1ba58c743969b869a44cd937b7344a96c1b6c17bf7734d84428a91,16009.444,76.7291,0.0306,8.0063,13670.3873,179.7811,1,0.0269,9.9662,392
scale,m22,6,,0,0,,673.0373,0.0059,,221,0.1851,15.178,d707fbf31f1ba58c743969b869a44cd937b7344a96c1b6c17bf7734d84428a91,15060.9791,33.0168,0.039,5.9979,,,0,,,294
blur,m23,0.02,0.1158,,,3.7434,114.0553,0.0064,0,2884,0.11,13.7633,33b0ec22b59e52d2fbb8c594f43d8bc712b5d6826ab8c5e2c4064c8d102240a9,4.9042,57.6925,0.0,75.6762,5.9511,266.784,1,0.0,135.736,3840
blur,m23,0.04,0.1111,,,3.5727,38.9676,0.0047,0,2884,0.1009,13.7633,33b0ec22b59e52d2fbb8c594f43d8bc712b5d6826ab8c5e2c4064c8d102240a9,2.6933,21.6199,0.0,75.6762,2.6629,95.6863,1,0.0,141.1451,3840
blur,m23,0.06,0.0923,,,14.3077,14.7403,0.004,1,2884,0.0914,13.7633,33b0ec22b59e52d2fbb8c594f43d8bc712b5d6826ab8c5e2c4064c8d102240a9,1.9031,8.2488,0.0,75.6762,1.9245,7.3906,1,0.0,72.5184,3840
blur,m23,0.08,,0,0,,6.6286,0.0034,,2884,0.0826,13.7633,33b0ec22b59e52d2fbb8c594f43d8bc712b5d6826ab8c5e2c4064c8d102240a9,1.6288,3.5087,0.0,75.6762,,,0,,,3840
blur,m23,0.1,,0,0,,3.4678,0.003,,2884,0.0751,13.7633,33b0ec22b59e52d2fbb8c594f43d8bc712b5d6826ab8c5e2c4064c8d102240a9,1.5336,1.7031,0.0,75.6762,,,0,,,3840
blur,m23,0.13,,0,0,,1.5585,0.0024,,2884,0.0655,13.7633,33b0ec22b59e52d2fbb8c594f43d8bc712b5d6826ab8c5e2c4064c8d102240a9,1.4553,0.699,0.0,75.6762,,,0,,,3840
blur,m23,0.16,,0,0,,0.835,0.002,,2884,0.0577,13.7633,33b0ec22b59e52d2fbb8c594f43d8bc712b5d6826ab8c5e2c4064c8d102240a9,1.4622,0.3612,0.0,75.6762,,,0,,,3840
blur,m23,0.2,,0,0,,0.447,0.0015,,2884,0.0496,13.7633,33b0ec22b59e52d2fbb8c594f43d8bc712b5d6826ab8c5e2c4064c8d102240a9,1.4109,0.2179,0.0,75.6762,,,0,,,3840
blur,m23,0.25,,0,0,,0.2608,0.0009,,2884,0.0421,13.7633,33b0ec22b59e52d2fbb8c594f43d8bc712b5d6826ab8c5e2c4064c8d102240a9,1.4869,0.1502,0.0,75.6762,,,0,,,3840
blur,m23,0.3,,0,0,,0.1856,0.0001,,2884,0.0381,13.7633,33b0ec22b59e52d2fbb8c594f43d8bc712b5d6826ab8c5e2c4064c8d102240a9,1.3251,0.1389,0.0,75.6762,,,0,,,3840
edge,m23,2.0,0.1149,,,0.3121,175.9076,0.0145,0,2884,0.1142,1.999,33b0ec22b59e52d2fbb8c594f43d8bc712b5d6826ab8c5e2c4064c8d102240a9,28.7739,105.5562,0.0,75.6762,56.2644,429.0831,1,0.0,127.4326,2174
edge,m23,1.0,0.0928,,,-0.0254,179.743,0.015,0,2884,0.1142,0.9948,33b0ec22b59e52d2fbb8c594f43d8bc712b5d6826ab8c5e2c4064c8d102240a9,28.7739,105.5562,0.0,75.6762,56.6935,422.2938,1,0.0,116.5337,2098
edge,m23,0.5,0.1146,,,0.544,181.276,0.0153,1,2884,0.1142,0.5058,33b0ec22b59e52d2fbb8c594f43d8bc712b5d6826ab8c5e2c4064c8d102240a9,28.7739,105.5562,0.0,75.6762,29.4354,100.3046,1,0.0,72.8565,2061
edge,m23,0.25,0.1212,,,0.2679,182.0743,0.0154,1,2884,0.1142,0.2548,33b0ec22b59e52d2fbb8c594f43d8bc712b5d6826ab8c5e2c4064c8d102240a9,28.7739,105.5562,0.0,75.6762,30.1142,68.0476,1,0.0,59.492,2042
edge,m23,0.1,0.1216,,,0.1908,182.315,0.0155,1,2884,0.1146,0.0962,33b0ec22b59e52d2fbb8c594f43d8bc712b5d6826ab8c5e2c4064c8d102240a9,28.8929,107.9347,0.0,75.6762,30.1468,69.868,1,0.0,59.6629,2030
edge,m23,0.0,0.1231,,,0.1196,182.7954,0.0156,1,2884,0.1148,0.0037,33b0ec22b59e52d2fbb8c594f43d8bc712b5d6826ab8c5e2c4064c8d102240a9,28.9942,109.3954,0.0,75.6762,30.2931,67.7692,1,0.0,58.2555,2023
edge,m23,-0.5,0.1219,0,1,0.0514,183.2665,0.0159,0,2884,0.1135,0.0,33b0ec22b59e52d2fbb8c594f43d8bc712b5d6826ab8c5e2c4064c8d102240a9,29.0654,107.9342,0.0,75.6762,30.3199,66.558,0,0.0,58.2209,1985
edge,m23,-1.0,0.1229,1,1,0.0469,184.3889,0.0162,0,2884,0.1142,0.0,33b0ec22b59e52d2fbb8c594f43d8bc712b5d6826ab8c5e2c4064c8d102240a9,29.4074,109.8234,0.0,75.6762,30.991,66.9484,0,0.0,58.2209,1947
edge,m23,-2.0,0.1176,0,0,0.0664,185.4255,0.0168,0,2884,0.1123,0.0,33b0ec22b59e52d2fbb8c594f43d8bc712b5d6826ab8c5e2c4064c8d102240a9,28.7115,104.2709,0.0,75.6762,29.6583,74.7478,0,0.0,63.0349,1871
glare,m23,0.3,0.1199,,,3.6276,193.6834,0.0089,0,2884,0.0878,13.7633,33b0ec22b59e52d2fbb8c594f43d8bc712b5d6826ab8c5e2c4064c8d102240a9,20.1557,64.1498,0.0,75.6762,54.463,439.7465,1,0.0,139.4713,3840
glare,m23,0.5,0.1199,,,3.6276,193.1514,0.0089,0,2884,0.0722,13.7633,33b0ec22b59e52d2fbb8c594f43d8bc712b5d6826ab8c5e2c4064c8d102240a9,14.6431,42.9189,0.0,75.6762,54.463,439.7465,1,0.0,139.4713,3840
glare,m23,0.7,0.1199,,,3.6276,192.6935,0.0089,0,2884,0.0597,13.7633,33b0ec22b59e52d2fbb8c594f43d8bc712b5d6826ab8c5e2c4064c8d102240a9,10.3147,26.6485,0.0,75.6762,54.463,439.7465,1,0.0,139.4713,3840
glare,m23,0.85,0.1199,,,3.6276,192.4091,0.0089,0,2884,0.0536,13.7633,33b0ec22b59e52d2fbb8c594f43d8bc712b5d6826ab8c5e2c4064c8d102240a9,7.7065,17.685,0.0049,75.6762,54.463,439.7465,1,0.0,139.4713,3840
glare,m23,1.0,0.1199,0,0,3.6276,192.1807,0.0099,0,2884,0.0516,13.7633,33b0ec22b59e52d2fbb8c594f43d8bc712b5d6826ab8c5e2c4064c8d102240a9,5.7783,11.68,0.2612,75.6762,54.463,439.7465,0,0.0,139.4713,3840
glare,m23,1.5,0.1199,0,0,3.6276,191.6567,0.0125,0,2884,0.035,13.7633,33b0ec22b59e52d2fbb8c594f43d8bc712b5d6826ab8c5e2c4064c8d102240a9,2.2396,3.3178,0.6247,75.6762,54.463,439.7465,0,0.0,139.4713,3840
glare,m23,2.5,0.1199,0,0,3.6276,191.076,0.0165,0,2884,0.0111,13.7633,33b0ec22b59e52d2fbb8c594f43d8bc712b5d6826ab8c5e2c4064c8d102240a9,0.3919,0.1906,0.9245,75.6762,54.463,439.7465,0,0.0,139.4713,3840
glare,m23,4.0,0.1199,0,0,3.6276,190.6318,0.0201,0,2884,0.0,13.7633,33b0ec22b59e52d2fbb8c594f43d8bc712b5d6826ab8c5e2c4064c8d102240a9,0.0,0.0,1.0,75.6762,54.463,439.7465,0,0.0,139.4713,3840
motion,m23,0.05,0.118,,,3.6276,162.0648,0.0078,0,2884,0.1124,13.7633,33b0ec22b59e52d2fbb8c594f43d8bc712b5d6826ab8c5e2c4064c8d102240a9,12.287,80.5155,0.0,75.6762,20.2751,373.2384,1,0.0,139.4713,3840
motion,m23,0.1,0.1152,,,3.6276,105.9171,0.0063,0,2884,0.1083,13.7633,33b0ec22b59e52d2fbb8c594f43d8bc712b5d6826ab8c5e2c4064c8d102240a9,7.6261,50.0946,0.0,75.6762,11.3312,242.3594,1,0.0,139.4713,3840
motion,m23,0.15,0.1139,,,3.5727,78.2445,0.0055,0,2884,0.1046,13.7633,33b0ec22b59e52d2fbb8c594f43d8bc712b5d6826ab8c5e2c4064c8d102240a9,6.0124,35.8589,0.0,75.6762,8.7682,171.6464,1,0.0,141.1451,3840
motion,m23,0.2,0.1114,,,3.6132,57.3533,0.0049,0,2884,0.0995,13.7633,33b0ec22b59e52d2fbb8c594f43d8bc712b5d6826ab8c5e2c4064c8d102240a9,4.8575,24.91,0.0,75.6762,7.047,119.0433,1,0.0,140.4796,3840
motion,m23,0.3,0.1078,0,0,3.7609,38.0542,0.004,0,2884,0.0909,13.7633,33b0ec22b59e52d2fbb8c594f43d8bc712b5d6826ab8c5e2c4064c8d102240a9,3.7038,16.1543,0.0,75.6762,5.3249,69.1563,0,0.0,135.5657,3840
motion,m23,0.4,,0,0,,29.894,0.0034,,2884,0.0853,13.7633,33b0ec22b59e52d2fbb8c594f43d8bc712b5d6826ab8c5e2c4064c8d102240a9,3.2182,12.9414,0.0,75.6762,,,0,,,3840
motion,m23,0.5,,0,0,,24.3529,0.0029,,2884,0.0811,13.7633,33b0ec22b59e52d2fbb8c594f43d8bc712b5d6826ab8c5e2c4064c8d102240a9,2.8722,10.8195,0.0,75.6762,,,0,,,3840
motion,m23,0.7,,0,0,,18.4785,0.0021,,2884,0.0769,13.7633,33b0ec22b59e52d2fbb8c594f43d8bc712b5d6826ab8c5e2c4064c8d102240a9,2.5253,8.7719,0.0,75.6762,,,0,,,3840
motion,m23,1.0,,0,0,,13.8459,0.0012,,2884,0.0716,13.7633,33b0ec22b59e52d2fbb8c594f43d8bc712b5d6826ab8c5e2c4064c8d102240a9,2.1261,6.8525,0.0,75.6762,,,0,,,3840
scale,m23,48,0.1195,,,3.6278,196.7863,0.0088,0,1829,0.1143,13.7633,33b0ec22b59e52d2fbb8c594f43d8bc712b5d6826ab8c5e2c4064c8d102240a9,70.9887,106.7673,0.0,47.993,121.0907,441.675,1,0.0,88.4473,2436
scale,m23,40,0.1194,,,3.6273,198.2859,0.0087,0,1524,0.1139,13.7633,33b0ec22b59e52d2fbb8c594f43d8bc712b5d6826ab8c5e2c4064c8d102240a9,102.5197,107.3833,0.0,39.9898,171.811,444.2619,1,0.0,73.7062,2030
scale,m23,32,0.1193,,,3.6278,198.5571,0.0086,0,1220,0.1144,13.7633,33b0ec22b59e52d2fbb8c594f43d8bc712b5d6826ab8c5e2c4064c8d102240a9,162.7223,162.7223,0.0,32.0128,269.8532,446.5468,1,0.0,58.9971,1624
scale,m23,26,0.1196,,,3.6276,194.9471,0.0083,0,991,0.1139,13.7633,33b0ec22b59e52d2fbb8c594f43d8bc712b5d6826ab8c5e2c4064c8d102240a9,270.9651,88.9979,0.0,26.0038,413.9028,444.3348,1,0.0,47.7518,1319
scale,m23,22,0.1188,,,3.4904,189.3792,0.008,0,838,0.1139,13.7633,33b0ec22b59e52d2fbb8c594f43d8bc712b5d6826ab8c5e2c4064c8d102240a9,419.6658,77.8143,0.0,21.9891,565.5803,452.6857,1,0.0,41.6,1116
scale,m23,18,0.1212,,,3.1784,427.0542,0.0075,0,686,0.1135,13.7633,33b0ec22b59e52d2fbb8c594f43d8bc712b5d6826ab8c5e2c4064c8d102240a9,727.4,70.7848,0.0,18.0006,719.9694,432.1205,1,0.0,37.0,913
scale,m23,15,0.1233,,,3.2566,545.1918,0.0071,0,572,0.1136,13.7633,33b0ec22b59e52d2fbb8c594f43d8bc712b5d6826ab8c5e2c4064c8d102240a9,1179.8265,61.163,0.0,15.0093,917.6248,378.8397,1,0.0,30.4,761
scale,m23,12,,0,0,,707.1744,0.0066,,457,0.1125,13.7633,33b0ec22b59e52d2fbb8c594f43d8bc712b5d6826ab8c5e2c4064c8d102240a9,1923.5803,49.3138,0.0,11.9917,,,0,,,609
scale,m23,10,,0,0,,845.4521,0.0061,,381,0.1106,13.7633,33b0ec22b59e52d2fbb8c594f43d8bc712b5d6826ab8c5e2c4064c8d102240a9,2676.1358,38.3832,0.0,9.9974,,,0,,,507
scale,m23,8,,0,0,,1029.7825,0.0056,,305,0.108,13.7633,33b0ec22b59e52d2fbb8c594f43d8bc712b5d6826ab8c5e2c4064c8d102240a9,3735.5238,18.303,0.0,8.0032,,,0,,,406
scale,m23,6,,0,0,,1300.4276,0.0052,,229,0.1016,13.7633,33b0ec22b59e52d2fbb8c594f43d8bc712b5d6826ab8c5e2c4064c8d102240a9,4588.5243,11.5845,0.0,6.009,,,0,,,304
blur,m25,0.02,0.1214,,,2.7788,12.5576,0.0,1,1932,0.1217,2.8078,94b4e2ccc3ee6ea3ce2bb5d5f35425a448cbcec74688d984fb9efaba5e52f3b7,2.6592,347.819,0.0,166.152,2.6575,356.409,1,0.0,167.6179,2580
blur,m25,0.04,0.1013,,,3.0402,1.2492,0.0,1,1932,0.0995,2.8078,94b4e2ccc3ee6ea3ce2bb5d5f35425a448cbcec74688d984fb9efaba5e52f3b7,1.5938,63.7122,0.0,166.152,1.63,53.5401,1,0.0,156.3036,2580
blur,m25,0.06,0.0786,,,2.2346,0.4091,0.0,1,1932,0.0824,2.8078,94b4e2ccc3ee6ea3ce2bb5d5f35425a448cbcec74688d984fb9efaba5e52f3b7,1.4666,16.8637,0.0,166.152,1.4643,27.6836,1,0.0,196.8601,2580
blur,m25,0.08,0.0675,,,2.2994,0.2378,0.0,1,1932,0.0696,2.8078,94b4e2ccc3ee6ea3ce2bb5d5f35425a448cbcec74688d984fb9efaba5e52f3b7,1.4252,5.4885,0.0,166.152,1.4136,8.3509,1,0.0,190.4837,2580
blur,m25,0.1,,0,0,,0.1777,0.0,,1932,0.0601,2.8078,94b4e2ccc3ee6ea3ce2bb5d5f35425a448cbcec74688d984fb9efaba5e52f3b7,1.4298,1.9917,0.0,166.152,,,0,,,2580
blur,m25,0.13,,0,0,,0.1446,0.0,,1932,0.0503,2.8078,94b4e2ccc3ee6ea3ce2bb5d5f35425a448cbcec74688d984fb9efaba5e52f3b7,1.394,0.6025,0.0,166.152,,,0,,,2580
blur,m25,0.16,,0,0,,0.1337,0.0,,1932,0.0436,2.8078,94b4e2ccc3ee6ea3ce2bb5d5f35425a448cbcec74688d984fb9efaba5e52f3b7,1.1673,0.2632,0.0,166.152,,,0,,,2580
blur,m25,0.2,,0,0,,0.128,0.0,,1932,0.0377,2.8078,94b4e2ccc3ee6ea3ce2bb5d5f35425a448cbcec74688d984fb9efaba5e52f3b7,0.8685,0.1436,0.0,166.152,,,0,,,2580
blur,m25,0.25,,0,0,,0.1284,0.0,,1932,0.0335,2.8078,94b4e2ccc3ee6ea3ce2bb5d5f35425a448cbcec74688d984fb9efaba5e52f3b7,0.6346,0.1233,0.0,166.152,,,0,,,2580
blur,m25,0.3,,0,0,,0.1331,0.0,,1932,0.0315,2.8078,94b4e2ccc3ee6ea3ce2bb5d5f35425a448cbcec74688d984fb9efaba5e52f3b7,0.5298,0.1292,0.0,166.152,,,0,,,2580
edge,m25,2.0,0.1479,,,1.905,281.7551,0.0001,1,1932,0.1497,1.9976,94b4e2ccc3ee6ea3ce2bb5d5f35425a448cbcec74688d984fb9efaba5e52f3b7,632.3701,1327.6412,0.0,166.152,614.8199,1348.5179,1,0.0,172.2749,1699
edge,m25,1.0,0.1643,,,1.4476,284.492,0.0002,1,1932,0.1497,0.9985,94b4e2ccc3ee6ea3ce2bb5d5f35425a448cbcec74688d984fb9efaba5e52f3b7,632.3701,1327.6412,0.0,166.152,800.1828,1221.6524,1,0.0,125.3875,1533
edge,m25,0.5,0.1653,,,0.7936,284.7766,0.0002,1,1932,0.1497,0.499,94b4e2ccc3ee6ea3ce2bb5d5f35425a448cbcec74688d984fb9efaba5e52f3b7,632.3701,1327.6412,0.0,166.152,814.2209,1229.339,1,0.0,123.2457,1450
edge,m25,0.25,0.1655,,,0.4523,284.9177,0.0002,1,1932,0.1497,0.2522,94b4e2ccc3ee6ea3ce2bb5d5f35425a448cbcec74688d984fb9efaba5e52f3b7,632.3701,1327.6412,0.0,166.152,815.7606,1238.8456,1,0.0,122.6735,1409
edge,m25,0.1,0.1646,,,0.2367,284.44,0.0002,1,1932,0.1521,0.1018,94b4e2ccc3ee6ea3ce2bb5d5f35425a448cbcec74688d984fb9efaba5e52f3b7,657.819,1356.6135,0.0,166.152,802.0427,1259.6788,1,0.0,125.8957,1384
edge,m25,0.0,0.166,,,0.1018,283.5888,0.0002,1,1932,0.1534,0.0,94b4e2ccc3ee6ea3ce2bb5d5f35425a448cbcec74688d984fb9efaba5e52f3b7,675.0333,1397.6379,0.0,166.152,826.7969,1298.2849,1,0.0,126.4445,1367
edge,m25,-0.5,0.1063,0,0,0.2296,269.0416,0.0002,0,1932,0.1515,0.0,94b4e2ccc3ee6ea3ce2bb5d5f35425a448cbcec74688d984fb9efaba5e52f3b7,615.7199,1344.8025,0.0,166.152,379.5826,416.1409,0,0.0,60.3236,1284
edge,m25,-1.0,0.135,0,0,1.2622,253.2131,0.0002,0,1932,0.1509,0.0,94b4e2ccc3ee6ea3ce2bb5d5f35425a448cbcec74688d984fb9efaba5e52f3b7,607.4746,1347.1628,0.0,166.152,699.8728,685.1085,0,0.0,53.3546,1201
edge,m25,-2.0,0.1519,0,0,0.0255,212.7858,0.0002,0,1932,0.141,0.0,94b4e2ccc3ee6ea3ce2bb5d5f35425a448cbcec74688d984fb9efaba5e52f3b7,465.4552,1068.7381,0.0,166.152,879.9268,1815.4308,0,0.0,110.0,1035
glare,m25,0.3,0.1182,,,2.8234,270.1712,0.0001,1,1932,0.1181,2.8078,94b4e2ccc3ee6ea3ce2bb5d5f35425a448cbcec74688d984fb9efaba5e52f3b7,404.5667,848.7513,0.0,166.152,405.0412,833.5781,1,0.0,165.3686,2580
glare,m25,0.5,0.1087,,,2.823,260.9394,0.0001,1,1932,0.1086,2.8078,94b4e2ccc3ee6ea3ce2bb5d5f35425a448cbcec74688d984fb9efaba5e52f3b7,283.2583,595.0605,0.0,166.152,283.4236,582.6175,1,0.0,165.3888,2580
glare,m25,0.7,0.1117,,,2.8224,252.895,0.0001,1,1932,0.1117,2.8078,94b4e2ccc3ee6ea3ce2bb5d5f35425a448cbcec74688d984fb9efaba5e52f3b7,187.1241,394.3335,0.0,166.152,187.0772,384.2786,1,0.0,165.4184,2580
glare,m25,0.85,0.122,,,2.9969,247.6869,0.0001,1,1932,0.1219,2.8078,94b4e2ccc3ee6ea3ce2bb5d5f35425a448cbcec74688d984fb9efaba5e52f3b7,131.9168,278.5443,0.0,166.152,133.5985,256.0701,1,0.0,157.1651,2580
glare,m25,1.0,0.1367,,,3.1629,243.1728,0.0012,1,1932,0.1372,2.8078,94b4e2ccc3ee6ea3ce2bb5d5f35425a448cbcec74688d984fb9efaba5e52f3b7,90.7711,192.2035,0.0425,166.152,91.0985,169.0588,1,0.048,150.4932,2580
glare,m25,1.5,0.1202,0,0,10.75,232.2065,0.0137,0,1932,0.1305,2.8078,94b4e2ccc3ee6ea3ce2bb5d5f35425a448cbcec74688d984fb9efaba5e52f3b7,27.4933,60.6803,0.4775,166.152,861.234,393.198,0,0.0,30.0117,2580
glare,m25,2.5,0.1146,0,0,10.75,219.631,0.0295,0,1932,0.069,2.8078,94b4e2ccc3ee6ea3ce2bb5d5f35425a448cbcec74688d984fb9efaba5e52f3b7,2.9453,6.3462,0.7693,166.152,602.0528,275.4341,0,0.0,30.0117,2580
glare,m25,4.0,0.1566,0,0,6.966,209.1606,0.044,0,1932,0.0154,2.8078,94b4e2ccc3ee6ea3ce2bb5d5f35425a448cbcec74688d984fb9efaba5e52f3b7,0.2451,0.4658,0.9595,166.152,722.869,1601.5193,0,0.0,120.0466,2580
motion,m25,0.05,0.1343,,,2.7664,91.7234,0.0,1,1932,0.1354,2.8078,94b4e2ccc3ee6ea3ce2bb5d5f35425a448cbcec74688d984fb9efaba5e52f3b7,59.7307,820.0682,0.0,166.152,58.6946,824.6797,1,0.0,168.2571,2580
motion,m25,0.1,0.1113,,,6.028,44.2223,0.0,0,1932,0.1212,2.8078,94b4e2ccc3ee6ea3ce2bb5d5f35425a448cbcec74688d984fb9efaba5e52f3b7,28.17,380.1748,0.0,166.152,54.8304,494.2243,1,0.0,123.7981,2580
motion,m25,0.15,0.0828,,,4.8182,32.4389,0.0,0,1932,0.1107,2.8078,94b4e2ccc3ee6ea3ce2bb5d5f35425a448cbcec74688d984fb9efaba5e52f3b7,19.5071,252.67,0.0,166.152,26.2394,105.6565,1,0.0,82.532,2580
motion,m25,0.2,0.078,,,4.6087,26.5707,0.0,0,1932,0.1016,2.8078,94b4e2ccc3ee6ea3ce2bb5d5f35425a448cbcec74688d984fb9efaba5e52f3b7,15.1805,189.3525,0.0,166.152,21.2618,85.6019,1,0.0,86.2836,2580
motion,m25,0.3,0.0911,,,3.3421,20.4691,0.0,1,1932,0.0866,2.8078,94b4e2ccc3ee6ea3ce2bb5d5f35425a448cbcec74688d984fb9efaba5e52f3b7,10.4562,122.0202,0.0,166.152,11.6933,98.65,1,0.0,142.5553,2580
motion,m25,0.4,0.0843,0,0,3.6129,17.5265,0.0,0,1932,0.0783,2.8078,94b4e2ccc3ee6ea3ce2bb5d5f35425a448cbcec74688d984fb9efaba5e52f3b7,8.2831,93.6228,0.0,166.152,10.5925,78.4625,0,0.0,133.0784,2580
motion,m25,0.5,,0,0,,15.6145,0.0,,1932,0.0727,2.8078,94b4e2ccc3ee6ea3ce2bb5d5f35425a448cbcec74688d984fb9efaba5e52f3b7,6.8018,76.1227,0.0,166.152,,,0,,,2580
motion,m25,0.7,,0,0,,13.389,0.0,,1932,0.0654,2.8078,94b4e2ccc3ee6ea3ce2bb5d5f35425a448cbcec74688d984fb9efaba5e52f3b7,5.1829,57.2632,0.0,166.152,,,0,,,2580
motion,m25,1.0,,0,0,,11.4284,0.0,,1932,0.0599,2.8078,94b4e2ccc3ee6ea3ce2bb5d5f35425a448cbcec74688d984fb9efaba5e52f3b7,4.1173,43.2448,0.0,166.152,,,0,,,2580
scale,m25,48,0.1316,,,3.959,760.602,0.0001,0,558,0.1436,2.8078,94b4e2ccc3ee6ea3ce2bb5d5f35425a448cbcec74688d984fb9efaba5e52f3b7,1888.4485,1267.2229,0.0,47.988,3487.9422,1143.0779,1,0.0,28.2575,745
scale,m25,40,0.1441,,,3.0,918.3302,0.0001,1,465,0.1429,2.8078,94b4e2ccc3ee6ea3ce2bb5d5f35425a448cbcec74688d984fb9efaba5e52f3b7,2154.8503,1267.4239,0.0,39.99,2147.7379,1205.6863,1,0.0,37.9185,621
scale,m25,32,0.1219,,,4.2222,1110.6962,0.0001,0,372,0.1405,2.8078,94b4e2ccc3ee6ea3ce2bb5d5f35425a448cbcec74688d984fb9efaba5e52f3b7,2501.8597,2501.8597,0.0,31.992,3839.1067,346.2565,1,0.0,18.0,497
scale,m25,26,0.119,,,4.4286,1246.0601,0.0001,0,302,0.1387,2.8078,94b4e2ccc3ee6ea3ce2bb5d5f35425a448cbcec74688d984fb9efaba5e52f3b7,3116.1913,884.2944,0.0,25.972,4243.8775,179.1049,1,0.0,14.0,404
scale,m25,22,0.1183,,,3.5787,1320.9612,0.0,0,256,0.1365,2.8078,94b4e2ccc3ee6ea3ce2bb5d5f35425a448cbcec74688d984fb9efaba5e52f3b7,3580.6491,595.4139,0.0,22.016,4445.5606,198.738,1,0.0,14.4655,342
scale,m25,18,0.108,,,2.6594,1379.9161,0.0,0,209,0.1327,2.8078,94b4e2ccc3ee6ea3ce2bb5d5f35425a448cbcec74688d984fb9efaba5e52f3b7,4278.4329,385.3277,0.0,17.974,3985.6971,183.9701,1,0.0,14.8052,280
scale,m25,15,0.1265,,,2.625,1392.6882,0.0,1,174,0.1285,2.8078,94b4e2ccc3ee6ea3ce2bb5d5f35425a448cbcec74688d984fb9efaba5e52f3b7,5156.6711,248.7543,0.0,14.964,4892.1955,220.3971,1,0.0,16.0,233
scale,m25,12,,0,0,,1389.6791,0.0,,140,0.1232,2.8078,94b4e2ccc3ee6ea3ce2bb5d5f35425a448cbcec74688d984fb9efaba5e52f3b7,6121.5368,135.3628,0.0,12.04,,,0,,,186
scale,m25,10,0.103,,,1.375,1450.166,0.0,1,116,0.1206,2.8078,94b4e2ccc3ee6ea3ce2bb5d5f35425a448cbcec74688d984fb9efaba5e52f3b7,7568.9498,91.6027,0.0,9.976,4023.1327,172.2055,1,0.0,16.0,155
scale,m25,8,,0,0,,1577.2156,0.0,,93,0.1105,2.8078,94b4e2ccc3ee6ea3ce2bb5d5f35425a448cbcec74688d984fb9efaba5e52f3b7,7938.3007,36.5271,0.0,7.998,,,0,,,124
scale,m25,6,0.0945,0,0,1.6489,1907.8703,0.0,0,70,0.0948,2.8078,94b4e2ccc3ee6ea3ce2bb5d5f35425a448cbcec74688d984fb9efaba5e52f3b7,6557.4503,14.7521,0.0,6.02,2215.9867,47.1319,0,0.0,12.0,93
blur,m26,0.02,0.0997,,,6.9656,32.8158,0.0054,1,2398,0.0997,6.966,fe2876b292dc5e08ca1fb5e4f852edfb45eda72a80820aab572bb4308a393ca3,5.3552,202.5445,0.0,100.2604,5.3552,202.5445,1,0.0,100.2667,2205
blur,m26,0.04,0.0791,,,6.6898,5.4049,0.0052,1,2398,0.0802,6.966,fe2876b292dc5e08ca1fb5e4f852edfb45eda72a80820aab572bb4308a393ca3,2.0197,50.1471,0.0,100.2604,1.9774,46.987,1,0.0,99.3294,2205
blur,m26,0.06,0.0631,,,6.7203,1.461,0.005,1,2398,0.0654,6.966,fe2876b292dc5e08ca1fb5e4f852edfb45eda72a80820aab572bb4308a393ca3,1.4297,11.4362,0.0,100.2604,1.3714,11.2011,1,0.0,102.0119,2205
blur,m26,0.08,0.0519,0,0,7.2199,0.6102,0.0049,0,2398,0.0555,6.966,fe2876b292dc5e08ca1fb5e4f852edfb45eda72a80820aab572bb4308a393ca3,1.3568,3.0263,0.0,100.2604,1.2938,1.9378,0,0.0,89.6993,2205
blur,m26,0.1,,0,0,,0.3481,0.0047,,2398,0.0482,6.966,fe2876b292dc5e08ca1fb5e4f852edfb45eda72a80820aab572bb4308a393ca3,1.3603,1.14,0.0,100.2604,,,0,,,2205
blur,m26,0.13,,0,0,,0.2248,0.0044,,2398,0.04,6.966,fe2876b292dc5e08ca1fb5e4f852edfb45eda72a80820aab572bb4308a393ca3,1.3316,0.4273,0.0,100.2604,,,0,,,2205
blur,m26,0.16,,0,0,,0.182,0.0041,,2398,0.0342,6.966,fe2876b292dc5e08ca1fb5e4f852edfb45eda72a80820aab572bb4308a393ca3,1.3512,0.2104,0.0,100.2604,,,0,,,2205
blur,m26,0.2,,0,0,,0.1625,0.0037,,2398,0.029,6.966,fe2876b292dc5e08ca1fb5e4f852edfb45eda72a80820aab572bb4308a393ca3,0.9897,0.1275,0.0,100.2604,,,0,,,2205
blur,m26,0.25,,0,0,,0.1559,0.0031,,2398,0.0252,6.966,fe2876b292dc5e08ca1fb5e4f852edfb45eda72a80820aab572bb4308a393ca3,0.6256,0.1471,0.0,100.2604,,,0,,,2205
blur,m26,0.3,,0,0,,0.154,0.0025,,2398,0.0229,6.966,fe2876b292dc5e08ca1fb5e4f852edfb45eda72a80820aab572bb4308a393ca3,0.4837,0.1885,0.0,100.2604,,,0,,,2205
edge,m26,2.0,0.1127,,,1.991,182.2049,0.0077,1,2398,0.1127,1.9971,fe2876b292dc5e08ca1fb5e4f852edfb45eda72a80820aab572bb4308a393ca3,50.0639,444.1321,0.0,100.2604,50.1204,446.4792,1,0.0,100.2667,1627
edge,m26,1.0,0.1127,,,0.9954,185.9784,0.0082,1,2398,0.1127,0.9997,fe2876b292dc5e08ca1fb5e4f852edfb45eda72a80820aab572bb4308a393ca3,50.0639,444.1321,0.0,100.2604,50.1204,446.4792,1,0.0,100.2667,1527
edge,m26,0.5,0.1127,,,0.4977,186.2065,0.0085,1,2398,0.1127,0.501,fe2876b292dc5e08ca1fb5e4f852edfb45eda72a80820aab572bb4308a393ca3,50.0639,444.1321,0.0,100.2604,50.1204,446.4792,1,0.0,100.2667,1477
edge,m26,0.25,0.1129,,,0.2976,187.0688,0.0086,1,2398,0.1127,0.2517,fe2876b292dc5e08ca1fb5e4f852edfb45eda72a80820aab572bb4308a393ca3,50.0639,444.1321,0.0,100.2604,50.2037,445.2013,1,0.0,100.2667,1452
edge,m26,0.1,0.1137,,,0.0995,186.55,0.0087,1,2398,0.1137,0.1021,fe2876b292dc5e08ca1fb5e4f852edfb45eda72a80820aab572bb4308a393ca3,50.7861,451.9436,0.0,100.2604,50.7861,451.9436,1,0.0,100.2667,1437
edge,m26,0.0,0.1144,,,0.0995,186.5064,0.0088,1,2398,0.1144,0.0023,fe2876b292dc5e08ca1fb5e4f852edfb45eda72a80820aab572bb4308a393ca3,51.2737,457.6403,0.0,100.2604,51.2737,457.6403,1,0.0,100.2667,1427
edge,m26,-0.5,0.1144,0,0,0.199,185.2363,0.0091,0,2398,0.1144,0.0,fe2876b292dc5e08ca1fb5e4f852edfb45eda72a80820aab572bb4308a393ca3,52.4575,462.38,0.0,100.2604,52.4575,462.38,0,0.0,100.2667,1377
edge,m26,-1.0,0.1144,0,0,0.3843,183.173,0.0094,0,2398,0.1152,0.0,fe2876b292dc5e08ca1fb5e4f852edfb45eda72a80820aab572bb4308a393ca3,53.4594,466.6547,0.0,100.2604,50.7917,363.446,0,0.0,90.6221,1327
edge,m26,-2.0,0.1198,0,0,0.0434,178.3225,0.0102,0,2398,0.116,0.0,fe2876b292dc5e08ca1fb5e4f852edfb45eda72a80820aab572bb4308a393ca3,54.5949,483.1612,0.0,100.2604,53.5211,286.5854,0,0.0,80.2849,1226
glare,m26,0.3,0.0939,,,6.9656,147.2153,0.0057,1,2398,0.0939,6.966,fe2876b292dc5e08ca1fb5e4f852edfb45eda72a80820aab572bb4308a393ca3,32.4778,273.8094,0.0,100.2604,32.4778,273.8094,1,0.0,100.2667,2205
glare,m26,0.5,0.0891,,,6.9656,141.1097,0.0057,1,2398,0.0891,6.966,fe2876b292dc5e08ca1fb5e4f852edfb45eda72a80820aab572bb4308a393ca3,22.7506,186.0902,0.0,100.2604,22.7506,186.0902,1,0.0,100.2667,2205
glare,m26,0.7,0.0916,,,6.9656,135.8191,0.0057,1,2398,0.0916,6.966,fe2876b292dc5e08ca1fb5e4f852edfb45eda72a80820aab572bb4308a393ca3,15.0829,118.0346,0.0,100.2604,15.0829,118.0346,1,0.0,100.2667,2205
glare,m26,0.85,0.0981,,,6.9656,132.3759,0.0057,1,2398,0.0981,6.966,fe2876b292dc5e08ca1fb5e4f852edfb45eda72a80820aab572bb4308a393ca3,10.7692,80.3199,0.0,100.2604,10.7692,80.3199,1,0.0,100.2667,2205
glare,m26,1.0,0.0466,0,0,11.3966,129.4218,0.0096,0,2398,0.1077,6.966,fe2876b292dc5e08ca1fb5e4f852edfb45eda72a80820aab572bb4308a393ca3,7.497,53.8407,0.1668,100.2604,7.8907,12.2534,0,0.0,52.2965,2205
glare,m26,1.5,0.1093,0,0,5.5457,122.188,0.0415,0,2398,0.0823,6.966,fe2876b292dc5e08ca1fb5e4f852edfb45eda72a80820aab572bb4308a393ca3,2.5263,15.1821,0.6188,100.2604,30.1273,126.591,0,0.0,77.2484,2205
glare,m26,2.5,0.1315,0,0,7.0301,112.9179,0.0806,0,2398,0.0209,6.966,fe2876b292dc5e08ca1fb5e4f852edfb45eda72a80820aab572bb4308a393ca3,0.2521,0.4796,0.9036,100.2604,23.783,58.1492,0,0.0399,60.8854,2205
glare,m26,4.0,0.1088,0,0,8.049,104.1694,0.1163,0,2398,0.0,6.966,fe2876b292dc5e08ca1fb5e4f852edfb45eda72a80820aab572bb4308a393ca3,0.0,0.0,1.0,100.2604,21.9431,39.6341,0,0.0068,53.2176,2205
motion,m26,0.05,0.1084,,,6.9656,97.6281,0.0056,1,2398,0.1084,6.966,fe2876b292dc5e08ca1fb5e4f852edfb45eda72a80820aab572bb4308a393ca3,18.9677,349.9033,0.0,100.2604,18.9677,349.9033,1,0.0,100.2667,2205
motion,m26,0.1,0.0996,,,6.9656,56.662,0.0055,1,2398,0.0996,6.966,fe2876b292dc5e08ca1fb5e4f852edfb45eda72a80820aab572bb4308a393ca3,12.1893,227.3435,0.0,100.2604,12.1893,227.3435,1,0.0,100.2667,2205
motion,m26,0.15,0.0905,,,6.9656,41.1642,0.0054,1,2398,0.0905,6.966,fe2876b292dc5e08ca1fb5e4f852edfb45eda72a80820aab572bb4308a393ca3,9.3173,157.8882,0.0,100.2604,9.3173,157.8882,1,0.0,100.2667,2205
motion,m26,0.2,0.0835,,,7.7376,33.3416,0.0053,1,2398,0.0829,6.966,fe2876b292dc5e08ca1fb5e4f852edfb45eda72a80820aab572bb4308a393ca3,7.8205,123.7716,0.0,100.2604,5.7918,65.8191,1,0.0,87.3372,2205
motion,m26,0.3,0.0724,,,6.8404,25.5303,0.0052,1,2398,0.0728,6.966,fe2876b292dc5e08ca1fb5e4f852edfb45eda72a80820aab572bb4308a393ca3,6.3125,95.0662,0.0,100.2604,6.2855,104.7797,1,0.0,101.9089,2205
motion,m26,0.4,0.0665,0,0,8.4897,21.4127,0.0051,0,2398,0.0659,6.966,fe2876b292dc5e08ca1fb5e4f852edfb45eda72a80820aab572bb4308a393ca3,5.5241,81.0697,0.0,100.2604,3.9434,33.0794,0,0.0,83.2235,2205
motion,m26,0.5,0.0574,0,0,7.0829,18.7533,0.0051,0,2398,0.0611,6.966,fe2876b292dc5e08ca1fb5e4f852edfb45eda72a80820aab572bb4308a393ca3,5.0182,72.3832,0.0,100.2604,3.4187,12.3087,0,0.0,60.0,2205
motion,m26,0.7,,0,0,,15.35,0.0048,,2398,0.057,6.966,fe2876b292dc5e08ca1fb5e4f852edfb45eda72a80820aab572bb4308a393ca3,4.3821,64.2595,0.0,100.2604,,,0,,,2205
motion,m26,1.0,,0,0,,12.4148,0.0043,,2398,0.0558,6.966,fe2876b292dc5e08ca1fb5e4f852edfb45eda72a80820aab572bb4308a393ca3,3.9805,59.6554,0.0,100.2604,,,0,,,2205
scale,m26,48,0.1177,,,8.55,153.6615,0.0057,1,1148,0.1126,6.9686,fe2876b292dc5e08ca1fb5e4f852edfb45eda72a80820aab572bb4308a393ca3,259.3637,451.7717,0.0,47.9979,253.9188,301.3951,1,0.0,40.0,1056
scale,m26,40,0.1159,,,8.4206,311.3152,0.0057,1,957,0.1127,6.9662,fe2876b292dc5e08ca1fb5e4f852edfb45eda72a80820aab572bb4308a393ca3,408.9961,452.2882,0.0,40.0122,397.2882,310.166,1,0.0,33.9645,880
scale,m26,32,0.1154,,,7.8674,448.298,0.0056,1,765,0.1127,6.9716,fe2876b292dc5e08ca1fb5e4f852edfb45eda72a80820aab572bb4308a393ca3,674.1199,674.1199,0.0,31.9846,679.4831,285.0266,1,0.0,27.9634,704
scale,m26,26,0.1176,,,8.3636,611.1046,0.0056,1,622,0.1124,6.9667,fe2876b292dc5e08ca1fb5e4f852edfb45eda72a80820aab572bb4308a393ca3,1189.932,370.2989,0.0,26.0058,1213.8367,228.351,1,0.0,22.0,572
scale,m26,22,0.1142,,,7.7,762.1983,0.0056,1,526,0.1108,6.9708,fe2876b292dc5e08ca1fb5e4f852edfb45eda72a80820aab572bb4308a393ca3,1693.8109,313.1954,0.0,21.9921,1790.5059,242.9164,1,0.0,20.0,484
scale,m26,18,0.114,,,8.0186,959.4429,0.0055,1,431,0.1105,6.9605,fe2876b292dc5e08ca1fb5e4f852edfb45eda72a80820aab572bb4308a393ca3,2723.3488,258.1045,0.0,18.0201,2855.5459,165.6788,1,0.0,15.963,396
scale,m26,15,0.1105,,,7.5925,1133.3822,0.0054,1,359,0.1083,6.9637,fe2876b292dc5e08ca1fb5e4f852edfb45eda72a80820aab572bb4308a393ca3,3870.4135,196.2615,0.0,15.0098,3864.0717,156.8652,1,0.0,13.9611,330
scale,m26,12,0.0977,,,4.1573,1314.3646,0.0054,1,287,0.1024,6.9686,fe2876b292dc5e08ca1fb5e4f852edfb45eda72a80820aab572bb4308a393ca3,5024.0572,118.2232,0.0,11.9995,4014.2192,154.8985,1,0.0,13.9514,264
scale,m26,10,0.0924,,,5.8577,1415.9669,0.0053,1,239,0.0963,6.9734,fe2876b292dc5e08ca1fb5e4f852edfb45eda72a80820aab572bb4308a393ca3,5671.1468,71.6507,0.0,9.9926,4985.9075,114.2819,1,0.0,11.95,220
scale,m26,8,0.0768,0,1,3.0157,1497.6527,0.0053,0,191,0.0862,6.9807,fe2876b292dc5e08ca1fb5e4f852edfb45eda72a80820aab572bb4308a393ca3,4986.4412,22.1901,0.0,7.9857,2485.4173,93.9837,0,0.0,13.9271,176
scale,m26,6,,0,0,,1550.4311,0.0052,,144,0.0736,6.9444,fe2876b292dc5e08ca1fb5e4f852edfb45eda72a80820aab572bb4308a393ca3,3375.3491,8.2646,0.0,6.0206,,,0,,,132
blur,m27,0.02,0.19,,,6.3939,205.0189,0.0,1,2160,0.1893,6.4097,6ad96d38311f97aa69a4ee6407f916b95b4ba364511c1e3c5809f0602943e841,42.0961,613.7818,0.0,76.3344,42.2141,619.2693,1,0.0,76.5089,2880
blur,m27,0.04,0.1549,,,6.4201,38.1817,0.0,1,2160,0.1549,6.4097,6ad96d38311f97aa69a4ee6407f916b95b4ba364511c1e3c5809f0602943e841,6.9092,139.8259,0.0,76.3344,6.9092,138.6603,1,0.0,76.2186,2880
blur,m27,0.06,0.1566,,,5.8,10.2416,0.0,1,2160,0.1281,6.4097,6ad96d38311f97aa69a4ee6407f916b95b4ba364511c1e3c5809f0602943e841,2.7401,37.6293,0.0,76.3344,2.7935,54.3498,1,0.0,83.7209,2880
blur,m27,0.08,0.1461,,,5.6546,3.6632,0.0,1,2160,0.1079,6.4097,6ad96d38311f97aa69a4ee6407f916b95b4ba364511c1e3c5809f0602943e841,1.9361,13.1125,0.0,76.3344,1.953,21.5732,1,0.0,85.6981,2880
blur,m27,0.1,0.1468,,,5.317,1.6819,0.0,1,2160,0.0923,6.4097,6ad96d38311f97aa69a4ee6407f916b95b4ba364511c1e3c5809f0602943e841,1.7336,5.5108,0.0,76.3344,1.7152,11.7365,1,0.0,91.0316,2880
blur,m27,0.13,0.1124,0,0,5.85,0.73,0.0,0,2160,0.0756,6.4097,6ad96d38311f97aa69a4ee6407f916b95b4ba364511c1e3c5809f0602943e841,1.6359,1.9344,0.0,76.3344,1.6082,2.8246,0,0.0,83.7209,2880
blur,m27,0.16,,0,0,,0.4151,0.0,,2160,0.0655,6.4097,6ad96d38311f97aa69a4ee6407f916b95b4ba364511c1e3c5809f0602943e841,1.5887,0.8243,0.0,76.3344,,,0,,,2880
blur,m27,0.2,,0,0,,0.2643,0.0,,2160,0.0598,6.4097,6ad96d38311f97aa69a4ee6407f916b95b4ba364511c1e3c5809f0602943e841,1.5332,0.3236,0.0,76.3344,,,0,,,2880
blur,m27,0.25,,0,0,,0.1966,0.0,,2160,0.0592,6.4097,6ad96d38311f97aa69a4ee6407f916b95b4ba364511c1e3c5809f0602943e841,1.125,0.1901,0.0,76.3344,,,0,,,2880
blur,m27,0.3,,0,0,,0.1685,0.0,,2160,0.0604,6.4097,6ad96d38311f97aa69a4ee6407f916b95b4ba364511c1e3c5809f0602943e841,1.0094,0.1615,0.0,76.3344,,,0,,,2880
edge,m27,2.0,0.2101,,,2.0766,532.335,0.0001,1,2160,0.22,1.9994,6ad96d38311f97aa69a4ee6407f916b95b4ba364511c1e3c5809f0602943e841,849.2782,2276.5349,0.0,76.3344,831.1604,2047.0546,1,0.0,74.0049,1802
edge,m27,1.0,0.2048,,,1.0609,507.9536,0.0001,1,2160,0.22,1.0038,6ad96d38311f97aa69a4ee6407f916b95b4ba364511c1e3c5809f0602943e841,849.2782,2276.5349,0.0,76.3344,798.8519,2050.423,1,0.0,73.8276,1726
edge,m27,0.5,0.1963,,,0.5649,493.2673,0.0001,1,2160,0.22,0.506,6ad96d38311f97aa69a4ee6407f916b95b4ba364511c1e3c5809f0602943e841,849.2782,2276.5349,0.0,76.3344,756.774,1863.5863,1,0.0,72.2093,1688
edge,m27,0.25,0.2047,,,0.2969,485.5939,0.0001,1,2160,0.22,0.244,6ad96d38311f97aa69a4ee6407f916b95b4ba364511c1e3c5809f0602943e841,849.2782,2276.5349,0.0,76.3344,794.1872,2010.0256,1,0.0,73.5387,1668
edge,m27,0.1,0.1977,,,0.0454,482.3919,0.0001,1,2160,0.2188,0.0999,6ad96d38311f97aa69a4ee6407f916b95b4ba364511c1e3c5809f0602943e841,840.2799,2269.8502,0.0,76.3344,729.2144,1819.5301,1,0.0,69.0698,1657
edge,m27,0.0,0.1987,,,0.044,479.1618,0.0001,1,2160,0.2197,0.0,6ad96d38311f97aa69a4ee6407f916b95b4ba364511c1e3c5809f0602943e841,851.8211,2325.9002,0.0,76.3344,747.9054,1832.9335,1,0.0,69.8221,1649
edge,m27,-0.5,0.2072,0,0,0.0356,461.758,0.0001,0,2160,0.2177,0.0,6ad96d38311f97aa69a4ee6407f916b95b4ba364511c1e3c5809f0602943e841,826.3342,2240.4818,0.0,76.3344,799.3735,2077.4118,0,0.0,74.7084,1611
edge,m27,-1.0,0.196,0,0,0.0434,448.3275,0.0,0,2160,0.2175,0.0,6ad96d38311f97aa69a4ee6407f916b95b4ba364511c1e3c5809f0602943e841,821.0428,2230.6293,0.0,76.3344,752.5375,1802.0375,0,0.0,72.2093,1573
edge,m27,-2.0,0.1882,0,0,0.1738,412.4893,0.0,0,2160,0.2146,0.0,6ad96d38311f97aa69a4ee6407f916b95b4ba364511c1e3c5809f0602943e841,778.6306,2093.5898,0.0,76.3344,695.4541,1652.0367,0,0.0,72.2093,1497
glare,m27,0.3,0.1851,,,6.2852,596.0161,0.0001,1,2160,0.182,6.4097,6ad96d38311f97aa69a4ee6407f916b95b4ba364511c1e3c5809f0602943e841,533.6155,1411.7823,0.0,76.3344,524.9034,1432.4696,1,0.0,77.7337,2880
glare,m27,0.5,0.1704,,,6.4221,576.5198,0.0001,1,2160,0.1704,6.4097,6ad96d38311f97aa69a4ee6407f916b95b4ba364511c1e3c5809f0602943e841,369.0919,963.6068,0.0,76.3344,369.0919,958.4805,1,0.0,76.1963,2880
glare,m27,0.7,0.1727,,,6.2468,560.1726,0.0001,1,2160,0.1725,6.4097,6ad96d38311f97aa69a4ee6407f916b95b4ba364511c1e3c5809f0602943e841,240.8574,617.2121,0.0,76.3344,237.3206,643.9863,1,0.0,78.1772,2880
glare,m27,0.85,0.1831,,,6.5,549.9972,0.0001,1,2160,0.183,6.4097,6ad96d38311f97aa69a4ee6407f916b95b4ba364511c1e3c5809f0602943e841,168.4165,423.5825,0.0,76.3344,164.5588,406.7887,1,0.0,75.3488,2880
glare,m27,1.0,0.2034,,,6.784,541.5422,0.0008,1,2160,0.1998,6.4097,6ad96d38311f97aa69a4ee6407f916b95b4ba364511c1e3c5809f0602943e841,117.0405,287.1151,0.082,76.3344,101.5167,228.085,1,0.0874,72.698,2880
glare,m27,1.5,0.1913,0,0,6.709,523.5591,0.0106,0,2160,0.1557,6.4097,6ad96d38311f97aa69a4ee6407f916b95b4ba364511c1e3c5809f0602943e841,39.8104,90.1972,0.5856,76.3344,2261.8383,4197.7428,0,0.0033,63.4151,2880
glare,m27,2.5,0.1913,0,0,6.709,505.3464,0.0226,0,2160,0.0434,6.4097,6ad96d38311f97aa69a4ee6407f916b95b4ba364511c1e3c5809f0602943e841,3.5567,6.4904,0.8734,76.3344,2261.8383,4197.7428,0,0.0033,63.4151,2880
glare,m27,4.0,0.1913,0,0,6.709,489.944,0.0337,0,2160,0.0,6.4097,6ad96d38311f97aa69a4ee6407f916b95b4ba364511c1e3c5809f0602943e841,0.0,0.0,1.0,76.3344,2261.8383,4197.7428,0,0.0033,63.4151,2880
motion,m27,0.05,0.2044,,,6.5,446.5101,0.0,1,2160,0.2099,6.4097,6ad96d38311f97aa69a4ee6407f916b95b4ba364511c1e3c5809f0602943e841,361.5162,1541.298,0.0,76.3344,336.729,1417.3424,1,0.0,75.3488,2880
motion,m27,0.1,0.197,,,6.3908,259.9398,0.0,1,2160,0.1965,6.4097,6ad96d38311f97aa69a4ee6407f916b95b4ba364511c1e3c5809f0602943e841,268.0441,1033.3307,0.0,76.3344,267.4992,1032.3298,1,0.0,76.5433,2880
motion,m27,0.15,0.1931,,,6.303,206.1832,0.0,1,2160,0.1869,6.4097,6ad96d38311f97aa69a4ee6407f916b95b4ba364511c1e3c5809f0602943e841,241.8724,869.4152,0.0,76.3344,238.6132,823.118,1,0.0,77.5308,2880
motion,m27,0.2,0.1817,,,6.3697,169.6481,0.0,1,2160,0.176,6.4097,6ad96d38311f97aa69a4ee6407f916b95b4ba364511c1e3c5809f0602943e841,224.3732,757.2161,0.0,76.3344,219.9877,744.456,1,0.0,76.7778,2880
motion,m27,0.3,0.1709,,,6.2509,134.9139,0.0,1,2160,0.1607,6.4097,6ad96d38311f97aa69a4ee6407f916b95b4ba364511c1e3c5809f0602943e841,206.1721,658.1923,0.0,76.3344,200.2773,595.7143,1,0.0,78.1293,2880
motion,m27,0.4,0.1537,,,6.4009,117.5408,0.0,1,2160,0.151,6.4097,6ad96d38311f97aa69a4ee6407f916b95b4ba364511c1e3c5809f0602943e841,195.8997,607.801,0.0,76.3344,192.588,597.4888,1,0.0,76.4308,2880
motion,m27,0.5,0.1246,0,0,6.8824,107.4194,0.0,0,2160,0.1455,6.4097,6ad96d38311f97aa69a4ee6407f916b95b4ba364511c1e3c5809f0602943e841,189.5651,579.2999,0.0,76.3344,109.1126,210.8837,0,0.0,71.1628,2880
motion,m27,0.7,,0,0,,93.2136,0.0,,2160,0.1394,6.4097,6ad96d38311f97aa69a4ee6407f916b95b4ba364511c1e3c5809f0602943e841,179.843,540.0708,0.0,76.3344,,,0,,,2880
motion,m27,1.0,,0,0,,78.9904,0.0,,2160,0.1393,6.4097,6ad96d38311f97aa69a4ee6407f916b95b4ba364511c1e3c5809f0602943e841,170.8647,514.3419,0.0,76.3344,,,0,,,2880
scale,m27,48,0.2216,,,6.2806,640.2325,0.0,1,1358,0.2194,6.4097,6ad96d38311f97aa69a4ee6407f916b95b4ba364511c1e3c5809f0602943e841,2521.0852,2093.4364,0.0,47.9917,2491.8527,2173.8373,1,0.0,48.9046,1811
scale,m27,40,0.2148,,,6.3974,633.6747,0.0,1,1132,0.2148,6.4097,6ad96d38311f97aa69a4ee6407f916b95b4ba364511c1e3c5809f0602943e841,3324.4129,2097.1416,0.0,40.0049,3324.4129,2097.1416,1,0.0,40.0759,1509
scale,m27,32,0.2155,,,6.4375,597.3942,0.0,1,905,0.2142,6.4097,6ad96d38311f97aa69a4ee6407f916b95b4ba364511c1e3c5809f0602943e841,4278.4999,4278.4999,0.0,31.9827,4301.1883,4301.1883,1,0.0,31.9647,1207
scale,m27,26,0.2375,,,5.5299,1256.5348,0.0,1,736,0.2082,6.4097,6ad96d38311f97aa69a4ee6407f916b95b4ba364511c1e3c5809f0602943e841,4888.0327,1236.0404,0.0,26.0102,4557.8636,1903.8312,1,0.0,29.8513,981
scale,m27,22,0.2498,,,5.2404,1420.3647,0.0,1,623,0.2113,6.4097,6ad96d38311f97aa69a4ee6407f916b95b4ba364511c1e3c5809f0602943e841,5216.4694,864.9951,0.0,22.0168,4697.5499,1586.4038,1,0.0,26.6107,830
scale,m27,18,0.2333,,,5.6076,1589.2762,0.0,1,509,0.203,6.4097,6ad96d38311f97aa69a4ee6407f916b95b4ba364511c1e3c5809f0602943e841,7227.1947,743.0861,0.0,17.9881,6980.6561,987.4216,1,0.0,20.2626,679
scale,m27,15,0.2244,,,6.0,1682.429,0.0,1,424,0.2056,6.4097,6ad96d38311f97aa69a4ee6407f916b95b4ba364511c1e3c5809f0602943e841,9536.1447,514.1578,0.0,14.9842,9219.7394,453.3714,1,0.0,16.0,566
scale,m27,12,0.2292,,,4.625,1820.626,0.0,1,340,0.1851,6.4097,6ad96d38311f97aa69a4ee6407f916b95b4ba364511c1e3c5809f0602943e841,13083.3367,323.6742,0.0,12.0156,10421.9045,477.4619,1,0.0,16.0,453
scale,m27,10,0.2264,,,4.4286,1932.3208,0.0,1,283,0.181,6.4097,6ad96d38311f97aa69a4ee6407f916b95b4ba364511c1e3c5809f0602943e841,13809.7428,193.9456,0.0,10.0012,10870.0896,413.3594,1,0.0,13.9507,377
scale,m27,8,0.2129,,,5.0,1975.6725,0.0,1,226,0.1678,6.4097,6ad96d38311f97aa69a4ee6407f916b95b4ba364511c1e3c5809f0602943e841,16134.5914,79.9635,0.0,7.9868,13342.2677,188.0184,1,0.0,10.0,302
scale,m27,6,,0,0,,2003.9765,0.0,,170,0.129,6.4097,6ad96d38311f97aa69a4ee6407f916b95b4ba364511c1e3c5809f0602943e841,14815.3474,35.1436,0.0,6.0078,,,0,,,226
blur,m29,0.02,0.1496,,,3.9338,105.4373,0.0,1,881,0.143,8.0069,daf3175411ec75597f1a41a6325f6e09786e7282998ea9d856a650c504e57712,1026.9712,532.547,0.0,30.694,868.7572,1249.6604,1,0.0,52.9587,1000
blur,m29,0.04,0.1269,,,3.91,14.0188,0.0,1,881,0.1198,8.0069,daf3175411ec75597f1a41a6325f6e09786e7282998ea9d856a650c504e57712,79.3836,57.1412,0.0,30.694,87.5411,397.1097,1,0.0,53.2905,1000
blur,m29,0.06,0.111,,,3.8846,5.671,0.0,1,881,0.1047,8.0069,daf3175411ec75597f1a41a6325f6e09786e7282998ea9d856a650c504e57712,23.3265,17.1898,0.0,30.694,27.9987,153.8522,1,0.0,53.5144,1000
blur,m29,0.08,0.0978,,,4.0234,3.0173,0.0,1,881,0.0924,8.0069,daf3175411ec75597f1a41a6325f6e09786e7282998ea9d856a650c504e57712,8.7044,5.9436,0.0,30.694,11.0328,52.6712,1,0.0,51.6048,1000
blur,m29,0.1,0.0912,1,1,5.0476,2.1921,0.0,0,881,0.0833,8.0069,daf3175411ec75597f1a41a6325f6e09786e7282998ea9d856a650c504e57712,4.3541,2.5903,0.0,30.694,5.8807,11.8813,0,0.0,41.9524,1000
blur,m29,0.13,,0,0,,1.7164,0.0,,881,0.0732,8.0069,daf3175411ec75597f1a41a6325f6e09786e7282998ea9d856a650c504e57712,2.49,1.0778,0.0,30.694,,,0,,,1000
blur,m29,0.16,,0,0,,1.5341,0.0,,881,0.0659,8.0069,daf3175411ec75597f1a41a6325f6e09786e7282998ea9d856a650c504e57712,2.0002,0.6733,0.0,30.694,,,0,,,1000
blur,m29,0.2,,0,0,,1.4188,0.0,,881,0.0583,8.0069,daf3175411ec75597f1a41a6325f6e09786e7282998ea9d856a650c504e57712,1.8115,0.5112,0.0,30.694,,,0,,,1000
blur,m29,0.25,,0,0,,1.3749,0.0,,881,0.0511,8.0069,daf3175411ec75597f1a41a6325f6e09786e7282998ea9d856a650c504e57712,1.6596,0.4565,0.0,30.694,,,0,,,1000
blur,m29,0.3,,0,0,,1.3462,0.0,,881,0.0456,8.0069,daf3175411ec75597f1a41a6325f6e09786e7282998ea9d856a650c504e57712,1.5631,0.4147,0.0,30.694,,,0,,,1000
edge,m29,2.0,0.172,,,1.2803,323.5347,0.0,1,881,0.1617,1.9883,daf3175411ec75597f1a41a6325f6e09786e7282998ea9d856a650c504e57712,3357.5567,1557.8617,0.0,30.694,2625.9434,1984.5028,1,0.0,46.7943,534
edge,m29,1.0,0.172,,,0.6392,315.3744,0.0,1,881,0.1617,1.0109,daf3175411ec75597f1a41a6325f6e09786e7282998ea9d856a650c504e57712,3357.5567,1557.8617,0.0,30.694,2625.9434,1984.5028,1,0.0,46.7943,504
edge,m29,0.5,0.1703,,,0.2852,317.7821,0.0,1,881,0.1617,0.4897,daf3175411ec75597f1a41a6325f6e09786e7282998ea9d856a650c504e57712,3357.5567,1557.8617,0.0,30.694,2698.1929,2086.396,1,0.0,48.5983,488
edge,m29,0.25,0.1716,,,0.157,315.1909,0.0,1,881,0.1617,0.2616,daf3175411ec75597f1a41a6325f6e09786e7282998ea9d856a650c504e57712,3357.5567,1557.8617,0.0,30.694,2702.5439,2072.6434,1,0.0,47.4511,481
edge,m29,0.1,0.1733,,,0.0408,314.929,0.0,1,881,0.1624,0.0987,daf3175411ec75597f1a41a6325f6e09786e7282998ea9d856a650c504e57712,3441.1811,1559.5789,0.0,30.694,2698.0242,2074.7361,1,0.0,46.7943,476
edge,m29,0.0,0.1743,,,-0.0,312.3609,0.0,1,881,0.1626,0.001,daf3175411ec75597f1a41a6325f6e09786e7282998ea9d856a650c504e57712,3465.3481,1541.5443,0.0,30.694,2696.3197,2034.7055,1,0.0,45.8332,473
edge,m29,-0.5,0.176,,,-0.0111,299.8011,0.0,0,881,0.1619,0.0,daf3175411ec75597f1a41a6325f6e09786e7282998ea9d856a650c504e57712,3409.4112,1576.3206,0.0,30.694,2630.9857,2006.5044,1,0.0,44.2612,458
edge,m29,-1.0,0.1677,,,-0.0055,275.3387,0.0,0,881,0.1609,0.0,daf3175411ec75597f1a41a6325f6e09786e7282998ea9d856a650c504e57712,3233.131,1443.092,0.0,30.694,2595.5363,2158.3198,1,0.0,54.4874,442
edge,m29,-2.0,0.1788,,,-0.0049,234.1146,0.0,0,881,0.1561,0.0,daf3175411ec75597f1a41a6325f6e09786e7282998ea9d856a650c504e57712,2831.7492,1303.7704,0.0,30.694,2072.8041,1583.959,1,0.0,40.2389,412
glare,m29,0.3,0.1372,,,4.5002,234.8695,0.0001,1,881,0.1245,8.0069,daf3175411ec75597f1a41a6325f6e09786e7282998ea9d856a650c504e57712,2031.5978,940.1867,0.0,30.694,1712.9207,1268.593,1,0.0,46.7943,1000
glare,m29,0.5,0.1206,,,4.4778,216.5565,0.0001,1,881,0.107,8.0069,daf3175411ec75597f1a41a6325f6e09786e7282998ea9d856a650c504e57712,1347.9864,622.527,0.0,30.694,1227.1195,890.3014,1,0.0,46.9858,1000
glare,m29,0.7,0.1116,,,4.4113,201.4622,0.0001,1,881,0.0991,8.0069,daf3175411ec75597f1a41a6325f6e09786e7282998ea9d856a650c504e57712,823.1067,378.6026,0.0,30.694,854.4673,603.4489,1,0.0,47.6093,1000
glare,m29,0.85,0.1109,,,4.2163,192.2615,0.0001,1,881,0.1011,8.0069,daf3175411ec75597f1a41a6325f6e09786e7282998ea9d856a650c504e57712,536.9758,245.8588,0.0,30.694,622.9955,438.8088,1,0.0,49.3895,1000
glare,m29,1.0,0.1458,0,0,8.8985,184.9063,0.0015,0,881,0.1092,8.0069,daf3175411ec75597f1a41a6325f6e09786e7282998ea9d856a650c504e57712,337.8063,153.619,0.1326,30.694,2471.8747,322.1555,0,0.0,19.685,1000
glare,m29,1.5,0.1458,0,0,8.6828,170.3626,0.0134,0,881,0.082,8.0069,daf3175411ec75597f1a41a6325f6e09786e7282998ea9d856a650c504e57712,79.3392,34.5625,0.5962,30.694,2471.8747,346.488,0,0.0,20.1235,1000
glare,m29,2.5,0.1458,0,0,8.8985,159.6527,0.0287,0,881,0.0227,8.0069,daf3175411ec75597f1a41a6325f6e09786e7282998ea9d856a650c504e57712,1.7609,0.5666,0.8872,30.694,2471.8747,322.1555,0,0.0,19.685,1000
glare,m29,4.0,0.1458,0,0,8.8985,153.2938,0.0427,0,881,0.0,8.0069,daf3175411ec75597f1a41a6325f6e09786e7282998ea9d856a650c504e57712,0.0,0.0,1.0,30.694,2471.8747,322.1555,0,0.0,19.685,1000
motion,m29,0.05,0.1588,,,4.2146,127.3983,0.0,1,881,0.1487,8.0069,daf3175411ec75597f1a41a6325f6e09786e7282998ea9d856a650c504e57712,1206.0292,633.5609,0.0,30.694,1039.3587,1404.7604,1,0.0,49.4093,1000
motion,m29,0.1,0.1459,,,3.7698,70.326,0.0,1,881,0.14,8.0069,daf3175411ec75597f1a41a6325f6e09786e7282998ea9d856a650c504e57712,501.933,290.26,0.0,30.694,453.7988,1099.3936,1,0.0,55.2632,1000
motion,m29,0.15,0.1335,,,3.9412,40.3631,0.0,0,881,0.1297,8.0069,daf3175411ec75597f1a41a6325f6e09786e7282998ea9d856a650c504e57712,308.3615,177.923,0.0,30.694,41.1622,147.3002,1,0.0,70.6462,1000
motion,m29,0.2,0.1305,,,3.9123,33.6045,0.0,1,881,0.1253,8.0069,daf3175411ec75597f1a41a6325f6e09786e7282998ea9d856a650c504e57712,238.5971,140.9865,0.0,30.694,212.7773,513.4111,1,0.0,53.2584,1000
motion,m29,0.3,0.1198,,,3.6715,23.1767,0.0,1,881,0.1159,8.0069,daf3175411ec75597f1a41a6325f6e09786e7282998ea9d856a650c504e57712,171.9318,103.9764,0.0,30.694,146.5415,384.5572,1,0.0,55.6612,1000
motion,m29,0.4,0.1138,1,1,4.0984,18.0126,0.0,0,881,0.1097,8.0069,daf3175411ec75597f1a41a6325f6e09786e7282998ea9d856a650c504e57712,134.1962,82.5817,0.0,30.694,117.4558,276.0079,0,0.0,51.2016,1000
motion,m29,0.5,0.1112,0,0,4.2917,14.4888,0.0,0,881,0.1054,8.0069,daf3175411ec75597f1a41a6325f6e09786e7282998ea9d856a650c504e57712,108.7678,68.4342,0.0,30.694,93.2863,190.179,0,0.0,47.9456,1000
motion,m29,0.7,0.1094,0,0,5.8872,10.2675,0.0,0,881,0.0997,8.0069,daf3175411ec75597f1a41a6325f6e09786e7282998ea9d856a650c504e57712,76.951,49.7587,0.0,30.694,54.5145,59.6945,0,0.0,36.0369,1000
motion,m29,1.0,,0,0,,6.7769,0.0,,881,0.0934,8.0069,daf3175411ec75597f1a41a6325f6e09786e7282998ea9d856a650c504e57712,46.6514,30.8057,0.0,30.694,,,0,,,1000
scale,m29,26,0.1662,,,4.0861,325.8456,0.0001,1,746,0.1578,8.0069,daf3175411ec75597f1a41a6325f6e09786e7282998ea9d856a650c504e57712,3584.7703,1054.4501,0.0,25.9906,2973.6512,2016.3417,1,0.0,43.1385,847
scale,m29,22,0.1695,,,3.5423,420.0221,0.0001,0,631,0.1547,8.0069,daf3175411ec75597f1a41a6325f6e09786e7282998ea9d856a650c504e57712,3965.9601,701.0975,0.0,21.984,194.1681,223.6686,1,0.0,47.9241,717
scale,m29,18,0.1651,,,3.064,532.0674,0.0,0,517,0.1505,8.0069,daf3175411ec75597f1a41a6325f6e09786e7282998ea9d856a650c504e57712,4068.2905,379.5312,0.0,18.0123,274.5824,289.0942,1,0.0,47.9864,586
scale,m29,15,0.1328,,,4.0588,642.5599,0.0001,0,431,0.1489,8.0069,daf3175411ec75597f1a41a6325f6e09786e7282998ea9d856a650c504e57712,4256.1071,227.4588,0.0,15.016,263.8324,150.9974,1,0.0,33.9213,489
scale,m29,12,0.1491,,,3.6178,799.6247,0.0001,1,344,0.1423,8.0069,daf3175411ec75597f1a41a6325f6e09786e7282998ea9d856a650c504e57712,4566.6521,127.8602,0.0,11.985,5272.888,951.2043,1,0.0,22.2623,391
scale,m29,10,0.1476,,,4.038,945.5053,0.0001,1,287,0.1366,8.0069,daf3175411ec75597f1a41a6325f6e09786e7282998ea9d856a650c504e57712,4731.227,80.8692,0.0,9.9991,6866.0544,493.1496,1,0.0,16.7842,326
scale,m29,8,0.1382,,,3.8571,1104.3083,0.0001,1,230,0.1303,8.0069,daf3175411ec75597f1a41a6325f6e09786e7282998ea9d856a650c504e57712,5113.9368,34.3018,0.0,8.0132,7630.2845,310.6411,1,0.0,14.0,261
scale,m29,6,,0,0,,1266.7466,0.0001,,172,0.1211,8.0069,daf3175411ec75597f1a41a6325f6e09786e7282998ea9d856a650c504e57712,5751.4718,19.3966,0.0,5.9925,,,0,,,195
blur,m30,0.02,0.19,,,12.82,108.811,0.0024,1,3264,0.19,12.8174,85f19306a5983b6cd45e0ca3637a85c24e910271f79af2715cc7b66e202b3366,27.8797,501.2491,0.0,76.247,27.8797,501.2491,1,0.0,76.2326,2448
blur,m30,0.04,0.1516,1,1,5.053,35.83,0.0017,0,3264,0.1602,12.8174,85f19306a5983b6cd45e0ca3637a85c24e910271f79af2715cc7b66e202b3366,6.9512,139.3918,0.0,76.247,3.1182,402.293,0,0.0,153.3257,2448
blur,m30,0.06,0.1349,1,1,12.0069,12.4777,0.0014,1,3264,0.1336,12.8174,85f19306a5983b6cd45e0ca3637a85c24e910271f79af2715cc7b66e202b3366,3.0013,40.1187,0.0,76.247,2.8963,47.1416,0,0.0,81.0,2448
blur,m30,0.08,0.1252,0,1,5.4915,5.0498,0.0011,0,3264,0.1134,12.8174,85f19306a5983b6cd45e0ca3637a85c24e910271f79af2715cc7b66e202b3366,2.0136,12.6094,0.0,76.247,1.4313,48.7724,0,0.0,141.0626,2448
blur,m30,0.1,0.0991,0,0,5.9615,2.4108,0.001,0,3264,0.0984,12.8174,85f19306a5983b6cd45e0ca3637a85c24e910271f79af2715cc7b66e202b3366,1.7482,4.4901,0.0,76.247,1.4022,10.2466,0,0.0,123.3488,2448
blur,m30,0.13,0.0735,0,0,9.6287,1.0381,0.0008,0,3264,0.0821,12.8174,85f19306a5983b6cd45e0ca3637a85c24e910271f79af2715cc7b66e202b3366,1.6503,1.3333,0.0,76.247,1.4421,0.5073,0,0.0,71.4201,2448
blur,m30,0.16,,0,0,,0.5623,0.0006,,3264,0.0707,12.8174,85f19306a5983b6cd45e0ca3637a85c24e910271f79af2715cc7b66e202b3366,1.6398,0.5448,0.0,76.247,,,0,,,2448
blur,m30,0.2,,0,0,,0.32,0.0004,,3264,0.0603,12.8174,85f19306a5983b6cd45e0ca3637a85c24e910271f79af2715cc7b66e202b3366,1.5372,0.2518,0.0,76.247,,,0,,,2448
blur,m30,0.25,,0,0,,0.2087,0.0001,,3264,0.0521,12.8174,85f19306a5983b6cd45e0ca3637a85c24e910271f79af2715cc7b66e202b3366,1.5911,0.1389,0.0,76.247,,,0,,,2448
blur,m30,0.3,,0,0,,0.1643,0.0,,3264,0.047,12.8174,85f19306a5983b6cd45e0ca3637a85c24e910271f79af2715cc7b66e202b3366,1.503,0.1095,0.0,76.247,,,0,,,2448
edge,m30,2.0,0.2121,,,1.9153,238.338,0.0011,1,3264,0.21,1.9977,85f19306a5983b6cd45e0ca3637a85c24e910271f79af2715cc7b66e202b3366,513.5297,1291.5924,0.0,76.247,512.2426,1419.1089,1,0.0,80.9296,1623
edge,m30,1.0,0.2101,,,1.055,231.9886,0.0002,1,3264,0.21,1.0009,85f19306a5983b6cd45e0ca3637a85c24e910271f79af2715cc7b66e202b3366,513.5297,1291.5924,0.0,76.247,515.0286,1287.186,1,0.0,76.2326,1547
edge,m30,0.5,0.2101,,,0.5585,227.8641,0.0002,1,3264,0.21,0.5025,85f19306a5983b6cd45e0ca3637a85c24e910271f79af2715cc7b66e202b3366,513.5297,1291.5924,0.0,76.247,515.4374,1302.9317,1,0.0,76.2326,1509
edge,m30,0.25,0.21,,,0.249,225.7809,0.0002,1,3264,0.21,0.2533,85f19306a5983b6cd45e0ca3637a85c24e910271f79af2715cc7b66e202b3366,513.5297,1291.5924,0.0,76.247,513.5297,1291.5924,1,0.0,76.2326,1490
edge,m30,0.1,0.2131,,,0.1016,223.7239,0.0002,1,3264,0.211,0.0959,85f19306a5983b6cd45e0ca3637a85c24e910271f79af2715cc7b66e202b3366,521.9678,1313.2825,0.0,76.247,518.5194,1453.631,1,0.0,81.4538,1478
edge,m30,0.0,0.2102,,,0.062,223.601,0.0001,1,3264,0.2105,0.0041,85f19306a5983b6cd45e0ca3637a85c24e910271f79af2715cc7b66e202b3366,526.919,1326.0227,0.0,76.247,524.9006,1316.93,1,0.0,76.2326,1471
edge,m30,-0.5,0.213,0,0,0.0662,216.7252,0.0001,0,3264,0.2095,0.0,85f19306a5983b6cd45e0ca3637a85c24e910271f79af2715cc7b66e202b3366,529.1456,1292.6019,0.0,76.247,536.023,1193.8539,0,0.0,71.4884,1433
edge,m30,-1.0,0.2128,0,0,0.0587,209.7083,0.0001,0,3264,0.2103,0.0,85f19306a5983b6cd45e0ca3637a85c24e910271f79af2715cc7b66e202b3366,528.2516,1262.8866,0.0,76.247,536.9522,1243.9798,0,0.0,75.1534,1394
edge,m30,-2.0,0.1704,0,0,0.0357,194.2159,0.0,0,3264,0.206,0.0,85f19306a5983b6cd45e0ca3637a85c24e910271f79af2715cc7b66e202b3366,516.5604,1182.7063,0.0,76.247,151.6817,629.6259,0,0.0,125.1456,1318
glare,m30,0.3,0.1667,1,1,12.82,192.4742,0.0031,1,3264,0.1667,12.8174,85f19306a5983b6cd45e0ca3637a85c24e910271f79af2715cc7b66e202b3366,320.4458,799.7467,0.0,76.247,320.4458,799.7467,0,0.0,76.2326,2448
glare,m30,0.5,0.1411,1,1,12.82,184.2603,0.0031,1,3264,0.1411,12.8174,85f19306a5983b6cd45e0ca3637a85c24e910271f79af2715cc7b66e202b3366,218.944,544.0107,0.0,76.247,218.944,544.0107,0,0.0,76.2326,2448
glare,m30,0.7,0.1198,1,0,12.82,177.4323,0.0031,1,3264,0.1198,12.8174,85f19306a5983b6cd45e0ca3637a85c24e910271f79af2715cc7b66e202b3366,140.2371,345.2699,0.0,76.247,140.2371,345.2699,0,0.0,76.2326,2448
glare,m30,0.85,0.1085,,,12.82,173.2162,0.0031,1,3264,0.1085,12.8174,85f19306a5983b6cd45e0ca3637a85c24e910271f79af2715cc7b66e202b3366,96.2719,234.0546,0.0,76.247,96.2719,234.0546,1,0.0,76.2326,2448
glare,m30,1.0,0.154,0,0,6.2545,169.7661,0.0048,0,3264,0.1025,12.8174,85f19306a5983b6cd45e0ca3637a85c24e910271f79af2715cc7b66e202b3366,64.9042,155.5316,0.2206,76.247,62.1413,277.5822,0,0.0227,123.919,2448
glare,m30,1.5,0.1486,0,0,10.7071,162.4655,0.0141,0,3264,0.0677,12.8174,85f19306a5983b6cd45e0ca3637a85c24e910271f79af2715cc7b66e202b3366,18.2931,41.5171,0.6234,76.247,144.6577,289.1117,0,0.0,69.5233,2448
glare,m30,2.5,0.1558,0,0,10.7763,155.0918,0.026,0,3264,0.015,12.8174,85f19306a5983b6cd45e0ca3637a85c24e910271f79af2715cc7b66e202b3366,0.7623,0.908,0.9138,76.247,128.0881,252.5161,0,0.0,69.0827,2448
glare,m30,4.0,0.1754,0,0,10.8621,149.413,0.0369,0,3264,0.0,12.8174,85f19306a5983b6cd45e0ca3637a85c24e910271f79af2715cc7b66e202b3366,0.0,0.0,1.0,76.247,103.7579,205.6283,0,0.0009,68.5442,2448
motion,m30,0.05,0.2027,,,12.82,175.5553,0.003,1,3264,0.2027,12.8174,85f19306a5983b6cd45e0ca3637a85c24e910271f79af2715cc7b66e202b3366,141.1279,934.2197,0.0,76.247,141.1279,934.2197,1,0.0,76.2326,2448
motion,m30,0.1,0.1901,0,0,12.82,129.9909,0.0028,1,3264,0.1901,12.8174,85f19306a5983b6cd45e0ca3637a85c24e910271f79af2715cc7b66e202b3366,77.9447,618.2221,0.0,76.247,77.9447,618.2221,0,0.0,76.2326,2448
motion,m30,0.15,0.1553,0,1,5.6371,107.522,0.0026,0,3264,0.1799,12.8174,85f19306a5983b6cd45e0ca3637a85c24e910271f79af2715cc7b66e202b3366,59.2269,482.3117,0.0,76.247,20.0115,551.3523,0,0.0,137.4883,2448
motion,m30,0.2,0.1503,0,1,5.6326,87.1447,0.0024,0,3264,0.1677,12.8174,85f19306a5983b6cd45e0ca3637a85c24e910271f79af2715cc7b66e202b3366,45.783,376.8019,0.0,76.247,15.725,435.6135,0,0.0,137.5954,2448
motion,m30,0.3,0.1549,,,10.9886,64.5379,0.002,1,3264,0.1502,12.8174,85f19306a5983b6cd45e0ca3637a85c24e910271f79af2715cc7b66e202b3366,32.9275,276.9485,0.0,76.247,29.3064,350.1761,1,0.0,88.0544,2448
motion,m30,0.4,0.1424,0,0,4.8852,53.6313,0.0016,0,3264,0.1406,12.8174,85f19306a5983b6cd45e0ca3637a85c24e910271f79af2715cc7b66e202b3366,27.1681,231.7214,0.0,76.247,10.4395,331.6366,0,0.0,155.7499,2448
motion,m30,0.5,0.1252,0,0,6.1923,45.5949,0.0014,0,3264,0.1333,12.8174,85f19306a5983b6cd45e0ca3637a85c24e910271f79af2715cc7b66e202b3366,22.9816,200.104,0.0,76.247,7.5069,147.6074,0,0.0,123.3488,2448
motion,m30,0.7,0.1205,0,0,5.9761,36.7188,0.0011,0,3264,0.1258,12.8174,85f19306a5983b6cd45e0ca3637a85c24e910271f79af2715cc7b66e202b3366,18.5287,167.8886,0.0,76.247,5.9735,124.5377,0,0.0,126.8945,2448
motion,m30,1.0,,0,0,,29.5917,0.0009,,3264,0.1201,12.8174,85f19306a5983b6cd45e0ca3637a85c24e910271f79af2715cc7b66e202b3366,15.1362,145.3993,0.0,76.247,,,0,,,2448
scale,m30,48,0.2135,,,12.9591,209.6964,0.003,1,2055,0.2101,12.8153,85f19306a5983b6cd45e0ca3637a85c24e910271f79af2715cc7b66e202b3366,1135.5665,1289.9079,0.0,48.0048,1162.6477,1311.1571,1,0.0,47.4404,1541
scale,m30,40,0.2118,1,0,13.1372,211.0262,0.003,1,1712,0.2104,12.8174,85f19306a5983b6cd45e0ca3637a85c24e910271f79af2715cc7b66e202b3366,1560.3659,1274.636,0.0,39.9923,1580.2544,1252.8854,0,0.0,38.9923,1284
scale,m30,32,0.2095,,,11.9726,207.8261,0.003,1,1370,0.209,12.8112,85f19306a5983b6cd45e0ca3637a85c24e910271f79af2715cc7b66e202b3366,2175.4185,2175.4185,0.0,32.0032,2108.5103,1367.9033,1,0.0,34.1698,1027
scale,m30,26,0.2094,,,11.8536,198.9918,0.0029,1,1113,0.2074,12.8213,85f19306a5983b6cd45e0ca3637a85c24e910271f79af2715cc7b66e202b3366,3059.084,932.4532,0.0,25.9997,2993.5914,1176.9724,1,0.0,27.9749,835
scale,m30,22,0.2,,,12.7273,406.563,0.0028,1,942,0.2079,12.8084,85f19306a5983b6cd45e0ca3637a85c24e910271f79af2715cc7b66e202b3366,4237.7309,786.1693,0.0,22.0051,3997.1219,743.6533,1,0.0,22.0,706
scale,m30,18,0.1641,,,5.8235,563.7709,0.0027,0,771,0.2031,12.8119,85f19306a5983b6cd45e0ca3637a85c24e910271f79af2715cc7b66e202b3366,6219.8743,615.2568,0.0,18.0106,1273.0616,725.386,1,0.0,31.2352,578
scale,m30,15,0.1584,,,5.8462,758.236,0.0026,0,642,0.2028,12.8307,85f19306a5983b6cd45e0ca3637a85c24e910271f79af2715cc7b66e202b3366,8739.8424,468.0703,0.0,14.9971,1895.7716,579.9836,1,0.0,26.0,482
scale,m30,12,0.1631,0,0,5.4359,1059.313,0.0025,0,514,0.2003,12.8008,85f19306a5983b6cd45e0ca3637a85c24e910271f79af2715cc7b66e202b3366,12598.8023,323.0262,0.0,12.007,2999.0492,556.1081,0,0.0,22.3783,385
scale,m30,10,0.2071,1,0,12.9596,1318.9375,0.0024,1,428,0.1875,12.8174,85f19306a5983b6cd45e0ca3637a85c24e910271f79af2715cc7b66e202b3366,14418.7452,209.4338,0.0,9.9981,16664.0071,241.0645,0,0.0,10.0,321
scale,m30,8,0.1305,0,0,3.86,1586.622,0.0022,0,342,0.1778,12.8424,85f19306a5983b6cd45e0ca3637a85c24e910271f79af2715cc7b66e202b3366,16336.6972,86.7187,0.0015,7.9891,4141.6575,181.3288,0,0.0,16.0,257
scale,m30,6,0.1537,0,0,4.9936,1789.0132,0.0018,0,257,0.1566,12.834,85f19306a5983b6cd45e0ca3637a85c24e910271f79af2715cc7b66e202b3366,13909.4266,36.9626,0.0,6.0035,5814.6413,151.9438,0,0.0,11.9535,193
blur,m31,0.02,0.2415,,,7.4582,39.5237,0.0028,1,1439,0.2394,7.3638,2f8db0c25a4786f152ad7bc4ab03596e96a4612c07e841d513a76e5c33f16567,57.3944,874.792,0.137,77.0872,58.4587,853.3317,1,0.1398,76.0262,1610
blur,m31,0.04,0.1988,,,7.1756,5.3704,0.0013,1,1439,0.1991,7.3638,2f8db0c25a4786f152ad7bc4ab03596e96a4612c07e841d513a76e5c33f16567,9.2008,203.1743,0.0649,77.0872,9.1405,218.4807,1,0.0637,78.9774,1610
blur,m31,0.06,0.1626,,,6.9143,1.758,0.0002,1,1439,0.1625,7.3638,2f8db0c25a4786f152ad7bc4ab03596e96a4612c07e841d513a76e5c33f16567,4.1235,69.4425,0.0135,77.0872,3.9801,81.9497,1,0.0125,81.7614,1610
blur,m31,0.08,0.1391,,,6.3223,0.8428,0.0001,1,1439,0.1324,7.3638,2f8db0c25a4786f152ad7bc4ab03596e96a4612c07e841d513a76e5c33f16567,2.6229,24.2809,0.003,77.0872,2.5118,36.3917,1,0.0025,88.6852,1610
blur,m31,0.1,0.1197,,,6.2431,0.5197,0.0,1,1439,0.1097,7.3638,2f8db0c25a4786f152ad7bc4ab03596e96a4612c07e841d513a76e5c33f16567,2.1202,8.6866,0.0,77.0872,2.0577,13.9222,1,0.0,89.7264,1610
blur,m31,0.13,,0,0,,0.3439,0.0,,1439,0.0858,7.3638,2f8db0c25a4786f152ad7bc4ab03596e96a4612c07e841d513a76e5c33f16567,1.8478,2.4724,0.0,77.0872,,,0,,,1610
blur,m31,0.16,,0,0,,0.2767,0.0,,1439,0.0695,7.3638,2f8db0c25a4786f152ad7bc4ab03596e96a4612c07e841d513a76e5c33f16567,1.7695,0.9711,0.0,77.0872,,,0,,,1610
blur,m31,0.2,,0,0,,0.2397,0.0,,1439,0.0562,7.3638,2f8db0c25a4786f152ad7bc4ab03596e96a4612c07e841d513a76e5c33f16567,1.7441,0.3505,0.0,77.0872,,,0,,,1610
blur,m31,0.25,,0,0,,0.2193,0.0,,1439,0.0479,7.3638,2f8db0c25a4786f152ad7bc4ab03596e96a4612c07e841d513a76e5c33f16567,1.4755,0.2038,0.0,77.0872,,,0,,,1610
blur,m31,0.3,,0,0,,0.2144,0.0,,1439,0.0432,7.3638,2f8db0c25a4786f152ad7bc4ab03596e96a4612c07e841d513a76e5c33f16567,1.209,0.1816,0.0,77.0872,,,0,,,1610
edge,m31,2.0,0.2679,,,1.9469,214.7636,0.008,1,1439,0.2709,2.0062,2f8db0c25a4786f152ad7bc4ab03596e96a4612c07e841d513a76e5c33f16567,760.6468,2938.0512,0.2099,77.0872,778.3879,3233.2896,1,0.2067,79.4796,1079
edge,m31,1.0,0.269,,,0.9728,212.7281,0.0086,1,1439,0.2709,0.9943,2f8db0c25a4786f152ad7bc4ab03596e96a4612c07e841d513a76e5c33f16567,760.6468,2938.0512,0.2099,77.0872,756.27,3174.4441,1,0.2063,79.4796,1001
edge,m31,0.5,0.2706,,,0.5129,215.9743,0.0088,1,1439,0.2709,0.5014,2f8db0c25a4786f152ad7bc4ab03596e96a4612c07e841d513a76e5c33f16567,760.6468,2938.0512,0.2099,77.0872,757.6475,3028.1128,1,0.2087,77.3881,963
edge,m31,0.25,0.2703,,,0.2434,217.0884,0.0089,1,1439,0.2709,0.2549,2f8db0c25a4786f152ad7bc4ab03596e96a4612c07e841d513a76e5c33f16567,760.6468,2938.0512,0.2099,77.0872,762.3396,3168.2904,1,0.2087,77.3881,944
edge,m31,0.1,0.2698,,,0.1281,217.8743,0.009,1,1439,0.2729,0.0992,2f8db0c25a4786f152ad7bc4ab03596e96a4612c07e841d513a76e5c33f16567,779.566,3019.2299,0.2159,77.0872,757.7848,3214.2736,1,0.2069,80.5451,932
edge,m31,0.0,0.2706,,,0.0247,218.4164,0.009,1,1439,0.2741,0.0,2f8db0c25a4786f152ad7bc4ab03596e96a4612c07e841d513a76e5c33f16567,791.9031,3058.7993,0.2201,77.0872,778.145,3388.611,1,0.2126,80.3238,924
edge,m31,-0.5,0.2334,0,0,0.0452,214.0253,0.0087,0,1439,0.2714,0.0,2f8db0c25a4786f152ad7bc4ab03596e96a4612c07e841d513a76e5c33f16567,772.7667,2941.0216,0.225,77.0872,929.0742,1620.4985,0,0.0254,46.2469,886
edge,m31,-1.0,0.2719,0,0,0.3969,211.8779,0.0082,0,1439,0.2731,0.0,2f8db0c25a4786f152ad7bc4ab03596e96a4612c07e841d513a76e5c33f16567,784.0878,2958.403,0.2234,77.0872,772.1156,2997.9404,0,0.2223,78.5278,847
edge,m31,-2.0,,0,0,,202.5189,0.0067,,1439,0.2705,0.0,2f8db0c25a4786f152ad7bc4ab03596e96a4612c07e841d513a76e5c33f16567,797.6416,2874.2533,0.2109,77.0872,,,0,,,770
glare,m31,0.3,0.216,,,7.3636,214.5442,0.0065,1,1439,0.216,7.3638,2f8db0c25a4786f152ad7bc4ab03596e96a4612c07e841d513a76e5c33f16567,496.8009,1865.55,0.2584,77.0872,496.8009,1865.55,1,0.2584,77.0893,1610
glare,m31,0.5,0.1813,,,7.3636,203.1697,0.0075,1,1439,0.1813,7.3638,2f8db0c25a4786f152ad7bc4ab03596e96a4612c07e841d513a76e5c33f16567,356.131,1300.443,0.3031,77.0872,356.131,1300.443,1,0.3031,77.0893,1610
glare,m31,0.7,0.1515,,,7.5938,193.5447,0.0088,1,1439,0.1496,7.3638,2f8db0c25a4786f152ad7bc4ab03596e96a4612c07e841d513a76e5c33f16567,244.4148,856.3525,0.3668,77.0872,244.6626,811.2849,1,0.3818,74.7532,1610
glare,m31,0.85,0.1302,,,7.5938,187.4658,0.0095,1,1439,0.1288,7.3638,2f8db0c25a4786f152ad7bc4ab03596e96a4612c07e841d513a76e5c33f16567,179.2561,601.1104,0.4054,77.0872,177.9226,560.9418,1,0.4215,74.7532,1610
glare,m31,1.0,0.1133,,,7.5938,182.3959,0.0108,1,1439,0.1124,7.3638,2f8db0c25a4786f152ad7bc4ab03596e96a4612c07e841d513a76e5c33f16567,130.5006,413.4962,0.4724,77.0872,128.2505,378.8179,1,0.4909,74.7532,1610
glare,m31,1.5,0.1597,0,0,10.2381,171.2112,0.0229,0,1439,0.0704,7.3638,2f8db0c25a4786f152ad7bc4ab03596e96a4612c07e841d513a76e5c33f16567,50.1034,128.383,0.7706,77.0872,126.5023,254.5419,0,0.1847,49.0568,1610
glare,m31,2.5,,0,0,,160.1252,0.0395,,1439,0.0225,7.3638,2f8db0c25a4786f152ad7bc4ab03596e96a4612c07e841d513a76e5c33f16567,7.4102,10.5202,0.9522,77.0872,,,0,,,1610
glare,m31,4.0,,0,0,,151.8793,0.0535,,1439,0.0001,7.3638,2f8db0c25a4786f152ad7bc4ab03596e96a4612c07e841d513a76e5c33f16567,0.0006,0.0,1.0,77.0872,,,0,,,1610
motion,m31,0.05,0.261,,,7.3636,123.6631,0.0047,1,1439,0.261,7.3638,2f8db0c25a4786f152ad7bc4ab03596e96a4612c07e841d513a76e5c33f16567,403.5047,2207.9809,0.1908,77.0872,403.5047,2207.9809,1,0.1908,77.0893,1610
motion,m31,0.1,0.2453,,,7.2576,63.9425,0.004,1,1439,0.2463,7.3638,2f8db0c25a4786f152ad7bc4ab03596e96a4612c07e841d513a76e5c33f16567,304.5852,1537.5138,0.1682,77.0872,302.3203,1530.0398,1,0.1668,78.1434,1610
motion,m31,0.15,0.2252,,,6.7852,47.7614,0.0034,1,1439,0.2317,7.3638,2f8db0c25a4786f152ad7bc4ab03596e96a4612c07e841d513a76e5c33f16567,273.8877,1332.4797,0.1485,77.0872,257.8093,1472.3996,1,0.1343,83.2105,1610
motion,m31,0.2,0.2159,,,6.9143,41.3828,0.003,1,1439,0.2208,7.3638,2f8db0c25a4786f152ad7bc4ab03596e96a4612c07e841d513a76e5c33f16567,258.7537,1231.1387,0.134,77.0872,246.1873,1277.4211,1,0.1238,81.7614,1610
motion,m31,0.3,0.194,,,6.8952,32.6227,0.0025,1,1439,0.1965,7.3638,2f8db0c25a4786f152ad7bc4ab03596e96a4612c07e841d513a76e5c33f16567,236.3077,1084.2092,0.114,77.0872,226.7625,1208.4204,1,0.105,81.8144,1610
motion,m31,0.4,0.182,,,7.5938,27.8764,0.0022,1,1439,0.1805,7.3638,2f8db0c25a4786f152ad7bc4ab03596e96a4612c07e841d513a76e5c33f16567,223.049,1012.6938,0.1004,77.0872,227.6342,933.239,1,0.1023,74.7532,1610
motion,m31,0.5,,0,0,,24.8136,0.002,,1439,0.1693,7.3638,2f8db0c25a4786f152ad7bc4ab03596e96a4612c07e841d513a76e5c33f16567,214.1091,966.9509,0.0922,77.0872,,,0,,,1610
motion,m31,0.7,,0,0,,21.2313,0.0018,,1439,0.1566,7.3638,2f8db0c25a4786f152ad7bc4ab03596e96a4612c07e841d513a76e5c33f16567,202.4108,912.8353,0.0859,77.0872,,,0,,,1610
motion,m31,1.0,,0,0,,18.0832,0.0017,,1439,0.1516,7.3638,2f8db0c25a4786f152ad7bc4ab03596e96a4612c07e841d513a76e5c33f16567,190.5346,872.2156,0.0826,77.0872,,,0,,,1610
scale,m31,48,0.2647,,,6.6096,409.4395,0.0055,1,896,0.2711,7.3638,2f8db0c25a4786f152ad7bc4ab03596e96a4612c07e841d513a76e5c33f16567,2642.6258,2838.7471,0.2089,47.9987,2855.8813,3559.5913,1,0.1862,51.2005,1003
scale,m31,40,0.2674,,,7.2171,603.9485,0.0056,1,747,0.2689,7.3638,2f8db0c25a4786f152ad7bc4ab03596e96a4612c07e841d513a76e5c33f16567,3699.0494,2607.769,0.212,40.0168,3729.0475,3077.8914,1,0.2057,40.6346,835
scale,m31,32,0.2652,,,6.3882,898.0834,0.0054,1,597,0.2689,7.3638,2f8db0c25a4786f152ad7bc4ab03596e96a4612c07e841d513a76e5c33f16567,4928.8961,4928.8961,0.2112,31.9813,5273.5384,3191.375,1,0.1794,36.2334,668
scale,m31,26,0.2586,,,6.484,1184.3131,0.0054,1,485,0.2625,7.3638,2f8db0c25a4786f152ad7bc4ab03596e96a4612c07e841d513a76e5c33f16567,6166.4995,1673.7109,0.2083,25.9814,6356.7746,2591.9294,1,0.1892,29.1496,543
scale,m31,22,0.2506,,,5.6322,1400.2151,0.0053,1,411,0.2587,7.3638,2f8db0c25a4786f152ad7bc4ab03596e96a4612c07e841d513a76e5c33f16567,6645.9509,1125.6452,0.2056,22.0173,8123.8753,2753.3391,1,0.1561,27.2567,459
scale,m31,18,0.2441,,,5.8596,1602.3968,0.0047,1,336,0.2565,7.3638,2f8db0c25a4786f152ad7bc4ab03596e96a4612c07e841d513a76e5c33f16567,8179.9302,795.2618,0.1962,17.9995,9929.8873,1877.2392,1,0.1492,22.1714,376
scale,m31,15,0.2446,,,5.0838,1732.1509,0.0044,1,280,0.2501,7.3638,2f8db0c25a4786f152ad7bc4ab03596e96a4612c07e841d513a76e5c33f16567,11148.7176,633.2389,0.2123,14.9996,10796.8053,1426.1473,1,0.1285,20.0,313
scale,m31,12,0.2288,,,4.8889,1959.4056,0.0041,1,224,0.2454,7.3638,2f8db0c25a4786f152ad7bc4ab03596e96a4612c07e841d513a76e5c33f16567,16092.9013,424.4648,0.1984,11.9997,12167.0366,937.6486,1,0.108,16.6889,251
scale,m31,10,0.2254,,,4.7085,2252.4508,0.0039,1,187,0.2406,7.3638,2f8db0c25a4786f152ad7bc4ab03596e96a4612c07e841d513a76e5c33f16567,22977.241,330.7824,0.1754,10.0176,15582.7768,795.4752,1,0.0951,15.0869,209
scale,m31,8,0.2103,,,5.8,2729.7378,0.0039,1,149,0.2107,7.3638,2f8db0c25a4786f152ad7bc4ab03596e96a4612c07e841d513a76e5c33f16567,30006.7789,144.2495,0.1798,7.9819,21597.3722,294.1363,1,0.1302,9.9333,167
scale,m31,6,,0,0,,3368.9787,0.0029,,112,0.1768,7.3638,2f8db0c25a4786f152ad7bc4ab03596e96a4612c07e841d513a76e5c33f16567,27879.419,56.265,0.123,5.9998,,,0,,,125
blur,m32,0.02,0.1339,,,1.7826,94.1863,0.0183,0,2880,0.0922,7.4001,b701b994331e7090d85bae72f41111ac750b75651ff524dd64b0aec9d199d8b2,6.8098,119.5265,0.0,83.7216,8.001,279.104,1,0.0,128.3721,3840
blur,m32,0.04,0.1281,,,1.7579,28.0983,0.0166,0,2880,0.0779,7.4001,b701b994331e7090d85bae72f41111ac750b75651ff524dd64b0aec9d199d8b2,2.4407,31.834,0.0,83.7216,2.1092,80.5885,1,0.0,130.0919,3840
blur,m32,0.06,0.1254,,,1.7391,10.1378,0.0151,0,2880,0.066,7.4001,b701b994331e7090d85bae72f41111ac750b75651ff524dd64b0aec9d199d8b2,1.7284,9.1239,0.0,83.7216,1.7088,22.911,1,0.0,128.3721,3840
blur,m32,0.08,0.1238,,,1.625,4.518,0.0137,0,2880,0.0569,7.4001,b701b994331e7090d85bae72f41111ac750b75651ff524dd64b0aec9d199d8b2,1.5823,3.0075,0.0,83.7216,1.5703,8.9809,1,0.0,133.9535,3840
blur,m32,0.1,0.1219,,,1.6244,2.4007,0.0125,0,2880,0.0502,7.4001,b701b994331e7090d85bae72f41111ac750b75651ff524dd64b0aec9d199d8b2,1.5454,1.1868,0.0,83.7216,1.549,3.8567,1,0.0,134.0,3840
blur,m32,0.13,0.0541,,,3.9019,1.1532,0.0108,0,2880,0.0426,7.4001,b701b994331e7090d85bae72f41111ac750b75651ff524dd64b0aec9d199d8b2,1.5074,0.4348,0.0,83.7216,1.3251,2.0064,1,0.0,124.2584,3840
blur,m32,0.16,0.0456,0,0,3.9508,0.6577,0.0094,0,2880,0.0373,7.4001,b701b994331e7090d85bae72f41111ac750b75651ff524dd64b0aec9d199d8b2,1.3182,0.238,0.0,83.7216,1.3424,0.7863,0,0.0,121.8144,3840
blur,m32,0.2,,0,0,,0.376,0.008,,2880,0.0325,7.4001,b701b994331e7090d85bae72f41111ac750b75651ff524dd64b0aec9d199d8b2,1.1463,0.1595,0.0,83.7216,,,0,,,3840
blur,m32,0.25,,0,0,,0.2321,0.0065,,2880,0.0292,7.4001,b701b994331e7090d85bae72f41111ac750b75651ff524dd64b0aec9d199d8b2,0.9607,0.1344,0.0,83.7216,,,0,,,3840
blur,m32,0.3,,0,0,,0.1714,0.005,,2880,0.0278,7.4001,b701b994331e7090d85bae72f41111ac750b75651ff524dd64b0aec9d199d8b2,0.8105,0.1355,0.0,83.7216,,,0,,,3840
edge,m32,2.0,0.0996,,,0.5007,134.4301,0.0215,0,2880,0.1035,2.0026,b701b994331e7090d85bae72f41111ac750b75651ff524dd64b0aec9d199d8b2,196.3832,381.5871,0.0,83.7216,85.3342,218.481,1,0.0,116.3775,2283
edge,m32,1.0,0.1,,,0.0322,130.8263,0.0223,0,2880,0.1035,0.9993,b701b994331e7090d85bae72f41111ac750b75651ff524dd64b0aec9d199d8b2,196.3832,381.5871,0.0,83.7216,86.3959,224.8926,1,0.0,117.682,2199
edge,m32,0.5,0.0981,,,0.0353,128.965,0.0227,0,2880,0.1035,0.4976,b701b994331e7090d85bae72f41111ac750b75651ff524dd64b0aec9d199d8b2,196.3832,381.5871,0.0,83.7216,83.3338,204.0223,1,0.0,114.4921,2157
edge,m32,0.25,0.0984,,,0.032,127.1907,0.0229,0,2880,0.1035,0.2468,b701b994331e7090d85bae72f41111ac750b75651ff524dd64b0aec9d199d8b2,196.3832,381.5871,0.0,83.7216,82.1647,214.6304,1,0.0,117.4832,2136
edge,m32,0.1,0.0981,,,0.1843,127.3876,0.0231,0,2880,0.104,0.1034,b701b994331e7090d85bae72f41111ac750b75651ff524dd64b0aec9d199d8b2,198.6995,387.544,0.0,83.7216,81.2591,202.2417,1,0.0,113.4186,2124
edge,m32,0.0,0.0977,,,0.0737,127.0476,0.0232,0,2880,0.1044,0.0,b701b994331e7090d85bae72f41111ac750b75651ff524dd64b0aec9d199d8b2,200.3654,391.5013,0.0,83.7216,80.6527,198.4545,1,0.0,113.4186,2115
edge,m32,-0.5,0.0964,0,0,0.0399,125.0351,0.0236,0,2880,0.104,0.0,b701b994331e7090d85bae72f41111ac750b75651ff524dd64b0aec9d199d8b2,197.7967,386.1121,0.0,83.7216,78.9325,172.6579,0,0.0,104.6512,2073
edge,m32,-1.0,0.0976,0,0,0.4884,121.3018,0.0241,0,2880,0.1035,0.0,b701b994331e7090d85bae72f41111ac750b75651ff524dd64b0aec9d199d8b2,194.77,382.8551,0.0,83.7216,78.0186,190.3225,0,0.0,110.7947,2032
edge,m32,-2.0,0.0973,0,0,0.0369,116.2906,0.0252,0,2880,0.1034,0.0,b701b994331e7090d85bae72f41111ac750b75651ff524dd64b0aec9d199d8b2,191.7017,375.0415,0.0,83.7216,76.3714,193.1709,0,0.0,113.4186,1948
glare,m32,0.3,0.1516,,,1.7826,182.8638,0.0193,0,2880,0.1005,7.4001,b701b994331e7090d85bae72f41111ac750b75651ff524dd64b0aec9d199d8b2,121.1437,230.2037,0.0,83.7216,2422.5036,583.8364,1,0.0,128.3721,3840
glare,m32,0.5,0.1516,,,1.7826,177.2303,0.0193,0,2880,0.1177,7.4001,b701b994331e7090d85bae72f41111ac750b75651ff524dd64b0aec9d199d8b2,81.5466,152.3741,0.0,83.7216,2422.5036,583.8364,1,0.0,128.3721,3840
glare,m32,0.7,0.1516,,,1.7826,172.4543,0.0193,0,2880,0.1447,7.4001,b701b994331e7090d85bae72f41111ac750b75651ff524dd64b0aec9d199d8b2,51.2933,93.0524,0.0,83.7216,2422.5036,583.8364,1,0.0,128.3721,3840
glare,m32,0.85,0.1516,,,1.7826,169.3779,0.0193,0,2880,0.1686,7.4001,b701b994331e7090d85bae72f41111ac750b75651ff524dd64b0aec9d199d8b2,34.6228,60.7053,0.0,83.7216,2422.5036,583.8364,1,0.0,128.3721,3840
glare,m32,1.0,0.1516,,,1.7826,166.8055,0.0202,0,2880,0.1944,7.4001,b701b994331e7090d85bae72f41111ac750b75651ff524dd64b0aec9d199d8b2,22.9736,38.8182,0.1055,83.7216,2422.5036,583.8364,1,0.0,128.3721,3840
glare,m32,1.5,0.1516,0,0,1.7826,160.8447,0.0348,0,2880,0.1496,7.4001,b701b994331e7090d85bae72f41111ac750b75651ff524dd64b0aec9d199d8b2,6.519,9.9701,0.607,83.7216,2422.5036,583.8364,0,0.0,128.3721,3840
glare,m32,2.5,0.1516,0,0,1.7826,153.5171,0.0533,0,2880,0.0363,7.4001,b701b994331e7090d85bae72f41111ac750b75651ff524dd64b0aec9d199d8b2,0.281,0.1369,0.903,83.7216,2422.5036,583.8364,0,0.0,128.3721,3840
glare,m32,4.0,0.1516,0,0,1.7826,146.9052,0.0703,0,2880,0.0,7.4001,b701b994331e7090d85bae72f41111ac750b75651ff524dd64b0aec9d199d8b2,0.0,0.0,1.0,83.7216,2422.5036,583.8364,0,0.0,128.3721,3840
motion,m32,0.05,0.1416,,,1.7589,154.3446,0.0188,0,2880,0.0993,7.4001,b701b994331e7090d85bae72f41111ac750b75651ff524dd64b0aec9d199d8b2,55.5658,258.7673,0.0,83.7216,611.8857,465.0876,1,0.0,130.0175,3840
motion,m32,0.1,0.1372,,,1.7826,96.6029,0.018,0,2880,0.0935,7.4001,b701b994331e7090d85bae72f41111ac750b75651ff524dd64b0aec9d199d8b2,28.8718,151.7152,0.0,83.7216,441.4919,292.9795,1,0.0,128.3721,3840
motion,m32,0.15,0.1335,,,1.8291,62.1073,0.0169,0,2880,0.0865,7.4001,b701b994331e7090d85bae72f41111ac750b75651ff524dd64b0aec9d199d8b2,19.0745,97.9023,0.0,83.7216,373.6466,173.6592,1,0.0,125.0037,3840
motion,m32,0.2,0.1322,,,1.7768,49.9115,0.0159,0,2880,0.0819,7.4001,b701b994331e7090d85bae72f41111ac750b75651ff524dd64b0aec9d199d8b2,15.3411,76.9425,0.0,83.7216,335.3239,132.7345,1,0.0,125.5251,3840
motion,m32,0.3,0.1282,,,1.8182,38.956,0.0143,0,2880,0.0752,7.4001,b701b994331e7090d85bae72f41111ac750b75651ff524dd64b0aec9d199d8b2,11.4688,56.583,0.0,83.7216,294.8864,105.3317,1,0.0,122.7907,3840
motion,m32,0.4,0.1286,,,1.52,33.4965,0.013,0,2880,0.071,7.4001,b701b994331e7090d85bae72f41111ac750b75651ff524dd64b0aec9d199d8b2,9.3134,45.7649,0.0,83.7216,224.8467,88.3222,1,0.0,139.5349,3840
motion,m32,0.5,0.0741,0,0,3.8064,29.7992,0.0116,0,2880,0.068,7.4001,b701b994331e7090d85bae72f41111ac750b75651ff524dd64b0aec9d199d8b2,7.8587,38.6349,0.0,83.7216,4.6288,65.8917,0,0.0,125.6091,3840
motion,m32,0.7,0.1218,0,0,1.7208,25.8255,0.0095,0,2880,0.0651,7.4001,b701b994331e7090d85bae72f41111ac750b75651ff524dd64b0aec9d199d8b2,6.1845,31.9211,0.0,83.7216,195.479,50.7923,0,0.0,123.2558,3840
motion,m32,1.0,,0,0,,22.547,0.0073,,2880,0.0632,7.4001,b701b994331e7090d85bae72f41111ac750b75651ff524dd64b0aec9d199d8b2,5.0383,27.897,0.0,83.7216,,,0,,,3840
scale,m32,48,0.1446,,,1.7831,195.6905,0.0192,0,1651,0.1027,7.4001,b701b994331e7090d85bae72f41111ac750b75651ff524dd64b0aec9d199d8b2,512.6944,377.3421,0.0,47.9946,1913.9548,602.6053,1,0.0,73.5911,2202
scale,m32,40,0.1421,,,1.7641,195.959,0.0192,0,1376,0.1025,7.4001,b701b994331e7090d85bae72f41111ac750b75651ff524dd64b0aec9d199d8b2,618.2637,370.7947,0.0,40.0003,1604.3787,580.6017,1,0.0,61.9573,1835
scale,m32,32,0.1418,,,1.7425,193.6341,0.0192,0,1101,0.1019,7.4001,b701b994331e7090d85bae72f41111ac750b75651ff524dd64b0aec9d199d8b2,737.3426,737.3426,0.0,32.0061,1416.3015,569.3688,1,0.0,48.9807,1468
scale,m32,26,0.1396,,,1.7485,183.1748,0.0191,0,894,0.1014,7.4001,b701b994331e7090d85bae72f41111ac750b75651ff524dd64b0aec9d199d8b2,851.1037,238.6638,0.0,25.9886,1183.8405,556.9115,1,0.0,40.0,1193
scale,m32,22,0.1394,,,1.646,357.2839,0.019,0,757,0.099,7.4001,b701b994331e7090d85bae72f41111ac750b75651ff524dd64b0aec9d199d8b2,994.2672,171.8753,0.0,22.006,1039.3737,513.9104,1,0.0,35.1397,1009
scale,m32,18,0.1367,,,1.6026,438.9062,0.019,0,619,0.1007,7.4001,b701b994331e7090d85bae72f41111ac750b75651ff524dd64b0aec9d199d8b2,1538.0276,148.0351,0.0,17.9943,1036.6011,435.4554,1,0.0,29.9516,826
scale,m32,15,0.1358,,,1.6667,540.1234,0.0188,0,516,0.0986,7.4001,b701b994331e7090d85bae72f41111ac750b75651ff524dd64b0aec9d199d8b2,2100.036,106.4484,0.0,15.0001,1304.7375,263.6208,1,0.0,24.0,688
scale,m32,12,0.0954,,,3.7778,685.0617,0.0184,1,413,0.0959,7.4001,b701b994331e7090d85bae72f41111ac750b75651ff524dd64b0aec9d199d8b2,3015.0816,75.7095,0.0,12.0059,1213.2776,119.5281,1,0.0,17.9565,550
scale,m32,10,0.0977,,,4.1429,801.6506,0.0182,0,344,0.0945,7.4001,b701b994331e7090d85bae72f41111ac750b75651ff524dd64b0aec9d199d8b2,3564.1226,49.4952,0.0,10.0001,1953.0922,85.2851,1,0.0,14.0,459
scale,m32,8,0.1367,,,1.4299,938.0073,0.0174,0,275,0.0839,7.4001,b701b994331e7090d85bae72f41111ac750b75651ff524dd64b0aec9d199d8b2,4150.4376,19.6092,0.0,7.9942,1727.8438,67.2317,1,0.0,13.9493,367
scale,m32,6,0.0866,,,3.4,1203.0858,0.0169,1,206,0.0768,7.4001,b701b994331e7090d85bae72f41111ac750b75651ff524dd64b0aec9d199d8b2,4092.0169,9.3885,0.0,5.9884,3542.5696,46.8999,1,0.0,10.0,275
blur,m33,0.02,0.1351,,,3.419,9.1856,0.0,0,1840,0.0711,0.7164,7896b80fec49da6fa430ab1eb6427aaf41f5877692a2cbc43ae8ec1f940fb964,1.2379,99.5067,0.0,235.8696,1.2612,73.3354,1,0.0,166.6869,3264
blur,m33,0.04,0.1386,,,1.9651,1.19,0.0,0,1840,0.059,0.7164,7896b80fec49da6fa430ab1eb6427aaf41f5877692a2cbc43ae8ec1f940fb964,1.0173,18.9536,0.0,235.8696,1.0188,30.5486,1,0.0,252.4661,3264
blur,m33,0.06,0.112,,,2.1765,0.3932,0.0,0,1840,0.0501,0.7164,7896b80fec49da6fa430ab1eb6427aaf41f5877692a2cbc43ae8ec1f940fb964,1.0719,5.1809,0.0,235.8696,1.1037,5.0932,1,0.0,230.0001,3264
blur,m33,0.08,0.042,1,1,0.8087,0.2197,0.0,0,1840,0.0438,0.7164,7896b80fec49da6fa430ab1eb6427aaf41f5877692a2cbc43ae8ec1f940fb964,1.073,1.7354,0.0,235.8696,1.1146,1.3991,0,0.0,217.4237,3264
blur,m33,0.1,,0,0,,0.1654,0.0,,1840,0.0394,0.7164,7896b80fec49da6fa430ab1eb6427aaf41f5877692a2cbc43ae8ec1f940fb964,0.9753,0.6765,0.0,235.8696,,,0,,,3264
blur,m33,0.13,,0,0,,0.1418,0.0,,1840,0.0348,0.7164,7896b80fec49da6fa430ab1eb6427aaf41f5877692a2cbc43ae8ec1f940fb964,0.767,0.2535,0.0,235.8696,,,0,,,3264
blur,m33,0.16,,0,0,,0.1364,0.0,,1840,0.0318,0.7164,7896b80fec49da6fa430ab1eb6427aaf41f5877692a2cbc43ae8ec1f940fb964,0.6132,0.1573,0.0,235.8696,,,0,,,3264
blur,m33,0.2,,0,0,,0.1357,0.0,,1840,0.029,0.7164,7896b80fec49da6fa430ab1eb6427aaf41f5877692a2cbc43ae8ec1f940fb964,0.4688,0.1398,0.0,235.8696,,,0,,,3264
blur,m33,0.25,,0,0,,0.1388,0.0,,1840,0.027,0.7164,7896b80fec49da6fa430ab1eb6427aaf41f5877692a2cbc43ae8ec1f940fb964,0.358,0.1619,0.0,235.8696,,,0,,,3264
blur,m33,0.3,,0,0,,0.1468,0.0,,1840,0.0257,0.7164,7896b80fec49da6fa430ab1eb6427aaf41f5877692a2cbc43ae8ec1f940fb964,0.2947,0.1595,0.0,235.8696,,,0,,,3264
edge,m33,2.0,0.1645,,,1.4019,292.1035,0.0003,0,1840,0.0904,0.7164,7896b80fec49da6fa430ab1eb6427aaf41f5877692a2cbc43ae8ec1f940fb964,160.1648,402.5174,0.0,235.8696,299.1156,665.8039,1,0.0001,243.4088,2427
edge,m33,1.0,0.1667,,,0.4527,266.2593,0.0001,0,1840,0.0904,0.7164,7896b80fec49da6fa430ab1eb6427aaf41f5877692a2cbc43ae8ec1f940fb964,160.1648,402.5174,0.0,235.8696,307.2561,677.2524,1,0.0001,238.4947,2191
edge,m33,0.5,0.1643,,,0.0104,257.9776,0.0001,0,1840,0.0904,0.5,7896b80fec49da6fa430ab1eb6427aaf41f5877692a2cbc43ae8ec1f940fb964,160.1648,402.5174,0.0,235.8696,249.0945,577.7395,1,0.0,216.0232,2073
edge,m33,0.25,0.1562,,,0.2632,238.3642,0.0001,0,1840,0.0904,0.2498,7896b80fec49da6fa430ab1eb6427aaf41f5877692a2cbc43ae8ec1f940fb964,160.1648,402.5174,0.0,235.8696,266.781,520.3932,1,0.0,177.3505,2014
edge,m33,0.1,0.1513,,,0.1031,232.894,0.0001,0,1840,0.0905,0.1015,7896b80fec49da6fa430ab1eb6427aaf41f5877692a2cbc43ae8ec1f940fb964,160.6044,418.0072,0.0,235.8696,244.6129,519.3973,1,0.0,190.4854,1979
edge,m33,0.0,0.1542,,,0.0161,230.4309,0.0001,0,1840,0.0905,0.0,7896b80fec49da6fa430ab1eb6427aaf41f5877692a2cbc43ae8ec1f940fb964,160.6899,421.3961,0.0,235.8696,268.6449,526.9208,1,0.0,176.4127,1955
edge,m33,-0.5,0.1494,0,0,0.122,206.346,0.0001,0,1840,0.0871,0.0,7896b80fec49da6fa430ab1eb6427aaf41f5877692a2cbc43ae8ec1f940fb964,138.3383,387.4224,0.0,235.8696,252.4215,497.9157,0,0.0,171.0299,1837
edge,m33,-1.0,0.0894,0,0,0.0321,199.3155,0.0002,0,1840,0.0874,0.0,7896b80fec49da6fa430ab1eb6427aaf41f5877692a2cbc43ae8ec1f940fb964,138.9785,401.3735,0.0,235.8696,147.6775,404.8816,0,0.0,237.6667,1719
edge,m33,-2.0,0.1313,0,0,0.0163,175.8633,0.0002,0,1840,0.084,0.0,7896b80fec49da6fa430ab1eb6427aaf41f5877692a2cbc43ae8ec1f940fb964,128.8014,363.2363,0.0,235.8696,244.8682,543.562,0,0.0,163.4651,1483
glare,m33,0.3,0.1571,,,1.8692,301.8706,0.0003,0,1840,0.0806,0.7164,7896b80fec49da6fa430ab1eb6427aaf41f5877692a2cbc43ae8ec1f940fb964,104.8321,254.8554,0.0,235.8696,228.5375,559.1296,1,0.0001,258.7923,3264
glare,m33,0.5,0.1577,,,1.8699,288.1461,0.0003,0,1840,0.0865,0.7164,7896b80fec49da6fa430ab1eb6427aaf41f5877692a2cbc43ae8ec1f940fb964,74.9667,177.0868,0.0,235.8696,193.7451,489.0961,1,0.0001,258.7262,3264
glare,m33,0.7,0.1635,,,1.8214,276.2117,0.0003,0,1840,0.1009,0.7164,7896b80fec49da6fa430ab1eb6427aaf41f5877692a2cbc43ae8ec1f940fb964,51.3297,116.3639,0.0,235.8696,164.1176,441.4132,1,0.0001,265.567,3264
glare,m33,0.85,0.1672,,,1.9563,268.5342,0.0003,0,1840,0.1152,0.7164,7896b80fec49da6fa430ab1eb6427aaf41f5877692a2cbc43ae8ec1f940fb964,37.736,81.7595,0.0,235.8696,147.2259,407.4659,1,0.0002,252.0,3264
glare,m33,1.0,0.1728,0,0,2.0154,261.882,0.0044,0,1840,0.1314,0.7164,7896b80fec49da6fa430ab1eb6427aaf41f5877692a2cbc43ae8ec1f940fb964,27.4687,56.4492,0.0667,235.8696,130.8092,348.7029,0,0.0005,247.0619,3264
glare,m33,1.5,0.1591,0,0,3.4266,246.2848,0.0488,0,1840,0.1148,0.7164,7896b80fec49da6fa430ab1eb6427aaf41f5877692a2cbc43ae8ec1f940fb964,10.2906,18.5097,0.5516,235.8696,94.3257,237.2164,0,0.0585,166.0515,3264
glare,m33,2.5,,0,0,,228.4057,0.092,,1840,0.0466,0.7164,7896b80fec49da6fa430ab1eb6427aaf41f5877692a2cbc43ae8ec1f940fb964,1.3786,1.5691,0.8346,235.8696,,,0,,,3264
glare,m33,4.0,,0,0,,213.461,0.1275,,1840,0.0008,0.7164,7896b80fec49da6fa430ab1eb6427aaf41f5877692a2cbc43ae8ec1f940fb964,0.0046,0.0086,0.9996,235.8696,,,0,,,3264
motion,m33,0.05,0.1624,,,3.0672,132.3023,0.0001,0,1840,0.0839,0.7164,7896b80fec49da6fa430ab1eb6427aaf41f5877692a2cbc43ae8ec1f940fb964,43.0766,287.7372,0.0,235.8696,45.335,409.3465,1,0.0,184.1206,3264
motion,m33,0.1,0.1545,,,2.9286,103.9075,0.0,0,1840,0.0785,0.7164,7896b80fec49da6fa430ab1eb6427aaf41f5877692a2cbc43ae8ec1f940fb964,35.9282,203.676,0.0,235.8696,29.5705,298.862,1,0.0,189.4118,3264
motion,m33,0.15,0.1611,,,2.1848,94.0455,0.0,0,1840,0.0739,0.7164,7896b80fec49da6fa430ab1eb6427aaf41f5877692a2cbc43ae8ec1f940fb964,32.6981,175.0212,0.0,235.8696,93.332,400.0653,1,0.0,234.3282,3264
motion,m33,0.2,0.1443,,,2.9722,87.4386,0.0,0,1840,0.0696,0.7164,7896b80fec49da6fa430ab1eb6427aaf41f5877692a2cbc43ae8ec1f940fb964,29.8782,160.4519,0.0,235.8696,21.6254,232.3132,1,0.0,185.9241,3264
motion,m33,0.3,0.0713,1,1,0.6519,78.5928,0.0,0,1840,0.0636,0.7164,7896b80fec49da6fa430ab1eb6427aaf41f5877692a2cbc43ae8ec1f940fb964,25.4731,148.2571,0.0,235.8696,53.182,201.1261,0,0.0,247.0062,3264
motion,m33,0.4,0.0465,,,0.8444,72.1083,0.0,1,1840,0.06,0.7164,7896b80fec49da6fa430ab1eb6427aaf41f5877692a2cbc43ae8ec1f940fb964,21.8716,142.1326,0.0,235.8696,5.5455,21.2235,1,0.0,213.4021,3264
motion,m33,0.5,,0,0,,66.3361,0.0,,1840,0.0574,0.7164,7896b80fec49da6fa430ab1eb6427aaf41f5877692a2cbc43ae8ec1f940fb964,18.4957,137.6332,0.0,235.8696,,,0,,,3264
motion,m33,0.7,,0,0,,56.8934,0.0,,1840,0.0537,0.7164,7896b80fec49da6fa430ab1eb6427aaf41f5877692a2cbc43ae8ec1f940fb964,13.0376,130.9411,0.0,235.8696,,,0,,,3264
motion,m33,1.0,,0,0,,45.9167,0.0,,1840,0.0512,0.7164,7896b80fec49da6fa430ab1eb6427aaf41f5877692a2cbc43ae8ec1f940fb964,8.1527,123.1752,0.0,235.8696,,,0,,,3264
scale,m33,48,0.1503,,,1.5152,683.0412,0.0001,0,374,0.0838,0.7164,7896b80fec49da6fa430ab1eb6427aaf41f5877692a2cbc43ae8ec1f940fb964,612.9675,413.3384,0.0,47.9431,946.6002,662.7639,1,0.0,60.0785,664
scale,m33,40,0.0846,,,0.5873,752.9415,0.0001,1,312,0.0837,0.7164,7896b80fec49da6fa430ab1eb6427aaf41f5877692a2cbc43ae8ec1f940fb964,668.8037,347.787,0.0,39.9953,715.3499,441.1114,1,0.0,43.2262,554
scale,m33,32,0.1579,,,1.9712,918.8749,0.0001,0,250,0.0814,0.7164,7896b80fec49da6fa430ab1eb6427aaf41f5877692a2cbc43ae8ec1f940fb964,740.2596,740.2596,0.0,32.0475,1287.7818,623.8306,1,0.0,34.3968,443
scale,m33,26,0.1467,,,1.5093,1131.9395,0.0001,0,203,0.0797,0.7164,7896b80fec49da6fa430ab1eb6427aaf41f5877692a2cbc43ae8ec1f940fb964,831.6795,219.1586,0.0,26.0226,1313.307,640.7067,1,0.0,32.6867,360
scale,m33,22,0.1451,,,1.7492,1315.3089,0.0001,0,172,0.078,0.7164,7896b80fec49da6fa430ab1eb6427aaf41f5877692a2cbc43ae8ec1f940fb964,952.4281,162.192,0.0,22.0487,1471.3058,376.4676,1,0.0,24.8983,304
scale,m33,18,0.1533,,,2.1111,1526.4031,0.0001,0,140,0.0759,0.7164,7896b80fec49da6fa430ab1eb6427aaf41f5877692a2cbc43ae8ec1f940fb964,1159.944,112.6991,0.0,17.9466,1774.3459,165.1759,1,0.0,18.0,249
scale,m33,15,0.0737,,,0.8571,1726.9581,0.0001,1,117,0.0744,0.7164,7896b80fec49da6fa430ab1eb6427aaf41f5877692a2cbc43ae8ec1f940fb964,1215.2602,63.9316,0.0,14.9982,1266.815,50.695,1,0.0,13.8814,208
scale,m33,12,0.0701,,,0.6667,1924.9332,0.0001,1,94,0.0728,0.7164,7896b80fec49da6fa430ab1eb6427aaf41f5877692a2cbc43ae8ec1f940fb964,1544.1593,39.4528,0.0,12.0499,1676.7792,41.5333,1,0.0,12.0,166
scale,m33,10,0.0735,1,1,1.6667,2063.5781,0.0,0,78,0.0696,0.7164,7896b80fec49da6fa430ab1eb6427aaf41f5877692a2cbc43ae8ec1f940fb964,1802.0981,26.2529,0.0,9.9988,2238.3833,6.6546,0,0.0,6.0,138
scale,m33,8,,0,0,,2281.9387,0.0001,,62,0.0654,0.7164,7896b80fec49da6fa430ab1eb6427aaf41f5877692a2cbc43ae8ec1f940fb964,2037.2195,13.6782,0.0,7.9478,,,0,,,111
scale,m33,6,,0,0,,2608.9941,0.0003,,47,0.0569,0.7164,7896b80fec49da6fa430ab1eb6427aaf41f5877692a2cbc43ae8ec1f940fb964,2000.3648,5.13,0.0,6.0249,,,0,,,83
blur,m34,0.02,0.1503,,,7.8394,148.849,0.0,0,3072,0.1757,15.7474,0c15d866c50ec35202bfd5f6389ba80783c240524802bb23ee82412119174c03,374.0796,438.6229,0.0,35.7274,284.924,721.8259,1,0.0,47.6526,2304
blur,m34,0.04,0.1297,,,8.1067,76.7352,0.0,0,3072,0.1483,15.7474,0c15d866c50ec35202bfd5f6389ba80783c240524802bb23ee82412119174c03,94.6035,126.3843,0.0,35.7274,59.1616,178.8978,1,0.0,46.0937,2304
blur,m34,0.06,0.1202,,,10.6232,35.5393,0.0,0,3072,0.1257,15.7474,0c15d866c50ec35202bfd5f6389ba80783c240524802bb23ee82412119174c03,25.3382,34.2195,0.0,35.7274,16.3555,20.609,1,0.0,35.6225,2304
blur,m34,0.08,0.1108,,,7.5785,18.6909,0.0,0,3072,0.1096,15.7474,0c15d866c50ec35202bfd5f6389ba80783c240524802bb23ee82412119174c03,8.3481,10.2748,0.0,35.7274,5.038,20.7101,1,0.0,51.566,2304
blur,m34,0.1,,0,0,,10.4536,0.0,,3072,0.0973,15.7474,0c15d866c50ec35202bfd5f6389ba80783c240524802bb23ee82412119174c03,4.0926,4.0603,0.0,35.7274,,,0,,,2304
blur,m34,0.13,,0,0,,5.0631,0.0,,3072,0.0835,15.7474,0c15d866c50ec35202bfd5f6389ba80783c240524802bb23ee82412119174c03,2.3774,1.4681,0.0,35.7274,,,0,,,2304
blur,m34,0.16,,0,0,,2.7796,0.0,,3072,0.0735,15.7474,0c15d866c50ec35202bfd5f6389ba80783c240524802bb23ee82412119174c03,1.9112,0.7405,0.0,35.7274,,,0,,,2304
blur,m34,0.2,,0,0,,1.4629,0.0,,3072,0.0636,15.7474,0c15d866c50ec35202bfd5f6389ba80783c240524802bb23ee82412119174c03,1.7712,0.4896,0.0,35.7274,,,0,,,2304
blur,m34,0.25,,0,0,,0.7981,0.0,,3072,0.0539,15.7474,0c15d866c50ec35202bfd5f6389ba80783c240524802bb23ee82412119174c03,1.6315,0.4179,0.0,35.7274,,,0,,,2304
blur,m34,0.3,,0,0,,0.5127,0.0,,3072,0.046,15.7474,0c15d866c50ec35202bfd5f6389ba80783c240524802bb23ee82412119174c03,1.6374,0.3905,0.0,35.7274,,,0,,,2304
edge,m34,2.0,0.156,,,4.541,312.212,0.0,0,3072,0.1903,2.0068,0c15d866c50ec35202bfd5f6389ba80783c240524802bb23ee82412119174c03,746.8445,759.5292,0.0,35.7274,641.4853,943.3733,1,0.0,42.2374,737
edge,m34,1.0,0.1634,,,1.9787,308.2453,0.0,0,3072,0.1903,0.9991,0c15d866c50ec35202bfd5f6389ba80783c240524802bb23ee82412119174c03,746.8445,759.5292,0.0,35.7274,633.3629,1209.3971,1,0.0,46.3578,701
edge,m34,0.5,0.1657,,,1.5693,308.0767,0.0,0,3072,0.1903,0.4953,0c15d866c50ec35202bfd5f6389ba80783c240524802bb23ee82412119174c03,746.8445,759.5292,0.0,35.7274,654.3352,1249.0921,1,0.0,46.1794,683
edge,m34,0.25,0.1667,,,1.2516,308.5652,0.0,0,3072,0.1903,0.2434,0c15d866c50ec35202bfd5f6389ba80783c240524802bb23ee82412119174c03,746.8445,759.5292,0.0,35.7274,687.4218,1652.9563,1,0.0,51.9147,674
edge,m34,0.1,0.1639,,,1.4172,328.7744,0.0,0,3072,0.1928,0.1035,0c15d866c50ec35202bfd5f6389ba80783c240524802bb23ee82412119174c03,778.6806,812.7015,0.0,35.7274,636.8988,990.312,1,0.0,42.4019,669
edge,m34,0.0,0.1672,,,1.2002,308.0159,0.0,0,3072,0.1941,0.0,0c15d866c50ec35202bfd5f6389ba80783c240524802bb23ee82412119174c03,795.6808,808.1199,0.0,35.7274,676.5712,1337.825,1,0.0,47.1025,665
edge,m34,-0.5,0.1539,0,0,2.6005,302.9873,0.0,0,3072,0.1908,0.0,0c15d866c50ec35202bfd5f6389ba80783c240524802bb23ee82412119174c03,767.6637,783.8587,0.0,35.7274,618.7357,741.9275,0,0.0,38.9555,647
edge,m34,-1.0,0.1654,0,0,0.4706,316.0351,0.0,0,3072,0.1865,0.0,0c15d866c50ec35202bfd5f6389ba80783c240524802bb23ee82412119174c03,739.8112,757.2917,0.0,35.7274,652.9889,1237.5531,0,0.0,46.1304,630
edge,m34,-2.0,0.1631,0,0,1.6065,303.1295,0.0,0,3072,0.1735,0.0,0c15d866c50ec35202bfd5f6389ba80783c240524802bb23ee82412119174c03,589.7867,585.8558,0.0,35.7274,730.8057,529.3317,0,0.0,32.3529,594
glare,m34,0.3,0.1489,,,7.8295,185.8965,0.0,0,3072,0.1489,15.7474,0c15d866c50ec35202bfd5f6389ba80783c240524802bb23ee82412119174c03,463.5786,467.9555,0.0,35.7274,533.9311,1070.5614,1,0.0,47.6737,2304
glare,m34,0.5,0.1432,,,7.8295,183.8923,0.0,0,3072,0.1236,15.7474,0c15d866c50ec35202bfd5f6389ba80783c240524802bb23ee82412119174c03,314.3383,316.1848,0.0,35.7274,494.2117,980.6606,1,0.0,47.6737,2304
glare,m34,0.7,0.14,,,7.8295,182.2182,0.0,0,3072,0.1016,15.7474,0c15d866c50ec35202bfd5f6389ba80783c240524802bb23ee82412119174c03,200.0487,199.2385,0.0,35.7274,462.3473,908.0917,1,0.0,47.6737,2304
glare,m34,0.85,0.1393,,,7.8295,181.1767,0.0,0,3072,0.0887,15.7474,0c15d866c50ec35202bfd5f6389ba80783c240524802bb23ee82412119174c03,135.0368,133.6996,0.0017,35.7274,443.5794,865.1121,1,0.0006,47.6737,2304
glare,m34,1.0,0.1405,0,1,7.7704,180.3199,0.0001,0,3072,0.0809,15.7474,0c15d866c50ec35202bfd5f6389ba80783c240524802bb23ee82412119174c03,89.4733,87.6501,0.1403,35.7274,431.0853,860.4705,0,0.0278,48.0737,2304
glare,m34,1.5,0.144,0,0,6.7643,178.4286,0.0006,0,3072,0.0557,15.7474,0c15d866c50ec35202bfd5f6389ba80783c240524802bb23ee82412119174c03,23.7694,22.8928,0.5483,35.7274,431.8789,1093.1831,0,0.0909,55.1186,2304
glare,m34,2.5,0.1488,0,0,7.434,176.5198,0.0012,0,3072,0.0224,15.7474,0c15d866c50ec35202bfd5f6389ba80783c240524802bb23ee82412119174c03,1.9314,1.5486,0.8369,35.7274,473.2152,998.848,0,0.083,50.1718,2304
glare,m34,4.0,0.1596,0,0,12.2585,174.9886,0.0018,0,3072,0.0028,15.7474,0c15d866c50ec35202bfd5f6389ba80783c240524802bb23ee82412119174c03,0.0919,0.033,0.994,35.7274,680.589,405.2048,0,0.0016,30.5463,2304
motion,m34,0.05,0.1569,,,7.8394,174.9274,0.0,0,3072,0.1853,15.7474,0c15d866c50ec35202bfd5f6389ba80783c240524802bb23ee82412119174c03,569.793,627.0049,0.0,35.7274,425.2093,984.1636,1,0.0,47.6526,2304
motion,m34,0.1,0.144,,,7.6181,134.1912,0.0,0,3072,0.1705,15.7474,0c15d866c50ec35202bfd5f6389ba80783c240524802bb23ee82412119174c03,306.4266,358.8686,0.0,35.7274,179.2763,532.2401,1,0.0,49.0256,2304
motion,m34,0.15,0.1364,,,7.7607,115.0422,0.0,0,3072,0.1627,15.7474,0c15d866c50ec35202bfd5f6389ba80783c240524802bb23ee82412119174c03,231.0488,271.8663,0.0,35.7274,123.2554,333.9173,1,0.0,48.1284,2304
motion,m34,0.2,0.1311,,,6.769,87.2017,0.0,0,3072,0.1495,15.7474,0c15d866c50ec35202bfd5f6389ba80783c240524802bb23ee82412119174c03,153.9767,177.9372,0.0,35.7274,86.1768,301.547,1,0.0,54.4654,2304
motion,m34,0.3,0.1213,,,9.4335,61.1085,0.0,0,3072,0.1336,15.7474,0c15d866c50ec35202bfd5f6389ba80783c240524802bb23ee82412119174c03,101.6537,116.1989,0.0,35.7274,54.9055,83.7814,1,0.0,40.2326,2304
motion,m34,0.4,0.1196,,,7.2545,51.0989,0.0,0,3072,0.1259,15.7474,0c15d866c50ec35202bfd5f6389ba80783c240524802bb23ee82412119174c03,84.8768,97.2079,0.0,35.7274,47.5379,151.2542,1,0.0,52.633,2304
motion,m34,0.5,0.1093,0,0,13.625,42.3532,0.0,0,3072,0.1189,15.7474,0c15d866c50ec35202bfd5f6389ba80783c240524802bb23ee82412119174c03,68.4588,78.5537,0.0,35.7274,26.4287,28.8813,0,0.0,35.7209,2304
motion,m34,0.7,,0,0,,33.6743,0.0,,3072,0.1134,15.7474,0c15d866c50ec35202bfd5f6389ba80783c240524802bb23ee82412119174c03,56.4638,66.2376,0.0,35.7274,,,0,,,2304
motion,m34,1.0,,0,0,,25.5926,0.0,,3072,0.1051,15.7474,0c15d866c50ec35202bfd5f6389ba80783c240524802bb23ee82412119174c03,41.3288,49.1745,0.0,35.7274,,,0,,,2304
scale,m34,32,0.1663,,,7.6114,174.1316,0.0,0,2752,0.1905,15.7474,0c15d866c50ec35202bfd5f6389ba80783c240524802bb23ee82412119174c03,1047.7607,1047.7607,0.0,32.0058,911.0694,1447.3211,1,0.0,43.9391,2064
scale,m34,26,0.1661,,,7.5965,175.4734,0.0,0,2236,0.1902,15.7474,0c15d866c50ec35202bfd5f6389ba80783c240524802bb23ee82412119174c03,2033.7354,685.7316,0.0,26.0047,1693.929,1391.6268,1,0.0,35.7005,1677
scale,m34,22,0.1647,,,7.6065,176.7027,0.0,0,1892,0.1907,15.7474,0c15d866c50ec35202bfd5f6389ba80783c240524802bb23ee82412119174c03,3440.1045,631.3277,0.0,22.004,2608.7409,1308.8624,1,0.0,30.1942,1419
scale,m34,18,0.164,,,7.5571,175.5219,0.0,0,1548,0.1893,15.7474,0c15d866c50ec35202bfd5f6389ba80783c240524802bb23ee82412119174c03,5798.1389,536.9784,0.0,18.0032,4144.5512,1059.8569,1,0.0,24.8642,1161
scale,m34,15,0.1734,,,10.9798,168.468,0.0,0,1290,0.1871,15.7393,0c15d866c50ec35202bfd5f6389ba80783c240524802bb23ee82412119174c03,8659.0324,424.64,0.0,15.0027,7070.0699,714.1625,1,0.0,18.4918,967
scale,m34,12,0.1511,,,7.712,156.2077,0.0,0,1032,0.1815,15.7474,0c15d866c50ec35202bfd5f6389ba80783c240524802bb23ee82412119174c03,12386.6891,295.8765,0.0,12.0022,6914.8201,469.2761,1,0.0,16.276,774
scale,m34,10,0.1519,,,10.3839,387.3655,0.0,0,860,0.1741,15.7474,0c15d866c50ec35202bfd5f6389ba80783c240524802bb23ee82412119174c03,15138.7052,189.8714,0.0,10.0018,9089.896,118.9893,1,0.0,10.0,645
scale,m34,8,0.1384,,,8.8,447.1264,0.0,0,688,0.1609,15.7474,0c15d866c50ec35202bfd5f6389ba80783c240524802bb23ee82412119174c03,15938.4187,66.7587,0.0,8.0014,6873.0642,88.2191,1,0.0,10.0,516
scale,m34,6,,0,0,,552.9008,0.0,,516,0.1438,15.7474,0c15d866c50ec35202bfd5f6389ba80783c240524802bb23ee82412119174c03,13683.9751,28.0273,0.0,6.0011,,,0,,,387
blur,m37,0.02,0.2063,,,9.5186,212.3052,0.0103,1,2852,0.2059,9.5198,7e20da436d9dd9b2fe7a4d8e49d70bb8a7233455d65ecd83ecc5291001c97459,32.5731,820.2959,0.0005,87.043,32.5301,824.8516,1,0.0,87.0523,2432
blur,m37,0.04,0.1689,,,9.4711,36.4887,0.0088,1,2852,0.169,9.5198,7e20da436d9dd9b2fe7a4d8e49d70bb8a7233455d65ecd83ecc5291001c97459,5.5162,178.9865,0.0002,87.043,5.5312,179.2081,1,0.0,87.0523,2432
blur,m37,0.06,0.1386,,,9.0405,9.6672,0.0077,1,2852,0.1391,9.5198,7e20da436d9dd9b2fe7a4d8e49d70bb8a7233455d65ecd83ecc5291001c97459,2.3623,46.5264,0.0,87.043,2.3262,54.563,1,0.0,91.1977,2432
blur,m37,0.08,0.1148,,,8.2174,3.5099,0.0067,1,2852,0.1162,9.5198,7e20da436d9dd9b2fe7a4d8e49d70bb8a7233455d65ecd83ecc5291001c97459,1.7533,14.8576,0.0,87.043,1.6782,23.3111,1,0.0,100.261,2432
blur,m37,0.1,0.0976,,,8.6475,1.6354,0.0057,1,2852,0.0983,9.5198,7e20da436d9dd9b2fe7a4d8e49d70bb8a7233455d65ecd83ecc5291001c97459,1.634,5.63,0.0,87.043,1.5833,7.4398,1,0.0,95.343,2432
blur,m37,0.13,,0,0,,0.7309,0.0041,,2852,0.0777,9.5198,7e20da436d9dd9b2fe7a4d8e49d70bb8a7233455d65ecd83ecc5291001c97459,1.5659,1.8121,0.0,87.043,,,0,,,2432
blur,m37,0.16,,0,0,,0.4259,0.0028,,2852,0.0625,9.5198,7e20da436d9dd9b2fe7a4d8e49d70bb8a7233455d65ecd83ecc5291001c97459,1.5264,0.721,0.0,87.043,,,0,,,2432
blur,m37,0.2,,0,0,,0.2643,0.0017,,2852,0.0492,9.5198,7e20da436d9dd9b2fe7a4d8e49d70bb8a7233455d65ecd83ecc5291001c97459,1.4348,0.2628,0.0,87.043,,,0,,,2432
blur,m37,0.25,,0,0,,0.1844,0.0007,,2852,0.0405,9.5198,7e20da436d9dd9b2fe7a4d8e49d70bb8a7233455d65ecd83ecc5291001c97459,1.1617,0.1441,0.0,87.043,,,0,,,2432
blur,m37,0.3,,0,0,,0.1534,0.0,,2852,0.0365,9.5198,7e20da436d9dd9b2fe7a4d8e49d70bb8a7233455d65ecd83ecc5291001c97459,0.8313,0.152,0.0,87.043,,,0,,,2432
edge,m37,2.0,0.2397,,,2.0467,879.6909,0.0102,1,2852,0.2395,2.0013,7e20da436d9dd9b2fe7a4d8e49d70bb8a7233455d65ecd83ecc5291001c97459,1110.5286,2804.6348,0.0046,87.043,1111.378,2869.6802,1,0.0041,87.0523,1703
edge,m37,1.0,0.2395,,,1.0948,860.3795,0.0089,1,2852,0.2395,1.0018,7e20da436d9dd9b2fe7a4d8e49d70bb8a7233455d65ecd83ecc5291001c97459,1110.5286,2804.6348,0.0046,87.043,1112.9598,2903.1558,1,0.004,87.0523,1616
edge,m37,0.5,0.2401,,,0.5718,856.4977,0.0082,1,2852,0.2395,0.4963,7e20da436d9dd9b2fe7a4d8e49d70bb8a7233455d65ecd83ecc5291001c97459,1110.5286,2804.6348,0.0046,87.043,1116.5216,2911.7251,1,0.004,87.0523,1572
edge,m37,0.25,0.2399,,,0.3801,848.8481,0.0076,1,2852,0.2395,0.255,7e20da436d9dd9b2fe7a4d8e49d70bb8a7233455d65ecd83ecc5291001c97459,1110.5286,2804.6348,0.0046,87.043,1117.6867,2884.4642,1,0.004,87.0523,1551
edge,m37,0.1,0.2404,,,0.1905,847.905,0.0073,1,2852,0.2404,0.1057,7e20da436d9dd9b2fe7a4d8e49d70bb8a7233455d65ecd83ecc5291001c97459,1127.1237,2853.9919,0.0039,87.043,1123.0923,2873.6424,1,0.004,87.0523,1538
edge,m37,0.0,0.2412,,,0.0476,846.6804,0.0072,1,2852,0.2412,0.0023,7e20da436d9dd9b2fe7a4d8e49d70bb8a7233455d65ecd83ecc5291001c97459,1139.369,2940.8409,0.0039,87.043,1135.2733,2961.5339,1,0.004,87.0523,1529
edge,m37,-0.5,0.2406,0,0,0.3493,831.5956,0.0065,0,2852,0.2402,0.0,7e20da436d9dd9b2fe7a4d8e49d70bb8a7233455d65ecd83ecc5291001c97459,1148.5544,2944.0451,0.0033,87.043,1161.4228,2855.5504,0,0.0032,82.907,1485
edge,m37,-1.0,0.2382,0,0,0.7365,819.0756,0.0059,0,2852,0.2422,0.0,7e20da436d9dd9b2fe7a4d8e49d70bb8a7233455d65ecd83ecc5291001c97459,1183.8031,3032.6394,0.003,87.043,1091.4386,2673.3407,0,0.0014,78.7616,1442
edge,m37,-2.0,0.2378,0,0,0.4735,772.881,0.0047,0,2852,0.2392,0.0,7e20da436d9dd9b2fe7a4d8e49d70bb8a7233455d65ecd83ecc5291001c97459,1205.0755,3002.2727,0.0019,87.043,1102.4044,2666.9655,0,0.0009,78.7616,1355
glare,m37,0.3,0.1873,,,9.5186,720.553,0.0133,1,2852,0.1872,9.5198,7e20da436d9dd9b2fe7a4d8e49d70bb8a7233455d65ecd83ecc5291001c97459,670.9809,1717.9394,0.0062,87.043,669.3615,1758.6449,1,0.0062,87.0523,2432
glare,m37,0.5,0.1548,,,9.5186,684.1315,0.0133,1,2852,0.1544,9.5198,7e20da436d9dd9b2fe7a4d8e49d70bb8a7233455d65ecd83ecc5291001c97459,444.2672,1155.3602,0.0087,87.043,445.6591,1167.4701,1,0.0081,87.0523,2432
glare,m37,0.7,0.1254,,,9.5186,653.7556,0.0135,1,2852,0.1249,9.5198,7e20da436d9dd9b2fe7a4d8e49d70bb8a7233455d65ecd83ecc5291001c97459,271.8635,722.2258,0.0162,87.043,272.9715,728.8666,1,0.0156,87.0523,2432
glare,m37,0.85,0.107,,,9.5186,634.906,0.0141,1,2852,0.1066,9.5198,7e20da436d9dd9b2fe7a4d8e49d70bb8a7233455d65ecd83ecc5291001c97459,177.9171,482.1756,0.0405,87.043,178.7929,485.9899,1,0.0402,87.0523,2432
glare,m37,1.0,0.0939,0,0,9.5186,619.4789,0.0208,0,2852,0.0936,9.5198,7e20da436d9dd9b2fe7a4d8e49d70bb8a7233455d65ecd83ecc5291001c97459,113.9424,314.8057,0.3323,87.043,114.5568,317.7809,0,0.3334,87.0523,2432
glare,m37,1.5,0.2613,0,0,5.0606,586.4855,0.043,0,2852,0.0536,9.5198,7e20da436d9dd9b2fe7a4d8e49d70bb8a7233455d65ecd83ecc5291001c97459,29.5144,78.7974,0.6858,87.043,1125.1147,6170.56,0,0.0058,136.7965,2432
glare,m37,2.5,0.2611,0,0,5.0606,552.2094,0.0698,0,2852,0.008,9.5198,7e20da436d9dd9b2fe7a4d8e49d70bb8a7233455d65ecd83ecc5291001c97459,0.5577,0.6845,0.9711,87.043,1122.2378,6152.7353,0,0.0058,136.7965,2432
glare,m37,4.0,0.2609,0,0,5.0606,523.3214,0.0936,0,2852,0.0,9.5198,7e20da436d9dd9b2fe7a4d8e49d70bb8a7233455d65ecd83ecc5291001c97459,0.0,0.0,1.0,87.043,1118.2523,6131.8202,0,0.0058,136.7965,2432
motion,m37,0.05,0.2291,,,9.5186,566.7482,0.0119,1,2852,0.2291,9.5198,7e20da436d9dd9b2fe7a4d8e49d70bb8a7233455d65ecd83ecc5291001c97459,463.5226,2034.9097,0.0028,87.043,460.9216,2055.598,1,0.0028,87.0523,2432
motion,m37,0.1,0.2101,,,9.4711,293.4724,0.0106,1,2852,0.2105,9.5198,7e20da436d9dd9b2fe7a4d8e49d70bb8a7233455d65ecd83ecc5291001c97459,287.684,1188.4246,0.0018,87.043,285.9804,1196.6787,1,0.0013,87.0523,2432
motion,m37,0.15,0.1958,,,9.4711,215.6229,0.01,1,2852,0.1963,9.5198,7e20da436d9dd9b2fe7a4d8e49d70bb8a7233455d65ecd83ecc5291001c97459,239.9721,919.8486,0.0013,87.043,238.0917,920.6713,1,0.0013,87.0523,2432
motion,m37,0.2,0.1834,,,9.4235,175.5693,0.0096,1,2852,0.1843,9.5198,7e20da436d9dd9b2fe7a4d8e49d70bb8a7233455d65ecd83ecc5291001c97459,213.3251,783.8599,0.0009,87.043,211.0791,781.8512,1,0.0009,87.0523,2432
motion,m37,0.3,0.1634,,,9.4235,130.9613,0.0089,1,2852,0.1641,9.5198,7e20da436d9dd9b2fe7a4d8e49d70bb8a7233455d65ecd83ecc5291001c97459,180.1616,639.6969,0.0004,87.043,178.2041,638.4802,1,0.0004,87.0523,2432
motion,m37,0.4,0.1421,,,8.3186,109.0278,0.0082,0,2852,0.1511,9.5198,7e20da436d9dd9b2fe7a4d8e49d70bb8a7233455d65ecd83ecc5291001c97459,161.4772,566.5509,0.0001,87.043,122.8297,390.4668,1,0.0001,83.1744,2432
motion,m37,0.5,0.1275,0,0,9.2769,95.6679,0.0077,0,2852,0.141,9.5198,7e20da436d9dd9b2fe7a4d8e49d70bb8a7233455d65ecd83ecc5291001c97459,147.967,516.9062,0.0001,87.043,55.8428,216.7041,0,0.0,75.0291,2432
motion,m37,0.7,0.1275,0,0,7.3438,80.2964,0.0065,0,2852,0.1295,9.5198,7e20da436d9dd9b2fe7a4d8e49d70bb8a7233455d65ecd83ecc5291001c97459,130.26,463.4415,0.0001,87.043,104.3245,486.888,0,0.0,95.343,2432
motion,m37,1.0,,0,0,,66.3003,0.0049,,2852,0.1253,9.5198,7e20da436d9dd9b2fe7a4d8e49d70bb8a7233455d65ecd83ecc5291001c97459,112.6108,426.8854,0.0,87.043,,,0,,,2432
scale,m37,48,0.2372,,,9.992,797.3737,0.0129,1,1573,0.2377,9.5173,7e20da436d9dd9b2fe7a4d8e49d70bb8a7233455d65ecd83ecc5291001c97459,3361.3321,2831.8463,0.0047,48.008,3343.84,2711.2182,1,0.0056,45.7267,1341
scale,m37,40,0.2362,,,9.5072,775.6386,0.0127,1,1311,0.2361,9.5203,7e20da436d9dd9b2fe7a4d8e49d70bb8a7233455d65ecd83ecc5291001c97459,4329.9598,2709.6296,0.0027,40.0117,4353.517,2743.8822,1,0.0022,39.9695,1118
scale,m37,32,0.2335,,,9.5,730.0349,0.0122,1,1048,0.2339,9.5233,7e20da436d9dd9b2fe7a4d8e49d70bb8a7233455d65ecd83ecc5291001c97459,5442.5947,5442.5947,0.0015,31.985,5424.2322,5424.2322,1,0.0015,32.0,894
scale,m37,26,0.2277,,,8.7857,1838.2756,0.0118,1,852,0.2307,9.5128,7e20da436d9dd9b2fe7a4d8e49d70bb8a7233455d65ecd83ecc5291001c97459,6207.1436,1687.9651,0.0012,26.003,6558.2149,2141.3145,1,0.0013,28.0,726
scale,m37,22,0.2269,,,9.4523,2107.3488,0.0117,1,721,0.228,9.5225,7e20da436d9dd9b2fe7a4d8e49d70bb8a7233455d65ecd83ecc5291001c97459,7316.3931,1268.1884,0.0018,22.0049,7375.7104,1284.7833,1,0.0011,21.9695,615
scale,m37,18,0.2162,,,8.4831,2432.4258,0.0114,1,590,0.2243,9.5176,7e20da436d9dd9b2fe7a4d8e49d70bb8a7233455d65ecd83ecc5291001c97459,9980.0546,945.8063,0.0017,18.0068,9181.6267,1194.0345,1,0.0009,20.0,503
scale,m37,15,0.1868,,,4.4618,2723.9879,0.0111,0,491,0.2195,9.5268,7e20da436d9dd9b2fe7a4d8e49d70bb8a7233455d65ecd83ecc5291001c97459,13140.0429,655.8049,0.001,14.9853,9564.4463,2620.7029,1,0.0069,26.3762,419
scale,m37,12,0.2024,,,8.1393,3051.4809,0.0108,1,393,0.2109,9.5162,7e20da436d9dd9b2fe7a4d8e49d70bb8a7233455d65ecd83ecc5291001c97459,16977.1856,402.8826,0.0027,11.9944,15375.0787,601.398,1,0.0036,13.9645,335
scale,m37,10,0.1908,,,7.8054,3251.2273,0.0105,1,328,0.1996,9.4961,7e20da436d9dd9b2fe7a4d8e49d70bb8a7233455d65ecd83ecc5291001c97459,19607.3985,258.8806,0.0039,10.0106,16103.0453,375.0672,1,0.0128,12.0,279
scale,m37,8,0.1575,,,4.5714,3428.662,0.0102,0,262,0.1853,9.5446,7e20da436d9dd9b2fe7a4d8e49d70bb8a7233455d65ecd83ecc5291001c97459,21519.7156,99.7577,0.0072,7.9962,11638.5161,441.9796,1,0.007,14.0,224
scale,m37,6,0.1706,0,1,1.9096,3573.6726,0.0097,0,197,0.1601,9.5204,7e20da436d9dd9b2fe7a4d8e49d70bb8a7233455d65ecd83ecc5291001c97459,20849.8742,46.0168,0.0,6.0124,7401.1965,806.9388,0,0.0024,19.899,168
blur,m38,0.02,0.2404,,,3.0803,24.8935,0.0407,0,1056,0.218,2.7421,dd2ebd9ab40ce6fa9f73aa01e0eb0fe3560586b11926466ebf5e011579dfec89,50.3985,777.742,0.0,77.1091,78.9456,440.6022,1,0.0,53.0679,1056
blur,m38,0.04,0.2016,,,2.9829,2.4639,0.035,0,1056,0.1883,2.7421,dd2ebd9ab40ce6fa9f73aa01e0eb0fe3560586b11926466ebf5e011579dfec89,7.7275,146.5973,0.0,77.1091,10.6193,66.4029,1,0.0,54.5521,1056
blur,m38,0.06,0.1666,1,1,2.6923,0.9182,0.0309,0,1056,0.1662,2.7421,dd2ebd9ab40ce6fa9f73aa01e0eb0fe3560586b11926466ebf5e011579dfec89,3.3482,39.1454,0.0,77.1091,3.346,40.9572,0,0.0,78.0,1056
blur,m38,0.08,0.149,1,1,2.5072,0.6035,0.0271,0,1056,0.1501,2.7421,dd2ebd9ab40ce6fa9f73aa01e0eb0fe3560586b11926466ebf5e011579dfec89,2.2868,12.4931,0.0,77.1091,2.2905,16.3186,0,0.0,82.5601,1056
blur,m38,0.1,0.1353,1,0,2.7541,0.5028,0.0239,0,1056,0.138,2.7421,dd2ebd9ab40ce6fa9f73aa01e0eb0fe3560586b11926466ebf5e011579dfec89,1.9275,4.6921,0.0,77.1091,1.9528,5.0999,0,0.0,76.345,1056
blur,m38,0.13,,0,0,,0.4473,0.0197,,1056,0.1243,2.7421,dd2ebd9ab40ce6fa9f73aa01e0eb0fe3560586b11926466ebf5e011579dfec89,1.7978,1.4892,0.0,77.1091,,,0,,,1056
blur,m38,0.16,,0,0,,0.4271,0.0154,,1056,0.1137,2.7421,dd2ebd9ab40ce6fa9f73aa01e0eb0fe3560586b11926466ebf5e011579dfec89,1.7082,0.6622,0.0,77.1091,,,0,,,1056
blur,m38,0.2,,0,0,,0.411,0.0108,,1056,0.1028,2.7421,dd2ebd9ab40ce6fa9f73aa01e0eb0fe3560586b11926466ebf5e011579dfec89,1.6709,0.3114,0.0,77.1091,,,0,,,1056
blur,m38,0.25,,0,0,,0.3996,0.0076,,1056,0.0921,2.7421,dd2ebd9ab40ce6fa9f73aa01e0eb0fe3560586b11926466ebf5e011579dfec89,1.5006,0.2097,0.0,77.1091,,,0,,,1056
blur,m38,0.3,,0,0,,0.3913,0.0044,,1056,0.0827,2.7421,dd2ebd9ab40ce6fa9f73aa01e0eb0fe3560586b11926466ebf5e011579dfec89,1.4714,0.1602,0.0,77.1091,,,0,,,1056
edge,m38,2.0,0.2813,,,2.16,867.8591,0.0481,0,1056,0.251,1.995,dd2ebd9ab40ce6fa9f73aa01e0eb0fe3560586b11926466ebf5e011579dfec89,3232.3501,2872.8585,0.0,77.1091,3007.6239,2442.5892,1,0.0,50.0,798
edge,m38,1.0,0.2818,0,0,0.5992,846.8301,0.0432,0,1056,0.251,0.9964,dd2ebd9ab40ce6fa9f73aa01e0eb0fe3560586b11926466ebf5e011579dfec89,3232.3501,2872.8585,0.0,77.1091,3038.4658,2444.6065,0,0.0,50.0,721
edge,m38,0.5,0.2837,0,0,0.0416,841.9204,0.0371,0,1056,0.251,0.5036,dd2ebd9ab40ce6fa9f73aa01e0eb0fe3560586b11926466ebf5e011579dfec89,3232.3501,2872.8585,0.0,77.1091,3086.8604,2343.4521,0,0.0,48.0,683
edge,m38,0.25,0.2832,0,0,0.1569,849.2922,0.0348,0,1056,0.251,0.2442,dd2ebd9ab40ce6fa9f73aa01e0eb0fe3560586b11926466ebf5e011579dfec89,3232.3501,2872.8585,0.0,77.1091,3040.9435,2461.5258,0,0.0,50.5781,663
edge,m38,0.1,0.2855,,,0.0383,829.6892,0.0339,0,1056,0.2497,0.1015,dd2ebd9ab40ce6fa9f73aa01e0eb0fe3560586b11926466ebf5e011579dfec89,3325.0386,2944.3635,0.0,77.1091,3101.0035,2520.6654,1,0.0,50.6827,652
edge,m38,0.0,0.2859,,,0.0369,828.4388,0.0332,0,1056,0.2488,0.0,dd2ebd9ab40ce6fa9f73aa01e0eb0fe3560586b11926466ebf5e011579dfec89,3374.5821,2959.1329,0.0,77.1091,3079.8874,2501.0913,1,0.0,51.2084,644
edge,m38,-0.5,0.2402,0,0,0.0263,820.5834,0.0296,0,1056,0.2414,0.0,dd2ebd9ab40ce6fa9f73aa01e0eb0fe3560586b11926466ebf5e011579dfec89,3244.7249,2837.3352,0.0,77.1091,3254.3633,2829.0714,0,0.0,76.0,606
edge,m38,-1.0,0.2314,0,0,0.0182,812.9355,0.0271,0,1056,0.2347,0.0,dd2ebd9ab40ce6fa9f73aa01e0eb0fe3560586b11926466ebf5e011579dfec89,3253.2248,2834.0811,0.0,77.1091,3225.2233,2740.5077,0,0.0,75.2296,567
edge,m38,-2.0,,0,0,,700.4446,0.0241,,1056,0.2225,0.0,dd2ebd9ab40ce6fa9f73aa01e0eb0fe3560586b11926466ebf5e011579dfec89,3037.6098,2669.6408,0.0,77.1091,,,0,,,490
glare,m38,0.3,0.2351,,,3.32,716.6214,0.0482,0,1056,0.198,2.7421,dd2ebd9ab40ce6fa9f73aa01e0eb0fe3560586b11926466ebf5e011579dfec89,2053.2982,1822.9581,0.0,77.1091,2180.9671,1783.0063,1,0.0,50.0,1056
glare,m38,0.5,0.2092,0,0,3.32,690.018,0.0482,0,1056,0.1691,2.7421,dd2ebd9ab40ce6fa9f73aa01e0eb0fe3560586b11926466ebf5e011579dfec89,1431.8345,1272.9465,0.0,77.1091,1721.0835,1415.3654,0,0.0,50.0,1056
glare,m38,0.7,0.1875,0,0,3.32,666.9119,0.0482,0,1056,0.1492,2.7421,dd2ebd9ab40ce6fa9f73aa01e0eb0fe3560586b11926466ebf5e011579dfec89,946.4445,841.1917,0.0,77.1091,1345.4194,1100.6609,0,0.0,50.0,1056
glare,m38,0.85,0.1788,0,0,3.4583,651.9799,0.0482,0,1056,0.1424,2.7421,dd2ebd9ab40ce6fa9f73aa01e0eb0fe3560586b11926466ebf5e011579dfec89,670.1628,595.8719,0.0,77.1091,1127.1171,862.0907,0,0.0,48.0,1056
glare,m38,1.0,0.1716,0,0,3.32,639.0243,0.0498,0,1056,0.1437,2.7421,dd2ebd9ab40ce6fa9f73aa01e0eb0fe3560586b11926466ebf5e011579dfec89,468.6638,416.9473,0.0495,77.1091,904.7345,744.7302,0,0.0023,50.0,1056
glare,m38,1.5,,0,0,,608.0218,0.0709,,1056,0.1122,2.7421,dd2ebd9ab40ce6fa9f73aa01e0eb0fe3560586b11926466ebf5e011579dfec89,161.0922,141.6468,0.5358,77.1091,,,0,,,1056
glare,m38,2.5,,0,0,,572.418,0.0944,,1056,0.0432,2.7421,dd2ebd9ab40ce6fa9f73aa01e0eb0fe3560586b11926466ebf5e011579dfec89,15.8432,11.836,0.8201,77.1091,,,0,,,1056
glare,m38,4.0,,0,0,,541.0298,0.1156,,1056,0.0023,2.7421,dd2ebd9ab40ce6fa9f73aa01e0eb0fe3560586b11926466ebf5e011579dfec89,0.0383,0.0479,0.996,77.1091,,,0,,,1056
motion,m38,0.05,0.2636,,,3.32,335.743,0.0453,0,1056,0.2354,2.7421,dd2ebd9ab40ce6fa9f73aa01e0eb0fe3560586b11926466ebf5e011579dfec89,769.0542,1769.0829,0.0,77.1091,787.6859,1140.2839,1,0.0,50.0,1056
motion,m38,0.1,0.2442,,,2.6429,241.3004,0.0416,0,1056,0.219,2.7421,dd2ebd9ab40ce6fa9f73aa01e0eb0fe3560586b11926466ebf5e011579dfec89,422.5493,927.2473,0.0,77.1091,365.5074,725.1264,1,0.0,61.6,1056
motion,m38,0.15,0.2232,,,3.4583,209.9353,0.0393,0,1056,0.2058,2.7421,dd2ebd9ab40ce6fa9f73aa01e0eb0fe3560586b11926466ebf5e011579dfec89,310.6168,668.8679,0.0,77.1091,336.0276,373.5468,1,0.0,48.0,1056
motion,m38,0.2,0.1972,,,2.7632,196.3464,0.0377,1,1056,0.1977,2.7421,dd2ebd9ab40ce6fa9f73aa01e0eb0fe3560586b11926466ebf5e011579dfec89,262.9734,567.8837,0.0,77.1091,266.6528,563.6148,1,0.0,76.0,1056
motion,m38,0.3,0.1806,,,2.8235,173.8954,0.0348,1,1056,0.1812,2.7421,dd2ebd9ab40ce6fa9f73aa01e0eb0fe3560586b11926466ebf5e011579dfec89,193.8389,419.577,0.0,77.1091,197.7292,392.6063,1,0.0,74.8,1056
motion,m38,0.4,,0,0,,159.7604,0.0322,,1056,0.1714,2.7421,dd2ebd9ab40ce6fa9f73aa01e0eb0fe3560586b11926466ebf5e011579dfec89,157.6116,349.87,0.0,77.1091,,,0,,,1056
motion,m38,0.5,,0,0,,149.2172,0.0302,,1056,0.165,2.7421,dd2ebd9ab40ce6fa9f73aa01e0eb0fe3560586b11926466ebf5e011579dfec89,135.5071,306.8421,0.0,77.1091,,,0,,,1056
motion,m38,0.7,,0,0,,134.6268,0.0264,,1056,0.1575,2.7421,dd2ebd9ab40ce6fa9f73aa01e0eb0fe3560586b11926466ebf5e011579dfec89,110.1795,260.2968,0.0,77.1091,,,0,,,1056
motion,m38,1.0,,0,0,,118.6456,0.0217,,1056,0.1514,2.7421,dd2ebd9ab40ce6fa9f73aa01e0eb0fe3560586b11926466ebf5e011579dfec89,88.896,223.9924,0.0,77.1091,,,0,,,1056
scale,m38,48,0.2782,0,0,3.25,2120.4753,0.0481,0,657,0.2456,2.7421,dd2ebd9ab40ce6fa9f73aa01e0eb0fe3560586b11926466ebf5e011579dfec89,3821.1337,2717.6707,0.0,47.9741,4496.5697,4496.5697,0,0.0,31.9514,657
scale,m38,40,0.2744,,,3.0714,2524.3122,0.048,0,548,0.2437,2.7421,dd2ebd9ab40ce6fa9f73aa01e0eb0fe3560586b11926466ebf5e011579dfec89,4369.2698,2682.0049,0.0,40.015,5287.5389,1895.0081,1,0.0,28.0,548
scale,m38,32,0.2721,0,0,3.0909,3022.8246,0.0472,0,438,0.2409,2.7421,dd2ebd9ab40ce6fa9f73aa01e0eb0fe3560586b11926466ebf5e011579dfec89,5184.8126,5184.8126,0.0,31.9828,7495.3242,1332.9297,0,0.0,22.0,438
scale,m38,26,0.2696,0,0,3.0,3339.4177,0.0468,0,356,0.2391,2.7421,dd2ebd9ab40ce6fa9f73aa01e0eb0fe3560586b11926466ebf5e011579dfec89,6395.5362,1762.8238,0.0,25.9951,10306.5922,945.7414,0,0.0,18.0,356
scale,m38,22,0.2669,,,2.875,3580.7847,0.0461,0,301,0.2351,2.7421,dd2ebd9ab40ce6fa9f73aa01e0eb0fe3560586b11926466ebf5e011579dfec89,7443.956,1225.3105,0.0,21.979,13080.9273,729.725,1,0.0,15.947,301
scale,m38,18,0.2647,,,2.6807,3745.9977,0.0454,0,247,0.2322,2.7421,dd2ebd9ab40ce6fa9f73aa01e0eb0fe3560586b11926466ebf5e011579dfec89,9199.7404,846.8842,0.0,18.0359,15391.2956,629.1713,1,0.0,14.0907,247
scale,m38,15,0.2522,,,3.2,3763.2235,0.0446,0,205,0.2279,2.7421,dd2ebd9ab40ce6fa9f73aa01e0eb0fe3560586b11926466ebf5e011579dfec89,10285.5767,533.5897,0.0,14.9691,19845.8134,272.4614,1,0.0,9.9515,205
scale,m38,12,,0,0,,3851.4789,0.0428,,164,0.2194,2.7421,dd2ebd9ab40ce6fa9f73aa01e0eb0fe3560586b11926466ebf5e011579dfec89,12590.7229,308.1059,0.0,11.9753,,,0,,,164
scale,m38,10,0.2454,0,0,1.375,4097.3442,0.0402,0,137,0.2135,2.7421,dd2ebd9ab40ce6fa9f73aa01e0eb0fe3560586b11926466ebf5e011579dfec89,14942.1155,202.7705,0.0,10.0037,14630.8755,785.0763,0,0.0,15.8841,137
scale,m38,8,0.2761,0,0,0.7778,4359.4736,0.0396,0,110,0.198,2.7421,dd2ebd9ab40ce6fa9f73aa01e0eb0fe3560586b11926466ebf5e011579dfec89,14845.7752,74.7943,0.0,8.0322,8616.4823,735.9277,0,0.0,18.0,110
scale,m38,6,0.1972,0,0,1.4,4976.573,0.0375,0,82,0.1851,2.7421,dd2ebd9ab40ce6fa9f73aa01e0eb0fe3560586b11926466ebf5e011579dfec89,14576.3598,36.8381,0.0,5.9876,10253.8329,139.1327,0,0.0,10.0,82
blur,m39,0.02,0.2023,,,9.5278,52.58,0.0032,1,3145,0.1803,9.9671,70e5e150cb232f695c9ad747f8043d06c86c07ffb9070a3e2e7b53d14a6a2e6e,10.7143,518.4293,0.0,102.9988,14.2253,822.4945,1,0.0,107.1899,3316
blur,m39,0.04,0.157,,,10.2929,11.8496,0.0018,1,3145,0.1518,9.9671,70e5e150cb232f695c9ad747f8043d06c86c07ffb9070a3e2e7b53d14a6a2e6e,3.1752,132.6175,0.0,102.9988,4.2453,311.5463,1,0.0,114.907,3316
blur,m39,0.06,0.1279,,,11.0475,3.6058,0.001,1,3145,0.13,9.9671,70e5e150cb232f695c9ad747f8043d06c86c07ffb9070a3e2e7b53d14a6a2e6e,1.9142,34.4221,0.0,102.9988,2.2679,65.4159,1,0.0,107.3639,3316
blur,m39,0.08,0.1088,,,10.1234,1.4165,0.0006,1,3145,0.116,9.9671,70e5e150cb232f695c9ad747f8043d06c86c07ffb9070a3e2e7b53d14a6a2e6e,1.62,9.1971,0.0,102.9988,1.736,20.5312,1,0.0,116.7407,3316
blur,m39,0.1,0.0904,0,0,10.6957,0.6964,0.0003,1,3145,0.1071,9.9671,70e5e150cb232f695c9ad747f8043d06c86c07ffb9070a3e2e7b53d14a6a2e6e,1.558,2.9235,0.0,102.9988,1.7139,5.5984,0,0.0,110.7733,3316
blur,m39,0.13,,0,0,,0.3339,0.0,,3145,0.0982,9.9671,70e5e150cb232f695c9ad747f8043d06c86c07ffb9070a3e2e7b53d14a6a2e6e,1.5473,0.775,0.0,102.9988,,,0,,,3316
blur,m39,0.16,0.0803,0,0,7.5453,0.2124,0.0,0,3145,0.092,9.9671,70e5e150cb232f695c9ad747f8043d06c86c07ffb9070a3e2e7b53d14a6a2e6e,1.4704,0.3336,0.0,102.9988,1.3872,1.1953,0,0.0,164.1653,3316
blur,m39,0.2,,0,0,,0.1534,0.0,,3145,0.0853,9.9671,70e5e150cb232f695c9ad747f8043d06c86c07ffb9070a3e2e7b53d14a6a2e6e,1.3394,0.1959,0.0,102.9988,,,0,,,3316
blur,m39,0.25,,0,0,,0.1285,0.0,,3145,0.0776,9.9671,70e5e150cb232f695c9ad747f8043d06c86c07ffb9070a3e2e7b53d14a6a2e6e,1.302,0.1638,0.0,102.9988,,,0,,,3316
blur,m39,0.3,,0,0,,0.1204,0.0,,3145,0.0703,9.9671,70e5e150cb232f695c9ad747f8043d06c86c07ffb9070a3e2e7b53d14a6a2e6e,1.2874,0.1551,0.0,102.9988,,,0,,,3316
edge,m39,2.0,0.2426,,,7.4949,176.5209,0.0029,1,3145,0.2004,1.998,70e5e150cb232f695c9ad747f8043d06c86c07ffb9070a3e2e7b53d14a6a2e6e,102.5742,1287.0675,0.0,102.9988,87.034,720.2024,1,0.0,77.9752,2187
edge,m39,1.0,0.2304,,,4.8012,175.7322,0.003,1,3145,0.2004,0.998,70e5e150cb232f695c9ad747f8043d06c86c07ffb9070a3e2e7b53d14a6a2e6e,102.5742,1287.0675,0.0,102.9988,133.9795,1541.6023,1,0.0,98.8511,2084
edge,m39,0.5,0.2301,,,4.1222,176.8061,0.0031,1,3145,0.2004,0.5028,70e5e150cb232f695c9ad747f8043d06c86c07ffb9070a3e2e7b53d14a6a2e6e,102.5742,1287.0675,0.0,102.9988,147.5728,1768.3791,1,0.0,103.0184,2033
edge,m39,0.25,0.2289,,,3.7771,177.819,0.0031,1,3145,0.2004,0.2504,70e5e150cb232f695c9ad747f8043d06c86c07ffb9070a3e2e7b53d14a6a2e6e,102.5742,1287.0675,0.0,102.9988,152.1572,1867.3495,1,0.0,105.2014,2007
edge,m39,0.1,0.2308,,,3.8333,178.6453,0.0032,1,3145,0.2019,0.1048,70e5e150cb232f695c9ad747f8043d06c86c07ffb9070a3e2e7b53d14a6a2e6e,103.8981,1313.6931,0.0,102.9988,134.1204,1580.808,1,0.0,99.9259,1992
edge,m39,0.0,0.2302,,,3.7231,178.6922,0.0032,1,3145,0.203,0.0,70e5e150cb232f695c9ad747f8043d06c86c07ffb9070a3e2e7b53d14a6a2e6e,104.8999,1319.6928,0.0,102.9988,137.072,1630.241,1,0.0,100.329,1981
edge,m39,-0.5,0.2301,,,3.0472,181.1548,0.0033,1,3145,0.2083,0.0,70e5e150cb232f695c9ad747f8043d06c86c07ffb9070a3e2e7b53d14a6a2e6e,109.4263,1388.3905,0.0,102.9988,143.2307,1959.5519,1,0.0,104.8736,1930
edge,m39,-1.0,0.2296,,,2.6217,182.7603,0.0034,1,3145,0.213,0.0,70e5e150cb232f695c9ad747f8043d06c86c07ffb9070a3e2e7b53d14a6a2e6e,112.1217,1428.2322,0.0,102.9988,136.9071,1811.1678,1,0.0,102.7236,1878
edge,m39,-2.0,0.2321,,,1.6029,185.7657,0.0034,1,3145,0.2209,0.0,70e5e150cb232f695c9ad747f8043d06c86c07ffb9070a3e2e7b53d14a6a2e6e,119.7021,1538.8227,0.0,102.9988,139.7226,1874.3801,1,0.0,102.326,1775
glare,m39,0.3,0.1698,,,12.1616,122.4299,0.005,1,3145,0.1556,9.9671,70e5e150cb232f695c9ad747f8043d06c86c07ffb9070a3e2e7b53d14a6a2e6e,63.7566,757.6781,0.0,102.9988,75.3009,908.084,1,0.0,97.758,3316
glare,m39,0.5,0.1258,,,12.1428,108.4252,0.0051,1,3145,0.1294,9.9671,70e5e150cb232f695c9ad747f8043d06c86c07ffb9070a3e2e7b53d14a6a2e6e,42.8867,489.7704,0.0,102.9988,42.7587,492.3496,1,0.0,97.9035,3316
glare,m39,0.7,0.0826,,,12.015,96.9544,0.0055,1,3145,0.1088,9.9671,70e5e150cb232f695c9ad747f8043d06c86c07ffb9070a3e2e7b53d14a6a2e6e,27.0402,290.0638,0.0,102.9988,19.7079,217.9464,1,0.0,98.9034,3316
glare,m39,0.85,0.0526,,,11.9922,90.0718,0.0063,1,3145,0.0991,9.9671,70e5e150cb232f695c9ad747f8043d06c86c07ffb9070a3e2e7b53d14a6a2e6e,18.4029,184.9953,0.0239,102.9988,8.7941,81.2022,1,0.0614,99.0834,3316
glare,m39,1.0,0.1005,0,0,11.7775,84.7472,0.0133,0,3145,0.0962,9.9671,70e5e150cb232f695c9ad747f8043d06c86c07ffb9070a3e2e7b53d14a6a2e6e,12.4581,118.2464,0.2866,102.9988,10.4387,81.9078,0,0.3953,87.1668,3316
glare,m39,1.5,0.0723,0,0,10.0973,74.2554,0.0397,0,3145,0.0653,9.9671,70e5e150cb232f695c9ad747f8043d06c86c07ffb9070a3e2e7b53d14a6a2e6e,4.02,36.4034,0.6644,102.9988,15.0211,149.1921,0,0.1116,88.6234,3316
glare,m39,2.5,0.0521,0,0,13.4286,63.6562,0.0729,0,3145,0.0117,9.9671,70e5e150cb232f695c9ad747f8043d06c86c07ffb9070a3e2e7b53d14a6a2e6e,0.2199,0.6004,0.9351,102.9988,8.0011,41.5643,0,0.3002,67.4273,3316
glare,m39,4.0,,0,0,,55.935,0.1057,,3145,0.0,9.9671,70e5e150cb232f695c9ad747f8043d06c86c07ffb9070a3e2e7b53d14a6a2e6e,0.0,0.0,1.0,102.9988,,,0,,,3316
motion,m39,0.05,0.2192,,,11.2404,102.2386,0.0043,1,3145,0.1915,9.9671,70e5e150cb232f695c9ad747f8043d06c86c07ffb9070a3e2e7b53d14a6a2e6e,28.3142,865.0973,0.0,102.9988,38.1807,1406.1709,1,0.0,105.6338,3316
motion,m39,0.1,0.1984,,,11.4544,56.0415,0.0035,1,3145,0.1763,9.9671,70e5e150cb232f695c9ad747f8043d06c86c07ffb9070a3e2e7b53d14a6a2e6e,13.1398,432.0804,0.0,102.9988,17.7851,708.314,1,0.0,103.7422,3316
motion,m39,0.15,0.1756,,,11.1818,38.547,0.0028,1,3145,0.1621,9.9671,70e5e150cb232f695c9ad747f8043d06c86c07ffb9070a3e2e7b53d14a6a2e6e,8.8156,258.075,0.0,102.9988,11.2588,432.4482,1,0.0,105.9571,3316
motion,m39,0.2,0.1562,,,11.5132,29.0814,0.0022,1,3145,0.1491,9.9671,70e5e150cb232f695c9ad747f8043d06c86c07ffb9070a3e2e7b53d14a6a2e6e,6.7357,173.0154,0.0,102.9988,8.4582,263.8855,1,0.0,103.2349,3316
motion,m39,0.3,0.1377,0,0,11.5057,22.0729,0.0016,0,3145,0.1362,9.9671,70e5e150cb232f695c9ad747f8043d06c86c07ffb9070a3e2e7b53d14a6a2e6e,5.1446,122.2977,0.0,102.9988,6.0306,169.4208,0,0.0,103.0984,3316
motion,m39,0.4,0.1114,0,0,10.0766,18.5642,0.0012,0,3145,0.1281,9.9671,70e5e150cb232f695c9ad747f8043d06c86c07ffb9070a3e2e7b53d14a6a2e6e,4.3373,97.9402,0.0,102.9988,4.3853,66.8304,0,0.0,88.787,3316
motion,m39,0.5,0.0677,0,0,11.6875,16.4477,0.001,0,3145,0.1229,9.9671,70e5e150cb232f695c9ad747f8043d06c86c07ffb9070a3e2e7b53d14a6a2e6e,3.8573,84.2633,0.0,102.9988,4.0013,42.6392,0,0.0,77.0598,3316
motion,m39,0.7,,0,0,,13.8733,0.0006,,3145,0.1162,9.9671,70e5e150cb232f695c9ad747f8043d06c86c07ffb9070a3e2e7b53d14a6a2e6e,3.4641,72.9689,0.0,102.9988,,,0,,,3316
motion,m39,1.0,,0,0,,11.837,0.0004,,3145,0.1069,9.9671,70e5e150cb232f695c9ad747f8043d06c86c07ffb9070a3e2e7b53d14a6a2e6e,3.0468,61.8521,0.0,102.9988,,,0,,,3316
scale,m39,48,0.2267,,,10.6591,150.8458,0.0049,1,1466,0.2005,9.9625,70e5e150cb232f695c9ad747f8043d06c86c07ffb9070a3e2e7b53d14a6a2e6e,841.6692,1301.111,0.0,48.0115,1221.0429,2266.7202,1,0.0,51.9054,1545
scale,m39,40,0.2302,,,10.8199,148.7647,0.0049,1,1221,0.1998,9.9719,70e5e150cb232f695c9ad747f8043d06c86c07ffb9070a3e2e7b53d14a6a2e6e,1256.7426,1278.8271,0.0,39.9877,1945.2194,2267.0585,1,0.0,42.3687,1288
scale,m39,32,0.22,,,9.3821,147.9595,0.0048,1,977,0.1998,9.9659,70e5e150cb232f695c9ad747f8043d06c86c07ffb9070a3e2e7b53d14a6a2e6e,2088.5509,2088.5509,0.0,31.9968,3307.5983,2833.59,1,0.0,38.8089,1030
scale,m39,26,0.2203,,,10.376,359.4337,0.0047,1,794,0.198,9.9651,70e5e150cb232f695c9ad747f8043d06c86c07ffb9070a3e2e7b53d14a6a2e6e,3050.8394,983.1985,0.0,26.0035,4404.7443,1993.6965,1,0.0,28.871,837
scale,m39,22,0.2163,,,9.4718,462.4262,0.0046,1,672,0.1966,9.9595,70e5e150cb232f695c9ad747f8043d06c86c07ffb9070a3e2e7b53d14a6a2e6e,4217.7765,791.8858,0.0,22.008,6369.7161,2136.774,1,0.0,26.5751,708
scale,m39,18,0.2192,,,9.9698,606.2512,0.0044,1,550,0.1952,9.9688,70e5e150cb232f695c9ad747f8043d06c86c07ffb9070a3e2e7b53d14a6a2e6e,6177.1237,625.537,0.0,18.0125,9679.0914,1466.3268,1,0.0,20.6308,580
scale,m39,15,0.2106,,,9.4444,760.3327,0.004,1,458,0.1912,9.9691,70e5e150cb232f695c9ad747f8043d06c86c07ffb9070a3e2e7b53d14a6a2e6e,8456.9269,474.0106,0.0,14.9995,12937.5998,1250.6339,1,0.0,18.0,483
scale,m39,12,0.1819,,,7.5556,964.2466,0.0036,1,366,0.1849,9.9697,70e5e150cb232f695c9ad747f8043d06c86c07ffb9070a3e2e7b53d14a6a2e6e,11851.6741,296.4103,0.0009,11.9865,13623.2346,1249.49,1,0.0007,18.0,386
scale,m39,10,0.1397,0,0,7.1344,1125.0262,0.003,0,305,0.1768,9.98,70e5e150cb232f695c9ad747f8043d06c86c07ffb9070a3e2e7b53d14a6a2e6e,14046.0115,193.201,0.0007,9.9887,4062.1748,439.4382,0,0.0,17.9412,322
scale,m39,8,,0,0,,1251.6106,0.0027,,244,0.1646,9.9955,70e5e150cb232f695c9ad747f8043d06c86c07ffb9070a3e2e7b53d14a6a2e6e,15725.6042,72.9526,0.0011,7.991,,,0,,,258
scale,m39,6,,0,0,,1369.9798,0.0024,,183,0.1398,9.9697,70e5e150cb232f695c9ad747f8043d06c86c07ffb9070a3e2e7b53d14a6a2e6e,11254.1589,23.415,0.0,5.9933,,,0,,,193
blur,m40,0.02,0.1993,,,12.037,126.1404,0.0,0,1820,0.2065,13.4993,81155b0cbe82a779f5f7274021885d7c36c11c8600f7db6f05dd6e46f23c43f5,258.4493,304.3076,0.0,37.037,366.4646,150.699,1,0.0,27.0,1820
blur,m40,0.04,0.1785,,,11.0,45.2083,0.0,1,1820,0.1836,13.4993,81155b0cbe82a779f5f7274021885d7c36c11c8600f7db6f05dd6e46f23c43f5,66.9339,104.0686,0.0,37.037,63.3717,202.8766,1,0.0,44.9709,1820
blur,m40,0.06,0.1567,,,11.0,16.1425,0.0,1,1820,0.1597,13.4993,81155b0cbe82a779f5f7274021885d7c36c11c8600f7db6f05dd6e46f23c43f5,27.8814,43.2673,0.0,37.037,24.5625,80.2082,1,0.0,44.9709,1820
blur,m40,0.08,0.139,,,10.3333,6.633,0.0,1,1820,0.139,13.4993,81155b0cbe82a779f5f7274021885d7c36c11c8600f7db6f05dd6e46f23c43f5,11.6236,16.8265,0.0,37.037,9.69,36.3958,1,0.0,47.6163,1820
blur,m40,0.1,0.1244,,,11.0,3.1238,0.0,1,1820,0.1227,13.4993,81155b0cbe82a779f5f7274021885d7c36c11c8600f7db6f05dd6e46f23c43f5,5.4488,6.5651,0.0,37.037,4.7734,11.6273,1,0.0,44.9709,1820
blur,m40,0.13,0.1105,,,10.3889,1.3316,0.0,1,1820,0.1049,13.4993,81155b0cbe82a779f5f7274021885d7c36c11c8600f7db6f05dd6e46f23c43f5,2.803,2.1212,0.0,37.037,2.5372,4.0484,1,0.0,47.6163,1820
blur,m40,0.16,0.0988,0,0,11.0588,0.7254,0.0,0,1820,0.0918,13.4993,81155b0cbe82a779f5f7274021885d7c36c11c8600f7db6f05dd6e46f23c43f5,2.0831,1.025,0.0,37.037,1.9902,1.5236,0,0.0,44.9709,1820
blur,m40,0.2,,0,0,,0.4204,0.0,,1820,0.0791,13.4993,81155b0cbe82a779f5f7274021885d7c36c11c8600f7db6f05dd6e46f23c43f5,1.7771,0.5719,0.0,37.037,,,0,,,1820
blur,m40,0.25,,0,0,,0.2828,0.0,,1820,0.0678,13.4993,81155b0cbe82a779f5f7274021885d7c36c11c8600f7db6f05dd6e46f23c43f5,1.6413,0.4259,0.0,37.037,,,0,,,1820
blur,m40,0.3,,0,0,,0.2281,0.0,,1820,0.0596,13.4993,81155b0cbe82a779f5f7274021885d7c36c11c8600f7db6f05dd6e46f23c43f5,1.5298,0.3775,0.0,37.037,,,0,,,1820
edge,m40,2.0,0.213,,,1.8121,214.9844,0.0,1,1820,0.218,1.9923,81155b0cbe82a779f5f7274021885d7c36c11c8600f7db6f05dd6e46f23c43f5,733.9421,626.1387,0.0,37.037,705.3901,830.8475,1,0.0,42.3256,1124
edge,m40,1.0,0.2152,,,0.9974,213.3302,0.0,1,1820,0.218,0.9933,81155b0cbe82a779f5f7274021885d7c36c11c8600f7db6f05dd6e46f23c43f5,733.9421,626.1387,0.0,37.037,741.4511,773.925,1,0.0,39.6802,1087
edge,m40,0.5,0.2183,,,0.6414,212.4084,0.0,1,1820,0.218,0.5073,81155b0cbe82a779f5f7274021885d7c36c11c8600f7db6f05dd6e46f23c43f5,733.9421,626.1387,0.0,37.037,737.837,629.9024,1,0.0,37.0349,1069
edge,m40,0.25,0.2128,,,0.2496,211.3623,0.0,1,1820,0.218,0.2373,81155b0cbe82a779f5f7274021885d7c36c11c8600f7db6f05dd6e46f23c43f5,733.9421,626.1387,0.0,37.037,702.277,825.8394,1,0.0,42.3256,1059
edge,m40,0.1,0.2135,,,0.1872,211.9307,0.0,1,1820,0.2187,0.1023,81155b0cbe82a779f5f7274021885d7c36c11c8600f7db6f05dd6e46f23c43f5,744.3089,635.1322,0.0,37.037,711.2568,837.2586,1,0.0,42.3256,1054
edge,m40,0.0,0.2141,,,0.0625,210.8788,0.0,1,1820,0.2193,0.0,81155b0cbe82a779f5f7274021885d7c36c11c8600f7db6f05dd6e46f23c43f5,753.2436,641.8716,0.0,37.037,720.2787,848.9778,1,0.0,42.3256,1050
edge,m40,-0.5,0.2157,,,0.0667,209.0801,0.0,0,1820,0.2198,0.0,81155b0cbe82a779f5f7274021885d7c36c11c8600f7db6f05dd6e46f23c43f5,755.7564,641.9769,0.0,37.037,714.9074,715.3816,1,0.0,39.6802,1032
edge,m40,-1.0,0.2128,,,0.0623,205.6449,0.0,0,1820,0.2203,0.0,81155b0cbe82a779f5f7274021885d7c36c11c8600f7db6f05dd6e46f23c43f5,760.909,644.8794,0.0,37.037,686.5836,802.3372,1,0.0,42.3256,1013
edge,m40,-2.0,0.213,,,0.1217,195.4269,0.0,0,1820,0.2192,0.0,81155b0cbe82a779f5f7274021885d7c36c11c8600f7db6f05dd6e46f23c43f5,736.4531,627.1894,0.0,37.037,693.6365,857.4329,1,0.0,42.9916,976
glare,m40,0.3,0.2014,,,12.037,173.2732,0.0,0,1820,0.1708,13.4993,81155b0cbe82a779f5f7274021885d7c36c11c8600f7db6f05dd6e46f23c43f5,451.5934,384.4785,0.0,37.037,866.4392,305.7315,1,0.0,27.0,1820
glare,m40,0.5,0.1932,,,12.037,163.4813,0.0,0,1820,0.1442,13.4993,81155b0cbe82a779f5f7274021885d7c36c11c8600f7db6f05dd6e46f23c43f5,303.6349,258.1252,0.0,37.037,792.0536,279.118,1,0.0,27.0,1820
glare,m40,0.7,0.1853,,,12.037,155.2575,0.0,0,1820,0.1245,13.4993,81155b0cbe82a779f5f7274021885d7c36c11c8600f7db6f05dd6e46f23c43f5,189.2773,160.7715,0.0,37.037,718.5516,253.3994,1,0.0,27.0,1820
glare,m40,0.85,0.1795,,,12.037,150.0914,0.0,0,1820,0.1163,13.4993,81155b0cbe82a779f5f7274021885d7c36c11c8600f7db6f05dd6e46f23c43f5,126.0175,106.8042,0.0,37.037,667.196,235.3061,1,0.0,27.0,1820
glare,m40,1.0,0.1739,,,12.037,145.7515,0.0014,0,1820,0.1153,13.4993,81155b0cbe82a779f5f7274021885d7c36c11c8600f7db6f05dd6e46f23c43f5,81.853,69.4089,0.214,37.037,617.7215,217.7787,1,0.0,27.0,1820
glare,m40,1.5,0.1567,0,0,12.037,136.2732,0.0108,0,1820,0.0746,13.4993,81155b0cbe82a779f5f7274021885d7c36c11c8600f7db6f05dd6e46f23c43f5,19.1066,16.0103,0.6309,37.037,466.6744,164.2965,0,0.0,27.0,1820
glare,m40,2.5,0.1319,0,0,12.037,126.825,0.0229,0,1820,0.0118,13.4993,81155b0cbe82a779f5f7274021885d7c36c11c8600f7db6f05dd6e46f23c43f5,0.2298,0.0935,0.9233,37.037,237.5566,83.4225,0,0.0,27.0,1820
glare,m40,4.0,0.1637,0,0,13.0909,119.7178,0.034,0,1820,0.0,13.4993,81155b0cbe82a779f5f7274021885d7c36c11c8600f7db6f05dd6e46f23c43f5,0.0,0.0,1.0,37.037,617.2764,299.1067,0,0.0,29.0988,1820
motion,m40,0.05,0.2119,,,12.037,174.7406,0.0,0,1820,0.2158,13.4993,81155b0cbe82a779f5f7274021885d7c36c11c8600f7db6f05dd6e46f23c43f5,604.6854,566.9864,0.0,37.037,843.1718,308.4567,1,0.0,27.0,1820
motion,m40,0.1,0.205,,,12.037,135.1429,0.0,0,1820,0.2085,13.4993,81155b0cbe82a779f5f7274021885d7c36c11c8600f7db6f05dd6e46f23c43f5,471.5747,460.1724,0.0,37.037,672.9847,251.0095,1,0.0,27.0,1820
motion,m40,0.15,0.1926,,,11.6875,105.2535,0.0,1,1820,0.1989,13.4993,81155b0cbe82a779f5f7274021885d7c36c11c8600f7db6f05dd6e46f23c43f5,383.5392,375.0479,0.0,37.037,349.7247,495.5714,1,0.0,42.3256,1820
motion,m40,0.2,0.1897,,,12.5333,95.3449,0.0,1,1820,0.1938,13.4993,81155b0cbe82a779f5f7274021885d7c36c11c8600f7db6f05dd6e46f23c43f5,349.6744,340.5251,0.0,37.037,336.6918,414.4589,1,0.0,39.6802,1820
motion,m40,0.3,0.172,,,11.75,74.1488,0.0,1,1820,0.1756,13.4993,81155b0cbe82a779f5f7274021885d7c36c11c8600f7db6f05dd6e46f23c43f5,257.6285,246.5491,0.0,37.037,239.7445,324.9617,1,0.0,42.3256,1820
motion,m40,0.4,0.1595,1,0,10.3889,63.7952,0.0,0,1820,0.1633,13.4993,81155b0cbe82a779f5f7274021885d7c36c11c8600f7db6f05dd6e46f23c43f5,207.633,197.5973,0.0,37.037,170.7107,293.6992,0,0.0,47.6163,1820
motion,m40,0.5,0.1524,0,0,11.0,57.9013,0.0,0,1820,0.1549,13.4993,81155b0cbe82a779f5f7274021885d7c36c11c8600f7db6f05dd6e46f23c43f5,176.7793,168.259,0.0,37.037,156.9379,242.5198,0,0.0,44.9709,1820
motion,m40,0.7,0.1234,0,0,7.9412,51.4388,0.0,0,1820,0.1456,13.4993,81155b0cbe82a779f5f7274021885d7c36c11c8600f7db6f05dd6e46f23c43f5,146.1257,138.7301,0.0,37.037,112.1522,174.645,0,0.0,44.9709,1820
motion,m40,1.0,0.1438,0,0,11.1176,45.9986,0.0,0,1820,0.1402,13.4993,81155b0cbe82a779f5f7274021885d7c36c11c8600f7db6f05dd6e46f23c43f5,129.8653,124.226,0.0,37.037,131.4714,197.5743,0,0.0,44.9709,1820
scale,m40,32,0.2168,,,13.4762,192.3327,0.0,0,1572,0.2174,13.4993,81155b0cbe82a779f5f7274021885d7c36c11c8600f7db6f05dd6e46f23c43f5,993.4869,993.4869,0.0,31.9902,1429.5297,237.6397,1,0.0,21.0,1572
scale,m40,26,0.2151,,,12.6667,190.1648,0.0,0,1278,0.217,13.4993,81155b0cbe82a779f5f7274021885d7c36c11c8600f7db6f05dd6e46f23c43f5,1602.385,519.6414,0.0,26.0073,2361.5187,244.3675,1,0.0,18.0,1278
scale,m40,22,0.2091,,,9.5,186.5995,0.0,0,1081,0.2168,13.4993,81155b0cbe82a779f5f7274021885d7c36c11c8600f7db6f05dd6e46f23c43f5,2251.7069,437.0147,0.0,21.9983,2844.4829,386.3345,1,0.0,19.9815,1081
scale,m40,18,0.2137,,,13.3333,417.9162,0.0,0,885,0.2159,13.4993,81155b0cbe82a779f5f7274021885d7c36c11c8600f7db6f05dd6e46f23c43f5,3242.37,315.1694,0.0,18.0098,5232.8775,152.335,1,0.0,11.9865,885
scale,m40,15,0.2076,,,11.0,586.1953,0.0,0,737,0.2159,13.4993,81155b0cbe82a779f5f7274021885d7c36c11c8600f7db6f05dd6e46f23c43f5,5061.1361,275.579,0.0,14.9979,7331.1999,202.3626,1,0.0,11.9837,737
scale,m40,12,0.2134,,,13.5,816.9559,0.0,1,590,0.2134,13.4993,81155b0cbe82a779f5f7274021885d7c36c11c8600f7db6f05dd6e46f23c43f5,9253.3837,229.6015,0.0,12.0065,9253.3837,229.6015,1,0.0,12.0,590
scale,m40,10,0.2039,,,11.1667,989.876,0.0,1,491,0.2097,13.4993,81155b0cbe82a779f5f7274021885d7c36c11c8600f7db6f05dd6e46f23c43f5,14148.4993,198.4419,0.0,9.9918,11786.5804,297.4022,1,0.0,11.9756,491
scale,m40,8,0.1889,,,8.8333,1184.851,0.0,1,393,0.2026,13.4993,81155b0cbe82a779f5f7274021885d7c36c11c8600f7db6f05dd6e46f23c43f5,21013.6632,98.642,0.0,7.9976,14104.4181,335.1711,1,0.0,11.9695,393
scale,m40,6,0.1664,0,1,6.5,1339.1603,0.0,0,295,0.1856,13.4993,81155b0cbe82a779f5f7274021885d7c36c11c8600f7db6f05dd6e46f23c43f5,22224.4186,47.126,0.0,6.0033,12475.5394,289.0172,0,0.0,11.9595,295
blur,m42,0.02,0.1754,,,7.3443,81.661,0.0097,1,976,0.1717,8.0505,64a409aebbb09ce0b9837c9fb8b514d1473c967df889cf971f515f59eb919ac5,93.8265,137.4091,0.0,39.9965,92.3757,165.0509,1,0.0,43.5438,976
blur,m42,0.04,0.1665,,,7.619,14.6946,0.0068,1,976,0.1635,8.0505,64a409aebbb09ce0b9837c9fb8b514d1473c967df889cf971f515f59eb919ac5,18.9681,36.2753,0.0,39.9965,18.1813,40.435,1,0.0,42.0,976
blur,m42,0.06,0.1549,,,7.6667,4.9632,0.005,1,976,0.1567,8.0505,64a409aebbb09ce0b9837c9fb8b514d1473c967df889cf971f515f59eb919ac5,6.7387,11.1695,0.0,39.9965,6.5289,12.8097,1,0.0,42.0,976
blur,m42,0.08,0.1505,,,7.3182,2.8433,0.0038,1,976,0.1517,8.0505,64a409aebbb09ce0b9837c9fb8b514d1473c967df889cf971f515f59eb919ac5,3.4582,4.1348,0.0,39.9965,3.3318,5.2507,1,0.0,44.0,976
blur,m42,0.1,0.0678,0,0,8.5714,2.2022,0.0028,0,976,0.1477,8.0505,64a409aebbb09ce0b9837c9fb8b514d1473c967df889cf971f515f59eb919ac5,2.4052,1.8909,0.0,39.9965,2.2271,1.6834,0,0.0,42.0,976
blur,m42,0.13,,0,0,,1.8173,0.0018,,976,0.143,8.0505,64a409aebbb09ce0b9837c9fb8b514d1473c967df889cf971f515f59eb919ac5,1.9546,0.8969,0.0,39.9965,,,0,,,976
blur,m42,0.16,,0,0,,1.6989,0.001,,976,0.139,8.0505,64a409aebbb09ce0b9837c9fb8b514d1473c967df889cf971f515f59eb919ac5,1.7587,0.5809,0.0,39.9965,,,0,,,976
blur,m42,0.2,,0,0,,1.6317,0.0005,,976,0.135,8.0505,64a409aebbb09ce0b9837c9fb8b514d1473c967df889cf971f515f59eb919ac5,1.6499,0.4367,0.0,39.9965,,,0,,,976
blur,m42,0.25,,0,0,,1.6042,0.0,,976,0.1314,8.0505,64a409aebbb09ce0b9837c9fb8b514d1473c967df889cf971f515f59eb919ac5,1.5912,0.3561,0.0,39.9965,,,0,,,976
blur,m42,0.3,,0,0,,1.5832,0.0,,976,0.1289,8.0505,64a409aebbb09ce0b9837c9fb8b514d1473c967df889cf971f515f59eb919ac5,1.5335,0.333,0.0,39.9965,,,0,,,976
edge,m42,2.0,0.1764,,,1.943,305.0679,0.0189,1,976,0.177,2.0,64a409aebbb09ce0b9837c9fb8b514d1473c967df889cf971f515f59eb919ac5,384.7099,318.8083,0.001,39.9965,387.8587,338.8773,1,0.001,41.1022,734
edge,m42,1.0,0.1782,,,0.9585,306.9125,0.0192,1,976,0.177,0.9999,64a409aebbb09ce0b9837c9fb8b514d1473c967df889cf971f515f59eb919ac5,384.7099,318.8083,0.001,39.9965,383.9926,341.8391,1,0.001,41.5323,694
edge,m42,0.5,0.1782,,,0.4763,308.4509,0.0195,1,976,0.177,0.4998,64a409aebbb09ce0b9837c9fb8b514d1473c967df889cf971f515f59eb919ac5,384.7099,318.8083,0.001,39.9965,383.9926,341.8391,1,0.001,41.5807,674
edge,m42,0.25,0.1764,,,0.2423,308.9813,0.0197,1,976,0.177,0.2498,64a409aebbb09ce0b9837c9fb8b514d1473c967df889cf971f515f59eb919ac5,384.7099,318.8083,0.001,39.9965,387.8587,332.6514,1,0.001,40.8405,664
edge,m42,0.1,0.1624,,,0.095,309.7299,0.0197,1,976,0.1629,0.0998,64a409aebbb09ce0b9837c9fb8b514d1473c967df889cf971f515f59eb919ac5,394.3904,323.3933,0.0011,39.9965,397.7518,343.9427,1,0.001,40.9128,658
edge,m42,0.0,0.1534,,,0.05,309.9692,0.0197,1,976,0.1534,0.0,64a409aebbb09ce0b9837c9fb8b514d1473c967df889cf971f515f59eb919ac5,400.4156,331.0038,0.001,39.9965,400.4156,331.0038,1,0.001,40.0,654
edge,m42,-0.5,0.2141,1,1,2.8,305.9487,0.0195,0,976,0.1242,0.0,64a409aebbb09ce0b9837c9fb8b514d1473c967df889cf971f515f59eb919ac5,366.4832,294.1214,0.0001,39.9965,1319.7382,176.9705,0,0.0067,20.0,634
edge,m42,-1.0,0.2141,1,1,1.8,301.6629,0.0193,0,976,0.0976,0.0,64a409aebbb09ce0b9837c9fb8b514d1473c967df889cf971f515f59eb919ac5,340.7061,269.8171,0.0001,39.9965,1319.7382,176.9705,0,0.0067,20.0,614
edge,m42,-2.0,0.2156,,,0.0599,298.18,0.0189,0,976,0.0929,0.0,64a409aebbb09ce0b9837c9fb8b514d1473c967df889cf971f515f59eb919ac5,295.6684,236.8832,0.0,39.9965,1217.4181,270.5696,1,0.0053,23.6005,574
glare,m42,0.3,0.1421,,,7.3992,264.0208,0.0146,1,976,0.1386,8.0505,64a409aebbb09ce0b9837c9fb8b514d1473c967df889cf971f515f59eb919ac5,244.4273,202.6102,0.0011,39.9965,238.2962,228.8264,1,0.0011,43.2263,976
glare,m42,0.5,0.1235,,,7.4271,261.1049,0.0146,1,976,0.1203,8.0505,64a409aebbb09ce0b9837c9fb8b514d1473c967df889cf971f515f59eb919ac5,169.9534,141.1949,0.0015,39.9965,166.5727,157.0256,1,0.0015,43.067,976
glare,m42,0.7,0.1143,,,7.383,258.6147,0.0146,1,976,0.1115,8.0505,64a409aebbb09ce0b9837c9fb8b514d1473c967df889cf971f515f59eb919ac5,111.4282,92.8347,0.0022,39.9965,110.1118,106.3186,1,0.0021,43.3197,976
glare,m42,0.85,0.1151,,,7.5477,256.9624,0.0147,1,976,0.1126,8.0505,64a409aebbb09ce0b9837c9fb8b514d1473c967df889cf971f515f59eb919ac5,78.434,65.1795,0.0029,39.9965,77.9929,72.2228,1,0.0027,42.3905,976
glare,m42,1.0,0.191,1,1,16.4,255.5158,0.0155,0,976,0.1204,8.0505,64a409aebbb09ce0b9837c9fb8b514d1473c967df889cf971f515f59eb919ac5,54.3844,45.0549,0.0744,39.9965,741.5696,100.3862,0,0.0185,20.0,976
glare,m42,1.5,0.1922,1,1,16.4,252.0006,0.0247,0,976,0.097,8.0505,64a409aebbb09ce0b9837c9fb8b514d1473c967df889cf971f515f59eb919ac5,16.8201,13.3971,0.5776,39.9965,574.8383,78.1726,0,0.087,20.0,976
glare,m42,2.5,0.1763,0,0,16.4,247.9307,0.0359,0,976,0.037,8.0505,64a409aebbb09ce0b9837c9fb8b514d1473c967df889cf971f515f59eb919ac5,1.1854,0.7139,0.8824,39.9965,692.8909,93.3157,0,0.013,20.0,976
glare,m42,4.0,0.1015,0,0,14.1111,244.0071,0.0458,0,976,0.0007,8.0505,64a409aebbb09ce0b9837c9fb8b514d1473c967df889cf971f515f59eb919ac5,0.0127,0.0093,0.9996,39.9965,857.4516,81.5237,0,0.0218,18.0,976
motion,m42,0.05,0.1795,,,7.7233,178.1341,0.0137,1,976,0.1739,8.0505,64a409aebbb09ce0b9837c9fb8b514d1473c967df889cf971f515f59eb919ac5,218.6562,238.4856,0.0002,39.9965,215.4335,250.4546,1,0.0002,41.4107,976
motion,m42,0.1,0.1736,,,7.3707,97.9294,0.0122,1,976,0.1698,8.0505,64a409aebbb09ce0b9837c9fb8b514d1473c967df889cf971f515f59eb919ac5,103.6305,129.1255,0.0,39.9965,97.6546,148.1797,1,0.0,43.3905,976
motion,m42,0.15,0.1705,,,7.619,69.744,0.0113,1,976,0.1659,8.0505,64a409aebbb09ce0b9837c9fb8b514d1473c967df889cf971f515f59eb919ac5,70.6323,86.5789,0.0,39.9965,68.0417,93.2879,1,0.0,42.0,976
motion,m42,0.2,0.125,,,6.4553,56.4922,0.0107,0,976,0.1626,8.0505,64a409aebbb09ce0b9837c9fb8b514d1473c967df889cf971f515f59eb919ac5,52.0226,62.4479,0.0,39.9965,182.0649,322.5386,1,0.0003,42.7011,976
motion,m42,0.3,0.1144,0,0,9.5556,43.3589,0.0098,0,976,0.1578,8.0505,64a409aebbb09ce0b9837c9fb8b514d1473c967df889cf971f515f59eb919ac5,36.6762,43.7668,0.0,39.9965,37.7071,33.101,0,0.0,36.0,976
motion,m42,0.4,,0,0,,36.6638,0.0091,,976,0.1544,8.0505,64a409aebbb09ce0b9837c9fb8b514d1473c967df889cf971f515f59eb919ac5,29.5694,35.5466,0.0,39.9965,,,0,,,976
motion,m42,0.5,,0,0,,32.5096,0.0085,,976,0.1517,8.0505,64a409aebbb09ce0b9837c9fb8b514d1473c967df889cf971f515f59eb919ac5,25.0775,30.1775,0.0,39.9965,,,0,,,976
motion,m42,0.7,,0,0,,27.3847,0.0075,,976,0.1476,8.0505,64a409aebbb09ce0b9837c9fb8b514d1473c967df889cf971f515f59eb919ac5,20.1245,24.1583,0.0,39.9965,,,0,,,976
motion,m42,1.0,,0,0,,22.9849,0.0063,,976,0.1433,8.0505,64a409aebbb09ce0b9837c9fb8b514d1473c967df889cf971f515f59eb919ac5,15.7018,18.8367,0.0,39.9965,,,0,,,976
scale,m42,32,0.174,,,4.8571,429.4357,0.0139,0,781,0.1762,8.0505,64a409aebbb09ce0b9837c9fb8b514d1473c967df889cf971f515f59eb919ac5,532.1073,532.1073,0.0007,32.0054,1592.8711,1903.5679,1,0.0,41.9463,781
scale,m42,26,0.179,,,7.7637,711.8062,0.0136,1,634,0.1766,8.0505,64a409aebbb09ce0b9837c9fb8b514d1473c967df889cf971f515f59eb919ac5,800.2131,244.3586,0.0009,25.9813,722.512,246.1307,1,0.0006,26.7791,634
scale,m42,22,0.18,,,7.1724,1018.1302,0.0132,1,537,0.1734,8.0505,64a409aebbb09ce0b9837c9fb8b514d1473c967df889cf971f515f59eb919ac5,1023.1928,187.2823,0.0012,22.0063,959.8312,248.195,1,0.001,24.4832,537
scale,m42,18,0.174,,,7.0339,1445.4228,0.0125,1,439,0.1794,8.0505,64a409aebbb09ce0b9837c9fb8b514d1473c967df889cf971f515f59eb919ac5,1586.3417,151.4403,0.0,17.9902,1474.3762,220.6206,1,0.0,20.6951,439
scale,m42,15,0.1778,,,8.4636,1823.4559,0.0117,1,366,0.1754,8.0505,64a409aebbb09ce0b9837c9fb8b514d1473c967df889cf971f515f59eb919ac5,2234.8282,112.5877,0.0007,14.9987,2135.3567,93.41,1,0.0007,14.1759,366
scale,m42,12,0.179,,,6.8571,2232.1616,0.0103,1,293,0.1715,8.0505,64a409aebbb09ce0b9837c9fb8b514d1473c967df889cf971f515f59eb919ac5,3320.076,81.1544,0.001,12.0071,2766.9103,110.2744,1,0.0008,13.9524,293
scale,m42,10,,0,0,,2467.547,0.0087,,244,0.1697,8.0505,64a409aebbb09ce0b9837c9fb8b514d1473c967df889cf971f515f59eb919ac5,4101.2592,54.6038,0.0015,9.9991,,,0,,,244
scale,m42,8,,0,0,,2636.1246,0.0079,,195,0.1713,8.0505,64a409aebbb09ce0b9837c9fb8b514d1473c967df889cf971f515f59eb919ac5,4683.3218,22.3388,0.0023,7.9911,,,0,,,195
scale,m42,6,,0,0,,2819.6301,0.0074,,146,0.1614,8.0505,64a409aebbb09ce0b9837c9fb8b514d1473c967df889cf971f515f59eb919ac5,4751.7805,10.553,0.0,5.9831,,,0,,,146
blur,m43,0.02,0.1588,,,6.1286,161.3162,0.0222,1,3264,0.1483,3.722,4fb0cbac94492eff17ebbcc2656aab4233a296e83426e04feb946930b387444d,9.2471,327.359,0.0,99.4214,12.1424,499.2832,1,0.0,102.1799,1836
blur,m43,0.04,0.1969,0,0,0.197,28.8953,0.0179,0,3264,0.1313,3.722,4fb0cbac94492eff17ebbcc2656aab4233a296e83426e04feb946930b387444d,2.444,60.0442,0.0,99.4214,2.3756,1574.3467,0,0.0466,450.2603,1836
blur,m43,0.06,0.1224,0,0,5.9966,7.8017,0.0145,0,3264,0.1194,3.722,4fb0cbac94492eff17ebbcc2656aab4233a296e83426e04feb946930b387444d,1.732,14.4934,0.0,99.4214,1.8908,23.9572,0,0.0,104.5382,1836
blur,m43,0.08,0.141,0,0,0.3049,2.996,0.0111,0,3264,0.111,3.722,4fb0cbac94492eff17ebbcc2656aab4233a296e83426e04feb946930b387444d,1.5638,4.4652,0.0,99.4214,1.8558,6.7393,0,0.0,120.7515,1836
blur,m43,0.1,,0,0,,1.4272,0.0084,,3264,0.1049,3.722,4fb0cbac94492eff17ebbcc2656aab4233a296e83426e04feb946930b387444d,1.5114,1.7775,0.0,99.4214,,,0,,,1836
blur,m43,0.13,,0,0,,0.6216,0.006,,3264,0.098,3.722,4fb0cbac94492eff17ebbcc2656aab4233a296e83426e04feb946930b387444d,1.5093,0.6242,0.0,99.4214,,,0,,,1836
blur,m43,0.16,,0,0,,0.3569,0.0039,,3264,0.0929,3.722,4fb0cbac94492eff17ebbcc2656aab4233a296e83426e04feb946930b387444d,1.4884,0.2988,0.0,99.4214,,,0,,,1836
blur,m43,0.2,,0,0,,0.2278,0.0021,,3264,0.0878,3.722,4fb0cbac94492eff17ebbcc2656aab4233a296e83426e04feb946930b387444d,1.282,0.1862,0.0,99.4214,,,0,,,1836
blur,m43,0.25,,0,0,,0.1664,0.0014,,3264,0.083,3.722,4fb0cbac94492eff17ebbcc2656aab4233a296e83426e04feb946930b387444d,1.329,0.1359,0.0,99.4214,,,0,,,1836
blur,m43,0.3,,0,0,,0.1428,0.0009,,3264,0.0793,3.722,4fb0cbac94492eff17ebbcc2656aab4233a296e83426e04feb946930b387444d,1.3684,0.1094,0.0,99.4214,,,0,,,1836
edge,m43,2.0,0.1809,,,1.7936,543.5458,0.0266,1,3264,0.1667,1.9962,4fb0cbac94492eff17ebbcc2656aab4233a296e83426e04feb946930b387444d,323.3865,1135.4457,0.0,99.4214,421.0123,1716.963,1,0.0,110.7788,1408
edge,m43,1.0,0.1836,1,0,1.0039,514.0778,0.0267,0,3264,0.1667,1.0004,4fb0cbac94492eff17ebbcc2656aab4233a296e83426e04feb946930b387444d,323.3865,1135.4457,0.0,99.4214,469.1124,1614.8075,0,0.0,99.4333,1309
edge,m43,0.5,0.1828,,,0.5174,504.8376,0.0271,0,3264,0.1667,0.4975,4fb0cbac94492eff17ebbcc2656aab4233a296e83426e04feb946930b387444d,323.3865,1135.4457,0.0,99.4214,455.0183,1590.7646,1,0.0,100.8018,1259
edge,m43,0.25,0.1836,1,1,0.2446,498.7457,0.0272,0,3264,0.1667,0.246,4fb0cbac94492eff17ebbcc2656aab4233a296e83426e04feb946930b387444d,323.3865,1135.4457,0.0,99.4214,469.1124,1614.8075,0,0.0,99.4333,1234
edge,m43,0.1,0.1839,1,1,0.0987,496.006,0.0272,0,3264,0.167,0.0952,4fb0cbac94492eff17ebbcc2656aab4233a296e83426e04feb946930b387444d,328.7091,1155.7577,0.0,99.4214,470.0389,1624.6377,0,0.0,100.7759,1219
edge,m43,0.0,0.1857,,,0.0059,492.0817,0.0272,0,3264,0.1672,0.0046,4fb0cbac94492eff17ebbcc2656aab4233a296e83426e04feb946930b387444d,329.5638,1156.8362,0.0,99.4214,491.8663,1676.7033,1,0.0,99.4329,1210
edge,m43,-0.5,0.1846,0,0,0.0561,468.4803,0.0271,0,3264,0.1648,0.0,4fb0cbac94492eff17ebbcc2656aab4233a296e83426e04feb946930b387444d,314.6199,1098.4061,0.0,99.4214,499.6967,1577.331,0,0.0,93.3906,1160
edge,m43,-1.0,0.1836,0,0,0.0045,444.8418,0.0274,0,3264,0.1626,0.0,4fb0cbac94492eff17ebbcc2656aab4233a296e83426e04feb946930b387444d,292.6067,1017.7328,0.0,99.4214,453.9579,1436.4589,0,0.0,93.0392,1110
edge,m43,-2.0,0.1827,0,0,-0.0108,415.1961,0.0278,0,3264,0.1594,0.0,4fb0cbac94492eff17ebbcc2656aab4233a296e83426e04feb946930b387444d,260.3342,911.99,0.0,99.4214,422.6057,1332.7709,0,0.0,92.1601,1011
glare,m43,0.3,0.1439,,,5.2002,513.9884,0.0295,1,3264,0.1486,3.722,4fb0cbac94492eff17ebbcc2656aab4233a296e83426e04feb946930b387444d,205.7639,721.3885,0.0,99.4214,246.92,1103.5788,1,0.0,120.2352,1836
glare,m43,0.5,0.1343,,,5.8736,487.4755,0.0295,1,3264,0.1437,3.722,4fb0cbac94492eff17ebbcc2656aab4233a296e83426e04feb946930b387444d,142.9369,502.8009,0.0,99.4214,185.2794,705.5224,1,0.0,106.6159,1836
glare,m43,0.7,0.1302,,,5.917,464.6433,0.0295,1,3264,0.1454,3.722,4fb0cbac94492eff17ebbcc2656aab4233a296e83426e04feb946930b387444d,93.4374,329.3814,0.0,99.4214,120.2712,453.8611,1,0.0,105.8498,1836
glare,m43,0.85,0.1338,,,5.8572,449.7928,0.0295,1,3264,0.1506,3.722,4fb0cbac94492eff17ebbcc2656aab4233a296e83426e04feb946930b387444d,65.0118,229.2744,0.0,99.4214,82.634,316.2167,1,0.0,106.9176,1836
glare,m43,1.0,0.1391,0,0,5.8581,437.0054,0.0338,1,3264,0.1593,3.722,4fb0cbac94492eff17ebbcc2656aab4233a296e83426e04feb946930b387444d,43.8461,154.614,0.1683,99.4214,64.0527,243.9082,0,0.081,106.7682,1836
glare,m43,1.5,0.2153,0,0,0.4356,406.5641,0.0698,0,3264,0.1185,3.722,4fb0cbac94492eff17ebbcc2656aab4233a296e83426e04feb946930b387444d,11.4636,39.5357,0.6148,99.4214,183.2485,2267.4743,0,0.0993,437.6756,1836
glare,m43,2.5,0.2161,0,0,0.4475,370.4451,0.1161,0,3264,0.0279,3.722,4fb0cbac94492eff17ebbcc2656aab4233a296e83426e04feb946930b387444d,0.2504,0.3932,0.9053,99.4214,181.9607,2285.2441,0,0.1007,428.1554,1836
glare,m43,4.0,0.2106,0,0,0.5431,338.2365,0.1581,0,3264,0.0,3.722,4fb0cbac94492eff17ebbcc2656aab4233a296e83426e04feb946930b387444d,0.0,0.0,1.0,99.4214,170.935,2144.3636,0,0.0881,373.1352,1836
motion,m43,0.05,0.1743,,,6.1705,410.702,0.0282,1,3264,0.1609,3.722,4fb0cbac94492eff17ebbcc2656aab4233a296e83426e04feb946930b387444d,149.94,823.7526,0.0,99.4214,188.3084,1155.1701,1,0.0,101.4945,1836
motion,m43,0.1,0.2057,0,0,0.4609,263.9445,0.0263,0,3264,0.1538,3.722,4fb0cbac94492eff17ebbcc2656aab4233a296e83426e04feb946930b387444d,107.9877,543.9092,0.0,99.4214,49.5186,2098.3716,0,0.0778,389.035,1836
motion,m43,0.15,0.1557,1,1,6.1423,201.5226,0.0247,0,3264,0.148,3.722,4fb0cbac94492eff17ebbcc2656aab4233a296e83426e04feb946930b387444d,84.4615,438.0191,0.0,99.4214,96.961,582.266,0,0.0,101.9611,1836
motion,m43,0.2,0.2018,0,0,0.207,165.7435,0.0232,0,3264,0.1436,3.722,4fb0cbac94492eff17ebbcc2656aab4233a296e83426e04feb946930b387444d,67.1945,380.9914,0.0,99.4214,24.7059,1800.5273,0,0.0685,451.2203,1836
motion,m43,0.3,0.1424,0,0,6.5004,121.8969,0.0209,0,3264,0.1372,3.722,4fb0cbac94492eff17ebbcc2656aab4233a296e83426e04feb946930b387444d,43.906,309.5072,0.0,99.4214,49.694,371.9941,0,0.0,97.1392,1836
motion,m43,0.4,0.1285,0,0,0.7059,93.857,0.0192,0,3264,0.1324,3.722,4fb0cbac94492eff17ebbcc2656aab4233a296e83426e04feb946930b387444d,29.6963,256.0989,0.0,99.4214,85.4938,141.6292,0,0.0,80.6512,1836
motion,m43,0.5,0.1071,0,0,0.7482,74.5615,0.0178,0,3264,0.1286,3.722,4fb0cbac94492eff17ebbcc2656aab4233a296e83426e04feb946930b387444d,21.3464,210.6266,0.0,99.4214,11.2642,324.6063,0,0.0,290.1087,1836
motion,m43,0.7,,0,0,,51.1194,0.0158,,3264,0.123,3.722,4fb0cbac94492eff17ebbcc2656aab4233a296e83426e04feb946930b387444d,13.5892,144.2433,0.0,99.4214,,,0,,,1836
motion,m43,1.0,,0,0,,34.4046,0.0136,,3264,0.116,3.722,4fb0cbac94492eff17ebbcc2656aab4233a296e83426e04feb946930b387444d,9.0537,92.1266,0.0,99.4214,,,0,,,1836
scale,m43,48,0.1794,,,5.6866,566.9922,0.0285,1,1576,0.1653,3.7199,4fb0cbac94492eff17ebbcc2656aab4233a296e83426e04feb946930b387444d,1315.2354,1107.2632,0.0,48.005,1708.1595,1732.3829,1,0.0,53.4688,886
scale,m43,40,0.177,,,5.487,553.0904,0.028,1,1313,0.1646,3.7242,4fb0cbac94492eff17ebbcc2656aab4233a296e83426e04feb946930b387444d,1674.0516,1115.9061,0.0,39.994,2114.3981,1739.2558,1,0.0,45.8067,739
scale,m43,32,0.1714,,,5.215,522.4587,0.0271,1,1051,0.1631,3.7208,4fb0cbac94492eff17ebbcc2656aab4233a296e83426e04feb946930b387444d,2052.195,2052.195,0.0,32.0135,2405.7238,1618.834,1,0.0,38.2974,591
scale,m43,26,0.1709,1,1,4.8781,1275.6083,0.0263,0,854,0.1615,3.7191,4fb0cbac94492eff17ebbcc2656aab4233a296e83426e04feb946930b387444d,2557.6632,729.1031,0.0,26.0128,3189.7865,1626.6191,0,0.0,33.5692,480
scale,m43,22,0.153,0,0,4.4775,1501.2836,0.0257,0,722,0.1601,3.7208,4fb0cbac94492eff17ebbcc2656aab4233a296e83426e04feb946930b387444d,3135.4555,536.5498,0.0,21.9921,2472.7071,798.2314,0,0.0,27.8782,406
scale,m43,18,0.1592,,,4.6684,1770.5851,0.0245,1,591,0.1576,3.7171,4fb0cbac94492eff17ebbcc2656aab4233a296e83426e04feb946930b387444d,3953.3167,362.3628,0.0,18.0019,4193.0663,874.8117,1,0.0,24.1068,332
scale,m43,15,0.1486,,,3.7086,2019.5179,0.0233,0,492,0.1544,3.7254,4fb0cbac94492eff17ebbcc2656aab4233a296e83426e04feb946930b387444d,4705.3939,244.857,0.0,14.9863,2271.7044,425.0603,1,0.0,22.7577,277
scale,m43,12,0.1424,,,2.2015,2261.9581,0.0217,0,394,0.1486,3.7283,4fb0cbac94492eff17ebbcc2656aab4233a296e83426e04feb946930b387444d,5233.7634,134.8946,0.0,12.0012,4454.7949,887.6199,1,0.0,23.654,222
scale,m43,10,0.2035,0,0,0.3868,2411.841,0.0199,0,328,0.1441,3.7321,4fb0cbac94492eff17ebbcc2656aab4233a296e83426e04feb946930b387444d,5431.4363,77.6904,0.0,9.9909,3592.1443,2368.5452,0,0.0533,43.2,185
scale,m43,8,0.199,0,0,0.4066,2614.9439,0.0185,0,263,0.1372,3.7236,4fb0cbac94492eff17ebbcc2656aab4233a296e83426e04feb946930b387444d,5293.3443,28.3261,0.0,8.011,3746.8336,2162.6254,0,0.0442,37.2226,148
scale,m43,6,,0,0,,2940.7142,0.017,,197,0.1272,3.7283,4fb0cbac94492eff17ebbcc2656aab4233a296e83426e04feb946930b387444d,4505.2889,12.8599,0.0,6.0006,,,0,,,111
blur,m44,0.02,0.0807,,,5.8627,75.7483,0.0007,0,4928,0.1456,5.2283,5175333a0d1195f566a388b7c5c27a2322642121ff49eedc9d87dbed281f70d3,3.3388,663.6997,0.0,167.9462,1.7322,95.9377,1,0.0,197.6935,3264
blur,m44,0.04,0.0923,,,5.5516,10.6934,0.0002,0,4928,0.1172,5.2283,5175333a0d1195f566a388b7c5c27a2322642121ff49eedc9d87dbed281f70d3,1.3018,93.6361,0.0,167.9462,1.2606,35.3918,1,0.0,207.4168,3264
blur,m44,0.06,0.0827,,,5.5118,2.6157,0.0,0,4928,0.1007,5.2283,5175333a0d1195f566a388b7c5c27a2322642121ff49eedc9d87dbed281f70d3,1.1746,16.987,0.0,167.9462,1.1606,11.2082,1,0.0,209.0485,3264
blur,m44,0.08,0.0888,,,5.5135,0.9558,0.0,0,4928,0.0897,5.2283,5175333a0d1195f566a388b7c5c27a2322642121ff49eedc9d87dbed281f70d3,1.1929,4.7581,0.0,167.9462,1.1875,4.1762,1,0.0,207.7211,3264
blur,m44,0.1,0.0722,0,0,5.7104,0.4642,0.0,0,4928,0.081,5.2283,5175333a0d1195f566a388b7c5c27a2322642121ff49eedc9d87dbed281f70d3,1.2804,1.9239,0.0,167.9462,1.1005,1.3742,0,0.0,200.5581,3264
blur,m44,0.13,,0,0,,0.2232,0.0,,4928,0.0703,5.2283,5175333a0d1195f566a388b7c5c27a2322642121ff49eedc9d87dbed281f70d3,1.1774,0.7179,0.0,167.9462,,,0,,,3264
blur,m44,0.16,,0,0,,0.1433,0.0,,4928,0.0614,5.2283,5175333a0d1195f566a388b7c5c27a2322642121ff49eedc9d87dbed281f70d3,1.2183,0.3461,0.0,167.9462,,,0,,,3264
blur,m44,0.2,,0,0,,0.105,0.0,,4928,0.052,5.2283,5175333a0d1195f566a388b7c5c27a2322642121ff49eedc9d87dbed281f70d3,1.1076,0.1627,0.0,167.9462,,,0,,,3264
blur,m44,0.25,,0,0,,0.0889,0.0,,4928,0.0436,5.2283,5175333a0d1195f566a388b7c5c27a2322642121ff49eedc9d87dbed281f70d3,0.797,0.0927,0.0,167.9462,,,0,,,3264
blur,m44,0.3,,0,0,,0.0865,0.0,,4928,0.0383,5.2283,5175333a0d1195f566a388b7c5c27a2322642121ff49eedc9d87dbed281f70d3,0.5732,0.1008,0.0,167.9462,,,0,,,3264
edge,m44,2.0,0.1886,,,11.2781,446.3954,0.0022,0,4928,0.1795,2.0011,5175333a0d1195f566a388b7c5c27a2322642121ff49eedc9d87dbed281f70d3,144.9326,2312.4544,0.0,167.9462,305.5119,1397.6604,1,0.0,73.0249,2722
edge,m44,1.0,0.1889,,,9.0105,469.5777,0.0023,0,4928,0.1795,1.0008,5175333a0d1195f566a388b7c5c27a2322642121ff49eedc9d87dbed281f70d3,144.9326,2312.4544,0.0,167.9462,306.9143,1401.724,1,0.0,73.0249,2554
edge,m44,0.5,0.2016,,,3.6869,484.1922,0.0024,1,4928,0.1795,0.5006,5175333a0d1195f566a388b7c5c27a2322642121ff49eedc9d87dbed281f70d3,144.9326,2312.4544,0.0,167.9462,136.4399,1311.9156,1,0.0,119.8991,2470
edge,m44,0.25,0.1888,,,7.2871,479.2577,0.0025,0,4928,0.1795,0.2506,5175333a0d1195f566a388b7c5c27a2322642121ff49eedc9d87dbed281f70d3,144.9326,2312.4544,0.0,167.9462,306.4256,1371.5434,1,0.0,72.7124,2428
edge,m44,0.1,0.2012,,,3.1884,488.9035,0.0025,1,4928,0.181,0.1017,5175333a0d1195f566a388b7c5c27a2322642121ff49eedc9d87dbed281f70d3,147.7987,2364.713,0.0,167.9462,137.6689,1325.1397,1,0.0,120.4191,2403
edge,m44,0.0,0.2099,,,3.4011,487.7694,0.0025,1,4928,0.1821,0.0005,5175333a0d1195f566a388b7c5c27a2322642121ff49eedc9d87dbed281f70d3,149.83,2395.0006,0.0,167.9462,142.9402,1245.5682,1,0.0,107.4419,2386
edge,m44,-0.5,0.2012,,,2.3577,498.686,0.0026,1,4928,0.1845,0.0,5175333a0d1195f566a388b7c5c27a2322642121ff49eedc9d87dbed281f70d3,156.1878,2434.2081,0.0,167.9462,137.6653,1327.052,1,0.0,120.4142,2302
edge,m44,-1.0,0.2015,,,1.6525,505.3609,0.0025,1,4928,0.1867,0.0,5175333a0d1195f566a388b7c5c27a2322642121ff49eedc9d87dbed281f70d3,163.5396,2455.3374,0.0,167.9462,138.2455,1313.0752,1,0.0,119.8991,2218
edge,m44,-2.0,0.2017,,,0.2794,501.8481,0.0026,1,4928,0.1921,0.0,5175333a0d1195f566a388b7c5c27a2322642121ff49eedc9d87dbed281f70d3,181.257,2488.7273,0.0,167.9462,138.5822,1328.0511,1,0.0,119.9038,2050
glare,m44,0.3,0.1419,,,26.696,317.118,0.0018,0,4928,0.1411,5.2283,5175333a0d1195f566a388b7c5c27a2322642121ff49eedc9d87dbed281f70d3,90.0577,1405.6295,0.0,167.9462,222.165,567.107,1,0.0,50.1395,3264
glare,m44,0.5,0.1637,,,18.9961,279.4048,0.0018,0,4928,0.1219,5.2283,5175333a0d1195f566a388b7c5c27a2322642121ff49eedc9d87dbed281f70d3,61.2876,940.0423,0.0,167.9462,234.3605,1030.9668,1,0.0,72.3425,3264
glare,m44,0.7,0.15,,,17.2846,248.0804,0.0018,0,4928,0.111,5.2283,5175333a0d1195f566a388b7c5c27a2322642121ff49eedc9d87dbed281f70d3,38.8822,580.3152,0.0,167.9462,195.622,1050.3503,1,0.0,79.5052,3264
glare,m44,0.85,0.128,,,5.8986,228.7626,0.0018,0,4928,0.1096,5.2283,5175333a0d1195f566a388b7c5c27a2322642121ff49eedc9d87dbed281f70d3,26.3035,381.6919,0.0,167.9462,82.3308,294.5839,1,0.0,205.3333,3264
glare,m44,1.0,0.1585,0,0,4.8766,213.0042,0.0048,0,4928,0.1142,5.2283,5175333a0d1195f566a388b7c5c27a2322642121ff49eedc9d87dbed281f70d3,17.3185,242.8969,0.1613,167.9462,69.8907,352.7516,0,0.0,235.1184,3264
glare,m44,1.5,0.1177,0,0,17.4426,180.7354,0.0277,0,4928,0.083,5.2283,5175333a0d1195f566a388b7c5c27a2322642121ff49eedc9d87dbed281f70d3,4.6394,53.1482,0.6109,167.9462,111.5274,576.1098,0,0.0,78.7907,3264
glare,m44,2.5,0.0859,0,0,19.0528,150.7325,0.0563,0,4928,0.0216,5.2283,5175333a0d1195f566a388b7c5c27a2322642121ff49eedc9d87dbed281f70d3,0.2624,0.3792,0.8943,167.9462,42.5105,175.7382,0,0.0,72.1287,3264
glare,m44,4.0,0.1702,0,0,12.3466,127.9125,0.0825,0,4928,0.0,5.2283,5175333a0d1195f566a388b7c5c27a2322642121ff49eedc9d87dbed281f70d3,0.0,0.0,1.0,167.9462,234.304,621.2702,0,0.0,63.6564,3264
motion,m44,0.05,0.1614,,,18.7005,217.0996,0.0015,0,4928,0.1667,5.2283,5175333a0d1195f566a388b7c5c27a2322642121ff49eedc9d87dbed281f70d3,42.286,1636.9212,0.0,167.9462,76.3575,531.2297,1,0.0,73.0984,3264
motion,m44,0.1,0.1284,,,5.3477,107.2137,0.0011,0,4928,0.1502,5.2283,5175333a0d1195f566a388b7c5c27a2322642121ff49eedc9d87dbed281f70d3,28.2266,940.1949,0.0,167.9462,14.6204,294.2081,1,0.0,214.749,3264
motion,m44,0.15,0.1175,,,5.592,77.8155,0.0009,0,4928,0.1397,5.2283,5175333a0d1195f566a388b7c5c27a2322642121ff49eedc9d87dbed281f70d3,23.035,711.9254,0.0,167.9462,12.7309,258.4298,1,0.0,205.5778,3264
motion,m44,0.2,0.1138,,,5.5986,63.3101,0.0006,0,4928,0.1318,5.2283,5175333a0d1195f566a388b7c5c27a2322642121ff49eedc9d87dbed281f70d3,19.3529,584.2208,0.0,167.9462,10.8848,242.7124,1,0.0,205.3333,3264
motion,m44,0.3,0.1314,0,0,10.5309,50.0366,0.0003,0,4928,0.1234,5.2283,5175333a0d1195f566a388b7c5c27a2322642121ff49eedc9d87dbed281f70d3,15.3458,470.5588,0.0,167.9462,10.9017,148.2488,0,0.0,116.085,3264
motion,m44,0.4,0.1189,0,0,5.1215,42.526,0.0001,0,4928,0.1182,5.2283,5175333a0d1195f566a388b7c5c27a2322642121ff49eedc9d87dbed281f70d3,12.589,409.3389,0.0,167.9462,11.7303,396.8304,0,0.0,171.907,3264
motion,m44,0.5,0.1275,0,0,13.4523,37.5421,0.0,0,4928,0.1149,5.2283,5175333a0d1195f566a388b7c5c27a2322642121ff49eedc9d87dbed281f70d3,10.7191,370.8565,0.0,167.9462,10.4094,103.2141,0,0.0,93.1163,3264
motion,m44,0.7,,0,0,,30.7837,0.0,,4928,0.1098,5.2283,5175333a0d1195f566a388b7c5c27a2322642121ff49eedc9d87dbed281f70d3,7.7422,314.7678,0.0,167.9462,,,0,,,3264
motion,m44,1.0,,0,0,,24.2093,0.0,,4928,0.1047,5.2283,5175333a0d1195f566a388b7c5c27a2322642121ff49eedc9d87dbed281f70d3,5.3851,256.937,0.0,167.9462,,,0,,,3264
scale,m44,48,0.1793,,,18.8832,377.7776,0.0016,0,1408,0.1774,5.2308,5175333a0d1195f566a388b7c5c27a2322642121ff49eedc9d87dbed281f70d3,2430.6795,2307.5138,0.0,47.9846,4835.0776,754.0833,1,0.0,20.7564,933
scale,m44,40,0.172,,,22.6851,363.2316,0.0015,0,1174,0.1749,5.2244,5175333a0d1195f566a388b7c5c27a2322642121ff49eedc9d87dbed281f70d3,3061.1622,2241.6236,0.0,40.0099,10301.5129,451.32,1,0.0,14.0,777
scale,m44,32,0.1287,,,5.2344,765.5851,0.0014,0,939,0.1736,5.2289,5175333a0d1195f566a388b7c5c27a2322642121ff49eedc9d87dbed281f70d3,4179.977,4179.977,0.0,32.0011,411.6828,371.5723,1,0.0,41.9877,622
scale,m44,26,0.1707,,,5.2273,874.6004,0.0013,0,763,0.1689,5.2246,5175333a0d1195f566a388b7c5c27a2322642121ff49eedc9d87dbed281f70d3,5451.5679,1529.1205,0.0,26.003,5560.8055,1558.3718,1,0.0,25.966,505
scale,m44,22,0.124,,,5.2124,958.5716,0.0013,0,646,0.1665,5.2299,5175333a0d1195f566a388b7c5c27a2322642121ff49eedc9d87dbed281f70d3,6666.5552,1168.2403,0.0,22.0157,706.5058,265.1114,1,0.0,29.1364,428
scale,m44,18,0.164,,,5.875,1067.8948,0.0011,0,528,0.1612,5.2326,5175333a0d1195f566a388b7c5c27a2322642121ff49eedc9d87dbed281f70d3,7846.0193,711.3378,0.0,17.9942,8497.3597,397.251,1,0.0,16.0,350
scale,m44,15,0.1541,,,5.5714,1163.3959,0.001,0,440,0.1526,5.2386,5175333a0d1195f566a388b7c5c27a2322642121ff49eedc9d87dbed281f70d3,8615.8005,437.7804,0.0,14.9952,9093.0065,358.3036,1,0.0,14.0,292
scale,m44,12,0.1078,0,0,9.6254,1260.6844,0.0008,0,352,0.142,5.2251,5175333a0d1195f566a388b7c5c27a2322642121ff49eedc9d87dbed281f70d3,8998.6109,208.6528,0.0,11.9962,6961.9055,13.3811,0,0.0,6.0,233
scale,m44,10,0.1177,0,0,10.0341,1306.6545,0.0007,0,293,0.1348,5.2266,5175333a0d1195f566a388b7c5c27a2322642121ff49eedc9d87dbed281f70d3,7934.9389,101.6539,0.0,9.9854,2080.5693,7.7384,0,0.0,5.9796,194
scale,m44,8,,0,0,,1350.4093,0.0005,,235,0.1244,5.2065,5175333a0d1195f566a388b7c5c27a2322642121ff49eedc9d87dbed281f70d3,6540.2922,32.2475,0.0,8.0088,,,0,,,155
scale,m44,6,,0,0,,1422.8767,0.0004,,176,0.1111,5.2476,5175333a0d1195f566a388b7c5c27a2322642121ff49eedc9d87dbed281f70d3,6218.7883,14.5213,0.0,5.9981,,,0,,,117
blur,m45,0.02,0.1706,,,12.3909,241.6041,0.0005,0,2543,0.2299,5.5236,0b33b4d62db422e2f87f8626e8617745c83a72412cdba4987c5bef2c10920bcd,14.4899,928.3457,0.0,112.1972,41.3192,376.2578,1,0.0,61.3177,3840
blur,m45,0.04,0.1979,,,6.5005,36.3871,0.0001,1,2543,0.1918,5.5236,0b33b4d62db422e2f87f8626e8617745c83a72412cdba4987c5bef2c10920bcd,3.1353,225.705,0.0,112.1972,3.2969,145.6768,1,0.0,96.5001,3840
blur,m45,0.06,0.1474,,,4.7984,9.5002,0.0,0,2543,0.1626,5.5236,0b33b4d62db422e2f87f8626e8617745c83a72412cdba4987c5bef2c10920bcd,1.7006,56.189,0.0,112.1972,1.4818,63.1266,1,0.0,128.9493,3840
blur,m45,0.08,0.1318,,,4.4,3.4876,0.0,0,2543,0.1429,5.5236,0b33b4d62db422e2f87f8626e8617745c83a72412cdba4987c5bef2c10920bcd,1.4766,14.7664,0.0,112.1972,1.3052,21.7872,1,0.0,139.4189,3840
blur,m45,0.1,0.1213,0,0,4.7984,1.5856,0.0,0,2543,0.1288,5.5236,0b33b4d62db422e2f87f8626e8617745c83a72412cdba4987c5bef2c10920bcd,1.4838,4.9229,0.0,112.1972,1.2994,5.9393,0,0.0,128.9493,3840
blur,m45,0.13,0.0834,0,0,4.7879,0.6543,0.0,0,2543,0.1121,5.5236,0b33b4d62db422e2f87f8626e8617745c83a72412cdba4987c5bef2c10920bcd,1.4545,1.5779,0.0,112.1972,1.2883,3.6641,0,0.0,184.0329,3840
blur,m45,0.16,,0,0,,0.3502,0.0,,2543,0.0979,5.5236,0b33b4d62db422e2f87f8626e8617745c83a72412cdba4987c5bef2c10920bcd,1.4305,0.7265,0.0,112.1972,,,0,,,3840
blur,m45,0.2,,0,0,,0.2022,0.0,,2543,0.0816,5.5236,0b33b4d62db422e2f87f8626e8617745c83a72412cdba4987c5bef2c10920bcd,1.259,0.3603,0.0,112.1972,,,0,,,3840
blur,m45,0.25,,0,0,,0.1345,0.0,,2543,0.0655,5.5236,0b33b4d62db422e2f87f8626e8617745c83a72412cdba4987c5bef2c10920bcd,1.3065,0.1822,0.0,112.1972,,,0,,,3840
blur,m45,0.3,,0,0,,0.1053,0.0,,2543,0.0541,5.5236,0b33b4d62db422e2f87f8626e8617745c83a72412cdba4987c5bef2c10920bcd,1.295,0.0955,0.0,112.1972,,,0,,,3840
edge,m45,2.0,0.2769,,,1.9904,1335.2777,0.0088,1,2543,0.2781,1.9982,0b33b4d62db422e2f87f8626e8617745c83a72412cdba4987c5bef2c10920bcd,3199.9619,3511.9379,0.0195,112.1972,3135.0562,3506.7642,1,0.0189,112.0563,2314
edge,m45,1.0,0.2719,,,0.7876,1338.1057,0.0089,1,2543,0.2781,1.0,0b33b4d62db422e2f87f8626e8617745c83a72412cdba4987c5bef2c10920bcd,3199.9619,3511.9379,0.0195,112.1972,2943.218,3298.581,1,0.0174,110.2257,2202
edge,m45,0.5,0.2562,,,0.3921,1318.4904,0.0087,1,2543,0.2781,0.5009,0b33b4d62db422e2f87f8626e8617745c83a72412cdba4987c5bef2c10920bcd,3199.9619,3511.9379,0.0195,112.1972,3238.7142,3982.4957,1,0.0196,142.3868,2146
edge,m45,0.25,0.2677,,,0.2457,1314.8301,0.0086,1,2543,0.2781,0.2513,0b33b4d62db422e2f87f8626e8617745c83a72412cdba4987c5bef2c10920bcd,3199.9619,3511.9379,0.0195,112.1972,2847.4873,3191.5628,1,0.0168,111.317,2118
edge,m45,0.1,0.2692,,,0.1106,1309.866,0.0085,1,2543,0.2808,0.0998,0b33b4d62db422e2f87f8626e8617745c83a72412cdba4987c5bef2c10920bcd,3277.8382,3600.5767,0.02,112.1972,2927.4739,3230.1031,1,0.0173,112.5747,2101
edge,m45,0.0,0.272,,,0.0112,1308.7626,0.0085,1,2543,0.2826,0.0017,0b33b4d62db422e2f87f8626e8617745c83a72412cdba4987c5bef2c10920bcd,3330.2829,3657.1629,0.0203,112.1972,2957.9009,3318.069,1,0.0174,111.0866,2090
edge,m45,-0.5,0.2844,0,0,0.5297,1263.6605,0.0079,0,2543,0.2825,0.0,0b33b4d62db422e2f87f8626e8617745c83a72412cdba4987c5bef2c10920bcd,3334.0568,3663.3777,0.0208,112.1972,6422.1005,6137.1993,0,0.038,62.8358,2034
edge,m45,-1.0,0.3065,0,0,1.2042,1204.1992,0.0074,0,2543,0.2819,0.0,0b33b4d62db422e2f87f8626e8617745c83a72412cdba4987c5bef2c10920bcd,3312.9141,3610.7712,0.0209,112.1972,7940.741,9707.6096,0,0.0595,69.2272,1978
edge,m45,-2.0,0.3067,0,0,0.0545,1089.7682,0.0065,0,2543,0.2844,0.0,0b33b4d62db422e2f87f8626e8617745c83a72412cdba4987c5bef2c10920bcd,3361.5669,3568.1686,0.0221,112.1972,8329.0618,8423.4647,0,0.0566,56.183,1865
glare,m45,0.3,0.2175,,,5.485,864.6411,0.0058,1,2543,0.2175,5.5236,0b33b4d62db422e2f87f8626e8617745c83a72412cdba4987c5bef2c10920bcd,1957.681,2146.2266,0.0217,112.1972,1976.8078,2146.8724,1,0.0221,112.9265,3840
glare,m45,0.5,0.1791,,,5.5973,791.4239,0.0059,1,2543,0.1794,5.5236,0b33b4d62db422e2f87f8626e8617745c83a72412cdba4987c5bef2c10920bcd,1312.1279,1439.4323,0.0241,112.1972,1295.4382,1413.0635,1,0.0234,110.9694,3840
glare,m45,0.7,0.1425,,,5.8031,729.0688,0.0062,1,2543,0.145,5.5236,0b33b4d62db422e2f87f8626e8617745c83a72412cdba4987c5bef2c10920bcd,815.0097,894.4586,0.0281,112.1972,759.1399,839.5135,1,0.0245,107.5769,3840
glare,m45,0.85,0.1169,,,13.8909,689.3945,0.0064,0,2543,0.1234,5.5236,0b33b4d62db422e2f87f8626e8617745c83a72412cdba4987c5bef2c10920bcd,538.3211,590.9814,0.0363,112.1972,1085.524,1047.6035,1,0.0732,54.794,3840
glare,m45,1.0,0.2859,0,0,22.244,655.8758,0.0102,0,2543,0.1079,5.5236,0b33b4d62db422e2f87f8626e8617745c83a72412cdba4987c5bef2c10920bcd,343.8538,378.6753,0.2914,112.1972,6413.2726,5632.953,0,0.0401,54.1561,3840
glare,m45,1.5,0.2841,0,0,22.1225,581.919,0.0221,0,2543,0.0618,5.5236,0b33b4d62db422e2f87f8626e8617745c83a72412cdba4987c5bef2c10920bcd,77.7265,86.6026,0.6492,112.1972,6331.0982,5668.9437,0,0.0417,54.4792,3840
glare,m45,2.5,0.2719,0,0,23.8738,513.354,0.0386,0,2543,0.0095,5.5236,0b33b4d62db422e2f87f8626e8617745c83a72412cdba4987c5bef2c10920bcd,0.5096,0.294,0.9237,112.1972,5768.9133,4950.9796,0,0.0428,50.565,3840
glare,m45,4.0,0.2543,0,0,22.6213,462.4797,0.0541,0,2543,0.0,5.5236,0b33b4d62db422e2f87f8626e8617745c83a72412cdba4987c5bef2c10920bcd,0.0,0.0,1.0,112.1972,5012.7661,4451.1939,0,0.0435,53.3041,3840
motion,m45,0.05,0.2119,,,14.2294,523.6934,0.0013,0,2543,0.2507,5.5236,0b33b4d62db422e2f87f8626e8617745c83a72412cdba4987c5bef2c10920bcd,525.7604,1963.0649,0.0012,112.1972,1099.0044,1941.1364,1,0.002,53.5173,3840
motion,m45,0.1,0.232,,,5.8199,265.8259,0.0009,1,2543,0.2327,5.5236,0b33b4d62db422e2f87f8626e8617745c83a72412cdba4987c5bef2c10920bcd,341.1724,1184.8418,0.0004,112.1972,324.083,1110.532,1,0.0004,107.2969,3840
motion,m45,0.15,0.2044,,,5.345,183.9193,0.0007,0,2543,0.2129,5.5236,0b33b4d62db422e2f87f8626e8617745c83a72412cdba4987c5bef2c10920bcd,253.6371,778.093,0.0001,112.1972,373.7799,1030.1702,1,0.0002,115.2659,3840
motion,m45,0.2,0.2027,,,6.6133,149.011,0.0005,0,2543,0.1998,5.5236,0b33b4d62db422e2f87f8626e8617745c83a72412cdba4987c5bef2c10920bcd,212.082,607.7026,0.0,112.1972,360.3128,817.2189,1,0.0001,95.2257,3840
motion,m45,0.3,0.1767,,,5.2518,112.0061,0.0003,1,2543,0.1805,5.5236,0b33b4d62db422e2f87f8626e8617745c83a72412cdba4987c5bef2c10920bcd,153.1761,428.9639,0.0,112.1972,158.9044,440.127,1,0.0,117.662,3840
motion,m45,0.4,0.117,0,0,4.5833,95.2769,0.0001,0,2543,0.1711,5.5236,0b33b4d62db422e2f87f8626e8617745c83a72412cdba4987c5bef2c10920bcd,121.6249,353.1631,0.0,112.1972,142.6234,245.7696,0,0.0,66.921,3840
motion,m45,0.5,0.1135,0,0,4.2308,84.2417,0.0,0,2543,0.165,5.5236,0b33b4d62db422e2f87f8626e8617745c83a72412cdba4987c5bef2c10920bcd,99.0703,306.4675,0.0,112.1972,136.2595,254.2974,0,0.0,72.4978,3840
motion,m45,0.7,0.1583,0,0,9.8727,68.9227,0.0,0,2543,0.158,5.5236,0b33b4d62db422e2f87f8626e8617745c83a72412cdba4987c5bef2c10920bcd,68.4109,251.5219,0.0,112.1972,93.2957,536.0428,0,0.0,102.1512,3840
motion,m45,1.0,,0,0,,53.8234,0.0,,2543,0.1509,5.5236,0b33b4d62db422e2f87f8626e8617745c83a72412cdba4987c5bef2c10920bcd,45.7322,197.8767,0.0,112.1972,,,0,,,3840
scale,m45,48,0.2905,,,7.3746,995.4835,0.0027,1,1088,0.2675,5.5236,0b33b4d62db422e2f87f8626e8617745c83a72412cdba4987c5bef2c10920bcd,6519.4195,3283.3305,0.0017,48.0026,7304.7158,3573.3861,1,0.0009,37.0016,1643
scale,m45,40,0.2509,,,11.3707,965.0118,0.0022,0,907,0.2637,5.5236,0b33b4d62db422e2f87f8626e8617745c83a72412cdba4987c5bef2c10920bcd,6423.744,3361.9836,0.0001,40.0168,19273.1987,4235.4654,1,0.0154,23.6224,1369
scale,m45,32,0.2386,,,11.8292,862.0961,0.0012,0,725,0.2581,5.5236,0b33b4d62db422e2f87f8626e8617745c83a72412cdba4987c5bef2c10920bcd,6564.0698,6564.0698,0.0001,31.987,22727.2866,2277.8297,1,0.0012,18.2081,1095
scale,m45,26,0.221,,,11.7623,1949.6306,0.0011,0,589,0.2552,5.5236,0b33b4d62db422e2f87f8626e8617745c83a72412cdba4987c5bef2c10920bcd,7102.9081,1940.3462,0.0003,25.9867,21292.7866,1124.8082,1,0.0016,14.8812,890
scale,m45,22,0.2304,,,5.0833,2028.0115,0.001,0,499,0.2527,5.5236,0b33b4d62db422e2f87f8626e8617745c83a72412cdba4987c5bef2c10920bcd,8223.7248,1434.2187,0.0,22.0159,8106.3314,1820.7957,1,0.0001,23.952,753
scale,m45,18,0.216,,,5.1,2104.7224,0.001,0,408,0.2486,5.5236,0b33b4d62db422e2f87f8626e8617745c83a72412cdba4987c5bef2c10920bcd,11244.1252,1069.1049,0.0003,18.001,10571.1997,1361.1805,1,0.0002,20.0,616
scale,m45,15,0.231,,,6.0,2207.2381,0.0009,0,340,0.2431,5.5236,0b33b4d62db422e2f87f8626e8617745c83a72412cdba4987c5bef2c10920bcd,15601.9076,784.02,0.0,15.0008,15813.4764,647.6203,1,0.0,14.0,513
scale,m45,12,0.1921,,,4.125,2364.2318,0.0007,0,272,0.2366,5.5236,0b33b4d62db422e2f87f8626e8617745c83a72412cdba4987c5bef2c10920bcd,21940.4541,532.0822,0.0007,12.0006,13076.8578,598.9804,1,0.0003,16.0,411
scale,m45,10,0.1892,,,4.6667,2520.5193,0.0007,0,227,0.2239,5.5236,0b33b4d62db422e2f87f8626e8617745c83a72412cdba4987c5bef2c10920bcd,25160.3805,336.325,0.0032,10.0152,15320.4404,350.1096,1,0.0017,11.9474,342
scale,m45,8,0.1772,,,4.4,2741.6575,0.0005,0,181,0.2053,5.5236,0b33b4d62db422e2f87f8626e8617745c83a72412cdba4987c5bef2c10920bcd,24569.519,111.3872,0.0,7.9857,13402.1163,175.8477,1,0.0,9.9451,274
scale,m45,6,0.2137,0,0,3.1429,2976.6526,0.0002,0,136,0.1799,5.5236,0b33b4d62db422e2f87f8626e8617745c83a72412cdba4987c5bef2c10920bcd,20238.9711,40.6617,0.0,6.0003,2794.6507,146.4737,0,0.0,14.0,205
blur,m46,0.02,0.1965,,,11.0701,64.2637,0.0,1,2592,0.1955,10.8964,ca131f74aea55db69036c9e164d07060cf90521ca8a3f4471d3a5701dfac153b,12.5143,293.4964,0.0,83.3328,12.6746,284.5517,1,0.0,81.9404,3018
blur,m46,0.04,0.1494,,,11.3158,15.7489,0.0,0,2592,0.1753,10.8964,ca131f74aea55db69036c9e164d07060cf90521ca8a3f4471d3a5701dfac153b,3.6944,91.1775,0.0,83.3328,5.0688,130.0102,1,0.0,83.3299,3018
blur,m46,0.06,0.1523,,,10.0025,5.128,0.0,1,2592,0.1558,10.8964,ca131f74aea55db69036c9e164d07060cf90521ca8a3f4471d3a5701dfac153b,2.1541,32.1888,0.0,83.3328,2.0753,40.8392,1,0.0,90.7516,3018
blur,m46,0.08,0.1375,,,10.3903,2.1142,0.0,1,2592,0.1391,10.8964,ca131f74aea55db69036c9e164d07060cf90521ca8a3f4471d3a5701dfac153b,1.7073,11.6004,0.0,83.3328,1.6757,13.1802,1,0.0,87.3062,3018
blur,m46,0.1,0.1076,,,9.3612,1.0742,0.0,1,2592,0.1252,10.8964,ca131f74aea55db69036c9e164d07060cf90521ca8a3f4471d3a5701dfac153b,1.604,4.7624,0.0,83.3328,1.5725,6.6573,1,0.0,97.0,3018
blur,m46,0.13,0.1067,0,0,8.9644,0.5132,0.0,0,2592,0.1076,10.8964,ca131f74aea55db69036c9e164d07060cf90521ca8a3f4471d3a5701dfac153b,1.639,1.7545,0.0,83.3328,1.5608,3.0761,0,0.0,101.0,3018
blur,m46,0.16,0.0833,0,0,4.5877,0.3012,0.0,0,2592,0.0927,10.8964,ca131f74aea55db69036c9e164d07060cf90521ca8a3f4471d3a5701dfac153b,1.6501,0.7952,0.0,83.3328,1.16,2.071,0,0.0,175.4244,3018
blur,m46,0.2,0.0867,0,0,4.3467,0.1893,0.0,0,2592,0.0764,10.8964,ca131f74aea55db69036c9e164d07060cf90521ca8a3f4471d3a5701dfac153b,1.5913,0.3414,0.0,83.3328,1.0525,1.0772,0,0.0,184.6015,3018
blur,m46,0.25,,0,0,,0.1411,0.0,,2592,0.0603,10.8964,ca131f74aea55db69036c9e164d07060cf90521ca8a3f4471d3a5701dfac153b,1.4375,0.1901,0.0,83.3328,,,0,,,3018
blur,m46,0.3,,0,0,,0.124,0.0,,2592,0.0479,10.8964,ca131f74aea55db69036c9e164d07060cf90521ca8a3f4471d3a5701dfac153b,1.4816,0.1175,0.0,83.3328,,,0,,,3018
edge,m46,2.0,0.2118,,,2.1363,150.7923,0.0,1,2592,0.2076,2.0043,ca131f74aea55db69036c9e164d07060cf90521ca8a3f4471d3a5701dfac153b,130.8069,730.0385,0.0,83.3328,137.305,697.8464,1,0.0,79.2791,2277
edge,m46,1.0,0.2118,,,1.0913,153.1056,0.0,1,2592,0.2076,0.9963,ca131f74aea55db69036c9e164d07060cf90521ca8a3f4471d3a5701dfac153b,130.8069,730.0385,0.0,83.3328,138.1748,704.1873,1,0.0,79.2791,2193
edge,m46,0.5,0.2116,,,0.5705,154.0684,0.0,1,2592,0.2076,0.5043,ca131f74aea55db69036c9e164d07060cf90521ca8a3f4471d3a5701dfac153b,130.8069,730.0385,0.0,83.3328,137.9109,694.7054,1,0.0,79.2791,2152
edge,m46,0.25,0.2123,,,0.3324,155.0871,0.0,1,2592,0.2076,0.2523,ca131f74aea55db69036c9e164d07060cf90521ca8a3f4471d3a5701dfac153b,130.8069,730.0385,0.0,83.3328,136.8574,693.9708,1,0.0,79.2791,2131
edge,m46,0.1,0.2129,,,0.0951,155.6493,0.0,1,2592,0.2094,0.0963,ca131f74aea55db69036c9e164d07060cf90521ca8a3f4471d3a5701dfac153b,134.1092,749.0759,0.0,83.3328,140.3387,712.3397,1,0.0,79.2791,2118
edge,m46,0.0,0.2145,,,0.0475,155.7913,0.0,1,2592,0.2106,0.0003,ca131f74aea55db69036c9e164d07060cf90521ca8a3f4471d3a5701dfac153b,136.2372,763.3325,0.0,83.3328,139.2033,710.4235,1,0.0,79.2791,2110
edge,m46,-0.5,0.2045,,,7.6643,155.612,0.0,1,2592,0.2086,0.0,ca131f74aea55db69036c9e164d07060cf90521ca8a3f4471d3a5701dfac153b,134.0013,751.1621,0.0,83.3328,456.4483,1138.5251,1,0.0,54.5316,2068
edge,m46,-1.0,0.2086,,,6.5323,155.5874,0.0,1,2592,0.2088,0.0,ca131f74aea55db69036c9e164d07060cf90521ca8a3f4471d3a5701dfac153b,133.581,765.3024,0.0,83.3328,487.6617,1455.3724,1,0.0,58.1206,2027
edge,m46,-2.0,0.2081,,,5.0073,154.0431,0.0,1,2592,0.2134,0.0,ca131f74aea55db69036c9e164d07060cf90521ca8a3f4471d3a5701dfac153b,145.4422,818.7688,0.0,83.3328,482.2488,1466.2759,1,0.0,58.6131,1943
glare,m46,0.3,0.1647,,,10.5965,146.877,0.0,1,2592,0.1666,10.8964,ca131f74aea55db69036c9e164d07060cf90521ca8a3f4471d3a5701dfac153b,85.3916,467.3083,0.0,83.3328,83.0063,484.1028,1,0.0,85.6716,3018
glare,m46,0.5,0.1466,,,11.3701,142.7556,0.0,1,2592,0.1443,10.8964,ca131f74aea55db69036c9e164d07060cf90521ca8a3f4471d3a5701dfac153b,61.2327,330.4833,0.0,83.3328,63.9609,317.8336,1,0.0,79.8115,3018
glare,m46,0.7,0.1277,,,10.7886,139.2555,0.0,1,2592,0.1283,10.8964,ca131f74aea55db69036c9e164d07060cf90521ca8a3f4471d3a5701dfac153b,42.1115,223.2066,0.0,83.3328,41.5796,227.0065,1,0.0,84.1591,3018
glare,m46,0.85,0.1219,,,10.8968,137.0406,0.0,1,2592,0.1219,10.8964,ca131f74aea55db69036c9e164d07060cf90521ca8a3f4471d3a5701dfac153b,31.1467,161.9261,0.0,83.3328,31.1467,161.9261,1,0.0,83.3299,3018
glare,m46,1.0,0.1249,,,12.4744,135.172,0.0014,1,2592,0.1214,10.8964,ca131f74aea55db69036c9e164d07060cf90521ca8a3f4471d3a5701dfac153b,23.0173,117.4701,0.1713,83.3328,22.4486,87.2083,1,0.189,72.7585,3018
glare,m46,1.5,0.2073,,,8.6569,130.7383,0.0095,1,2592,0.0876,10.8964,ca131f74aea55db69036c9e164d07060cf90521ca8a3f4471d3a5701dfac153b,8.9124,43.5731,0.5977,83.3328,474.4743,1426.9929,1,0.0,58.1936,3018
glare,m46,2.5,0.206,,,8.6687,125.876,0.0201,1,2592,0.0263,10.8964,ca131f74aea55db69036c9e164d07060cf90521ca8a3f4471d3a5701dfac153b,0.9456,3.8276,0.889,83.3328,466.5052,1380.5413,1,0.0,58.1189,3018
glare,m46,4.0,0.2053,,,8.6687,121.6428,0.0297,1,2592,0.0,10.8964,ca131f74aea55db69036c9e164d07060cf90521ca8a3f4471d3a5701dfac153b,0.0,0.0,1.0,83.3328,463.094,1370.1416,1,0.0,58.1189,3018
motion,m46,0.05,0.2034,,,10.8968,113.1541,0.0,1,2592,0.2034,10.8964,ca131f74aea55db69036c9e164d07060cf90521ca8a3f4471d3a5701dfac153b,51.0868,544.7174,0.0,83.3328,51.0868,544.7174,1,0.0,83.3299,3018
motion,m46,0.1,0.1952,,,10.8968,64.6181,0.0,1,2592,0.1952,10.8964,ca131f74aea55db69036c9e164d07060cf90521ca8a3f4471d3a5701dfac153b,31.1768,326.9027,0.0,83.3328,31.1768,326.9027,1,0.0,83.3299,3018
motion,m46,0.15,0.1829,,,10.4001,45.1388,0.0,1,2592,0.186,10.8964,ca131f74aea55db69036c9e164d07060cf90521ca8a3f4471d3a5701dfac153b,23.9247,235.5563,0.0,83.3328,23.6662,261.4214,1,0.0,87.2766,3018
motion,m46,0.2,0.1737,,,10.7953,34.2059,0.0,1,2592,0.1744,10.8964,ca131f74aea55db69036c9e164d07060cf90521ca8a3f4471d3a5701dfac153b,18.8675,171.9601,0.0,83.3328,19.3836,185.724,1,0.0,84.0095,3018
motion,m46,0.3,0.1377,,,11.5294,26.6775,0.0,0,2592,0.1586,10.8964,ca131f74aea55db69036c9e164d07060cf90521ca8a3f4471d3a5701dfac153b,14.5818,121.6964,0.0,83.3328,31.1307,164.4264,1,0.0,74.5584,3018
motion,m46,0.4,0.1389,0,0,8.1429,22.9432,0.0,0,2592,0.1467,10.8964,ca131f74aea55db69036c9e164d07060cf90521ca8a3f4471d3a5701dfac153b,12.1727,97.5753,0.0,83.3328,25.8744,106.6095,0,0.0,61.401,3018
motion,m46,0.5,0.1379,,,8.6055,20.4159,0.0,1,2592,0.1367,10.8964,ca131f74aea55db69036c9e164d07060cf90521ca8a3f4471d3a5701dfac153b,10.4763,80.9149,0.0,83.3328,14.9348,202.5877,1,0.0,105.159,3018
motion,m46,0.7,0.1286,0,0,12.0,17.5757,0.0,0,2592,0.1267,10.8964,ca131f74aea55db69036c9e164d07060cf90521ca8a3f4471d3a5701dfac153b,8.576,64.8563,0.0,83.3328,19.7447,150.2168,0,0.0,78.9442,3018
motion,m46,1.0,,0,0,,14.9805,0.0,,2592,0.1211,10.8964,ca131f74aea55db69036c9e164d07060cf90521ca8a3f4471d3a5701dfac153b,6.9477,53.6375,0.0,83.3328,,,0,,,3018
scale,m46,48,0.2066,,,10.7216,157.1616,0.0,1,1493,0.2075,10.894,ca131f74aea55db69036c9e164d07060cf90521ca8a3f4471d3a5701dfac153b,528.6942,735.6306,0.0,47.9999,521.3302,768.7617,1,0.0,48.765,1738
scale,m46,40,0.2063,,,10.7248,155.6926,0.0,1,1244,0.2073,10.9005,ca131f74aea55db69036c9e164d07060cf90521ca8a3f4471d3a5701dfac153b,782.6862,722.4023,0.0,39.9946,769.516,750.0553,1,0.0,40.6446,1449
scale,m46,32,0.206,,,10.7644,153.1526,0.0,1,995,0.2071,10.9008,ca131f74aea55db69036c9e164d07060cf90521ca8a3f4471d3a5701dfac153b,1221.0593,1221.0593,0.0,31.9892,1157.794,869.0987,1,0.0,32.2981,1159
scale,m46,26,0.1978,,,8.2887,304.6785,0.0,1,809,0.2066,10.8968,ca131f74aea55db69036c9e164d07060cf90521ca8a3f4471d3a5701dfac153b,1787.7793,563.7456,0.0,26.0093,5588.8245,635.5518,1,0.0,18.7509,942
scale,m46,22,0.2038,,,10.6286,396.8585,0.0,1,684,0.2056,10.9044,ca131f74aea55db69036c9e164d07060cf90521ca8a3f4471d3a5701dfac153b,2456.5556,449.5162,0.0,21.9906,2412.5372,464.7648,1,0.0,22.5477,797
scale,m46,18,0.1986,,,9.8,527.9996,0.0,1,560,0.2053,10.8958,ca131f74aea55db69036c9e164d07060cf90521ca8a3f4471d3a5701dfac153b,3481.2206,347.0325,0.0,18.004,3271.2778,443.201,1,0.0,20.0,652
scale,m46,15,0.1763,,,9.0,660.5736,0.0,1,467,0.2057,10.8813,ca131f74aea55db69036c9e164d07060cf90521ca8a3f4471d3a5701dfac153b,5311.6887,276.979,0.0,15.014,11073.1673,150.5839,1,0.0,9.9786,543
scale,m46,12,0.1996,,,10.8375,845.6958,0.0,1,373,0.2015,10.9139,ca131f74aea55db69036c9e164d07060cf90521ca8a3f4471d3a5701dfac153b,8192.2263,202.6519,0.0,11.9919,8306.8787,209.3478,1,0.0,11.9679,435
scale,m46,10,0.0947,,,4.4545,997.5,0.0,0,311,0.197,10.893,ca131f74aea55db69036c9e164d07060cf90521ca8a3f4471d3a5701dfac153b,11240.6136,147.9761,0.0,9.9986,595.7377,115.3269,1,0.0,21.9295,362
scale,m46,8,0.1031,0,0,4.3333,1176.3027,0.0,0,249,0.1899,10.8992,ca131f74aea55db69036c9e164d07060cf90521ca8a3f4471d3a5701dfac153b,14433.8176,67.4283,0.0,8.0053,815.7415,85.6745,0,0.0,17.928,290
scale,m46,6,0.1484,,,8.2561,1390.1518,0.0,0,187,0.1752,10.8597,ca131f74aea55db69036c9e164d07060cf90521ca8a3f4471d3a5701dfac153b,15868.3418,35.2522,0.0,6.012,9975.2596,57.046,1,0.0,7.9574,217
blur,m47,0.02,0.1023,,,8.7895,82.6119,0.0,1,2200,0.1013,8.564,2438dd00c2ec94adeee4d2d95c8a9a29d4fcca76e520fd8b07ea77280b75c4ed,11.2098,90.5938,0.0,64.152,11.4552,90.4024,1,0.0,62.5276,1650
blur,m47,0.04,0.0894,,,8.3917,16.037,0.0,1,2200,0.0898,8.564,2438dd00c2ec94adeee4d2d95c8a9a29d4fcca76e520fd8b07ea77280b75c4ed,3.8076,28.4901,0.0,64.152,3.7612,29.9893,1,0.0,65.1119,1650
blur,m47,0.06,0.0793,,,8.1429,4.1543,0.0,1,2200,0.0788,8.564,2438dd00c2ec94adeee4d2d95c8a9a29d4fcca76e520fd8b07ea77280b75c4ed,2.2548,9.4527,0.0,64.152,2.1527,10.2943,1,0.0,67.1512,1650
blur,m47,0.08,0.0781,,,7.7933,1.6866,0.0,0,2200,0.0699,8.564,2438dd00c2ec94adeee4d2d95c8a9a29d4fcca76e520fd8b07ea77280b75c4ed,1.7911,3.3336,0.0,64.152,1.5981,4.603,1,0.0,74.6647,1650
blur,m47,0.1,0.0631,,,7.6443,0.9079,0.0,1,2200,0.0626,8.564,2438dd00c2ec94adeee4d2d95c8a9a29d4fcca76e520fd8b07ea77280b75c4ed,1.6523,1.356,0.0,64.152,1.5125,1.7715,1,0.0,71.5175,1650
blur,m47,0.13,,0,0,,0.4883,0.0,,2200,0.0538,8.564,2438dd00c2ec94adeee4d2d95c8a9a29d4fcca76e520fd8b07ea77280b75c4ed,1.6375,0.5363,0.0,64.152,,,0,,,1650
blur,m47,0.16,,0,0,,0.3248,0.0,,2200,0.0464,8.564,2438dd00c2ec94adeee4d2d95c8a9a29d4fcca76e520fd8b07ea77280b75c4ed,1.5248,0.2994,0.0,64.152,,,0,,,1650
blur,m47,0.2,,0,0,,0.2284,0.0,,2200,0.0387,8.564,2438dd00c2ec94adeee4d2d95c8a9a29d4fcca76e520fd8b07ea77280b75c4ed,1.6343,0.157,0.0,64.152,,,0,,,1650
blur,m47,0.25,,0,0,,0.1789,0.0,,2200,0.0321,8.564,2438dd00c2ec94adeee4d2d95c8a9a29d4fcca76e520fd8b07ea77280b75c4ed,1.262,0.1182,0.0,64.152,,,0,,,1650
blur,m47,0.3,,0,0,,0.1602,0.0,,2200,0.0275,8.564,2438dd00c2ec94adeee4d2d95c8a9a29d4fcca76e520fd8b07ea77280b75c4ed,1.0389,0.1118,0.0,64.152,,,0,,,1650
edge,m47,2.0,0.1082,,,1.9714,239.7371,0.0,1,2200,0.1087,2.0015,2438dd00c2ec94adeee4d2d95c8a9a29d4fcca76e520fd8b07ea77280b75c4ed,116.3392,232.3516,0.0,64.152,115.3787,257.1789,1,0.0,64.4918,1229
edge,m47,1.0,0.1082,,,0.973,241.8687,0.0,1,2200,0.1087,1.0039,2438dd00c2ec94adeee4d2d95c8a9a29d4fcca76e520fd8b07ea77280b75c4ed,116.3392,232.3516,0.0,64.152,114.7783,257.6712,1,0.0,65.0379,1165
edge,m47,0.5,0.1039,,,0.449,241.2509,0.0,1,2200,0.1087,0.5051,2438dd00c2ec94adeee4d2d95c8a9a29d4fcca76e520fd8b07ea77280b75c4ed,116.3392,232.3516,0.0,64.152,106.2191,265.8936,1,0.0,70.4419,1133
edge,m47,0.25,0.1078,,,0.2344,240.4307,0.0,1,2200,0.1087,0.2557,2438dd00c2ec94adeee4d2d95c8a9a29d4fcca76e520fd8b07ea77280b75c4ed,116.3392,232.3516,0.0,64.152,113.7744,260.6914,1,0.0,65.5935,1117
edge,m47,0.1,0.1082,,,0.0882,239.2719,0.0,1,2200,0.1092,0.0998,2438dd00c2ec94adeee4d2d95c8a9a29d4fcca76e520fd8b07ea77280b75c4ed,118.9088,237.896,0.0,64.152,117.0239,268.0852,1,0.0,65.236,1107
edge,m47,0.0,0.1086,,,0.037,238.5786,0.0,1,2200,0.1096,0.0062,2438dd00c2ec94adeee4d2d95c8a9a29d4fcca76e520fd8b07ea77280b75c4ed,120.0766,240.1368,0.0,64.152,117.6588,268.7923,1,0.0,65.2877,1101
edge,m47,-0.5,0.1093,0,0,0.2449,235.354,0.0,0,2200,0.1088,0.0,2438dd00c2ec94adeee4d2d95c8a9a29d4fcca76e520fd8b07ea77280b75c4ed,118.173,235.5695,0.0,64.152,119.6781,260.8522,0,0.0,63.5456,1069
edge,m47,-1.0,0.1085,0,0,0.0457,232.6219,0.0,0,2200,0.1099,0.0,2438dd00c2ec94adeee4d2d95c8a9a29d4fcca76e520fd8b07ea77280b75c4ed,119.3971,249.1095,0.0,64.152,116.2099,263.6914,0,0.0,65.813,1036
edge,m47,-2.0,0.1596,0,0,3.583,226.9375,0.0,0,2200,0.1077,0.0,2438dd00c2ec94adeee4d2d95c8a9a29d4fcca76e520fd8b07ea77280b75c4ed,115.7679,245.7516,0.0,64.152,356.3894,353.2161,0,0.0,38.3721,972
glare,m47,0.3,0.0877,,,8.6695,240.7171,0.0,1,2200,0.0871,8.564,2438dd00c2ec94adeee4d2d95c8a9a29d4fcca76e520fd8b07ea77280b75c4ed,73.2666,142.4696,0.0,64.152,74.2243,157.2991,1,0.0,63.3847,1650
glare,m47,0.5,0.0821,,,8.7895,237.6592,0.0,1,2200,0.0816,8.564,2438dd00c2ec94adeee4d2d95c8a9a29d4fcca76e520fd8b07ea77280b75c4ed,50.0661,96.0398,0.0,64.152,50.8989,104.5407,1,0.0,62.5276,1650
glare,m47,0.7,0.0851,,,8.6262,234.9564,0.0,1,2200,0.0853,8.564,2438dd00c2ec94adeee4d2d95c8a9a29d4fcca76e520fd8b07ea77280b75c4ed,32.3063,60.4464,0.0,64.152,32.3618,64.8803,1,0.0,63.6999,1650
glare,m47,0.85,0.0932,,,8.5923,233.1537,0.0,1,2200,0.0932,8.564,2438dd00c2ec94adeee4d2d95c8a9a29d4fcca76e520fd8b07ea77280b75c4ed,22.4261,40.8976,0.0,64.152,22.2751,40.4615,1,0.0,63.9488,1650
glare,m47,1.0,0.1596,0,0,14.25,231.5686,0.0014,0,2200,0.1045,8.564,2438dd00c2ec94adeee4d2d95c8a9a29d4fcca76e520fd8b07ea77280b75c4ed,15.4554,27.33,0.1239,64.152,356.3894,353.2161,0,0.0,38.3721,1650
glare,m47,1.5,0.1056,0,0,9.0,227.403,0.0135,0,2200,0.0809,8.564,2438dd00c2ec94adeee4d2d95c8a9a29d4fcca76e520fd8b07ea77280b75c4ed,4.7068,7.6836,0.5955,64.152,82.9558,85.9712,0,0.0,41.5698,1650
glare,m47,2.5,0.1596,0,0,14.25,221.9475,0.0288,0,2200,0.0219,8.564,2438dd00c2ec94adeee4d2d95c8a9a29d4fcca76e520fd8b07ea77280b75c4ed,0.2666,0.1291,0.8837,64.152,356.3894,353.2161,0,0.0,38.3721,1650
glare,m47,4.0,0.1595,0,0,14.25,216.4456,0.0429,0,2200,0.0,8.564,2438dd00c2ec94adeee4d2d95c8a9a29d4fcca76e520fd8b07ea77280b75c4ed,0.0,0.0,1.0,64.152,356.2059,353.0253,0,0.0,38.3721,1650
motion,m47,0.05,0.1067,,,8.6147,199.6602,0.0,1,2200,0.1067,8.564,2438dd00c2ec94adeee4d2d95c8a9a29d4fcca76e520fd8b07ea77280b75c4ed,55.8707,183.2413,0.0,64.152,55.9918,187.9495,1,0.0,63.7841,1650
motion,m47,0.1,0.1022,,,8.5351,136.4235,0.0,1,2200,0.1023,8.564,2438dd00c2ec94adeee4d2d95c8a9a29d4fcca76e520fd8b07ea77280b75c4ed,31.8529,119.1333,0.0,64.152,31.6574,119.9444,1,0.0,64.0172,1650
motion,m47,0.15,0.0976,,,8.7375,101.2981,0.0,1,2200,0.0953,8.564,2438dd00c2ec94adeee4d2d95c8a9a29d4fcca76e520fd8b07ea77280b75c4ed,21.1759,78.1576,0.0,64.152,20.9658,76.9376,1,0.0,62.5413,1650
motion,m47,0.2,0.091,,,8.4445,90.4974,0.0,1,2200,0.0902,8.564,2438dd00c2ec94adeee4d2d95c8a9a29d4fcca76e520fd8b07ea77280b75c4ed,17.0093,61.4759,0.0,64.152,16.2576,63.7839,1,0.0,64.7448,1650
motion,m47,0.3,0.0846,,,9.0,80.8027,0.0,1,2200,0.0814,8.564,2438dd00c2ec94adeee4d2d95c8a9a29d4fcca76e520fd8b07ea77280b75c4ed,12.6033,43.8956,0.0,64.152,12.6281,42.1305,1,0.0,60.7558,1650
motion,m47,0.4,0.0522,0,0,13.0952,72.8685,0.0,0,2200,0.0738,8.564,2438dd00c2ec94adeee4d2d95c8a9a29d4fcca76e520fd8b07ea77280b75c4ed,9.9134,33.7812,0.0,64.152,27.8958,27.3084,0,0.0,35.407,1650
motion,m47,0.5,0.0522,0,0,15.8182,68.851,0.0,0,2200,0.0687,8.564,2438dd00c2ec94adeee4d2d95c8a9a29d4fcca76e520fd8b07ea77280b75c4ed,8.439,28.5589,0.0,64.152,28.0363,27.8125,0,0.0,35.1744,1650
motion,m47,0.7,,0,0,,62.0713,0.0,,2200,0.0613,8.564,2438dd00c2ec94adeee4d2d95c8a9a29d4fcca76e520fd8b07ea77280b75c4ed,6.6254,21.906,0.0,64.152,,,0,,,1650
motion,m47,1.0,,0,0,,55.1043,0.0,,2200,0.0593,8.564,2438dd00c2ec94adeee4d2d95c8a9a29d4fcca76e520fd8b07ea77280b75c4ed,5.5176,19.0106,0.0,64.152,,,0,,,1650
scale,m47,48,0.1079,,,8.42,250.2346,0.0,1,1646,0.1086,8.5675,2438dd00c2ec94adeee4d2d95c8a9a29d4fcca76e520fd8b07ea77280b75c4ed,215.8422,252.125,0.0,47.9974,213.6017,263.9306,1,0.0,48.7872,1235
scale,m47,40,0.1101,,,8.8485,245.8526,0.0,1,1372,0.1085,8.564,2438dd00c2ec94adeee4d2d95c8a9a29d4fcca76e520fd8b07ea77280b75c4ed,307.4836,250.5777,0.0,40.0075,316.0871,243.4706,1,0.0,38.5835,1029
scale,m47,32,0.1745,,,5.4172,236.5796,0.0,0,1097,0.1081,8.5666,2438dd00c2ec94adeee4d2d95c8a9a29d4fcca76e520fd8b07ea77280b75c4ed,451.5715,451.5715,0.0,31.9885,568.5002,438.8465,1,0.0,41.3123,823
scale,m47,26,0.104,,,7.739,538.1286,0.0,1,892,0.1078,8.564,2438dd00c2ec94adeee4d2d95c8a9a29d4fcca76e520fd8b07ea77280b75c4ed,624.1138,181.7593,0.0,26.0107,564.876,214.2649,1,0.0,28.3806,669
scale,m47,22,0.106,,,8.156,656.2676,0.0,1,754,0.1075,8.5716,2438dd00c2ec94adeee4d2d95c8a9a29d4fcca76e520fd8b07ea77280b75c4ed,817.4221,145.1,0.0,21.9866,782.7808,158.5981,1,0.0,23.0399,566
scale,m47,18,0.1004,,,7.3463,821.8745,0.0,1,617,0.1071,8.5687,2438dd00c2ec94adeee4d2d95c8a9a29d4fcca76e520fd8b07ea77280b75c4ed,1212.875,112.7991,0.0,17.9917,1023.1932,159.5523,1,0.0,20.906,463
scale,m47,15,0.1034,,,8.0,974.3029,0.0,1,514,0.1074,8.5752,2438dd00c2ec94adeee4d2d95c8a9a29d4fcca76e520fd8b07ea77280b75c4ed,1859.3708,93.5825,0.0,14.9882,1642.232,77.9034,1,0.0,16.0,386
scale,m47,12,0.1046,,,8.4726,1005.3183,0.0,1,412,0.1047,8.564,2438dd00c2ec94adeee4d2d95c8a9a29d4fcca76e520fd8b07ea77280b75c4ed,2800.4505,66.1486,0.0,12.0139,2763.6575,65.6516,1,0.0,12.0,309
scale,m47,10,0.0916,,,6.6113,940.4667,0.0,1,343,0.1026,8.5557,2438dd00c2ec94adeee4d2d95c8a9a29d4fcca76e520fd8b07ea77280b75c4ed,3709.1474,46.8672,0.0,10.0019,2634.9258,74.552,1,0.0,12.6465,257
scale,m47,8,0.0984,0,0,9.6667,991.7943,0.0,0,274,0.0974,8.5849,2438dd00c2ec94adeee4d2d95c8a9a29d4fcca76e520fd8b07ea77280b75c4ed,4635.5512,20.8611,0.0,7.9898,1600.916,4.0714,0,0.0,6.0,206
scale,m47,6,0.0452,0,0,7.6667,1155.8071,0.0,0,206,0.0884,8.5363,2438dd00c2ec94adeee4d2d95c8a9a29d4fcca76e520fd8b07ea77280b75c4ed,4326.6943,9.51,0.0,6.007,1210.3515,2.5092,0,0.0,6.0,154
blur,m48,0.02,0.1167,,,5.5714,107.766,0.0078,1,1800,0.1207,5.4425,d5738e5af35a34ba27ff944ea30f3d241265923ba08eeb156aa5095ba50be2c5,27.0271,383.5325,0.0,74.844,26.7869,358.5531,1,0.0,73.2558,2400
blur,m48,0.04,0.1462,,,6.0413,18.5112,0.0075,0,1800,0.0983,5.4425,d5738e5af35a34ba27ff944ea30f3d241265923ba08eeb156aa5095ba50be2c5,4.3796,62.3261,0.0,74.844,3.3044,73.7837,1,0.0,90.542,2400
blur,m48,0.06,0.2178,,,3.0845,4.9771,0.0071,1,1800,0.0846,5.4425,d5738e5af35a34ba27ff944ea30f3d241265923ba08eeb156aa5095ba50be2c5,2.0906,14.0019,0.0,74.844,1.7227,84.9804,1,0.0,122.1355,2400
blur,m48,0.08,0.2115,,,2.9664,1.9715,0.0067,1,1800,0.0762,5.4425,d5738e5af35a34ba27ff944ea30f3d241265923ba08eeb156aa5095ba50be2c5,1.7498,4.5914,0.0,74.844,1.3206,36.3462,1,0.0,126.798,2400
blur,m48,0.1,0.1134,,,2.0968,1.0012,0.0063,0,1800,0.0707,5.4425,d5738e5af35a34ba27ff944ea30f3d241265923ba08eeb156aa5095ba50be2c5,1.6512,1.8838,0.0,74.844,1.3433,5.2598,1,0.0,108.1395,2400
blur,m48,0.13,0.1077,0,0,1.9478,0.5069,0.0058,0,1800,0.0658,5.4425,d5738e5af35a34ba27ff944ea30f3d241265923ba08eeb156aa5095ba50be2c5,1.5901,0.7867,0.0,74.844,1.2698,2.8098,0,0.0,117.412,2400
blur,m48,0.16,,0,0,,0.3309,0.0052,,1800,0.0632,5.4425,d5738e5af35a34ba27ff944ea30f3d241265923ba08eeb156aa5095ba50be2c5,1.5626,0.4523,0.0,74.844,,,0,,,2400
blur,m48,0.2,,0,0,,0.2367,0.0044,,1800,0.0624,5.4425,d5738e5af35a34ba27ff944ea30f3d241265923ba08eeb156aa5095ba50be2c5,1.2378,0.2934,0.0,74.844,,,0,,,2400
blur,m48,0.25,,0,0,,0.1931,0.0032,,1800,0.0631,5.4425,d5738e5af35a34ba27ff944ea30f3d241265923ba08eeb156aa5095ba50be2c5,0.9703,0.2304,0.0,74.844,,,0,,,2400
blur,m48,0.3,,0,0,,0.1755,0.0021,,1800,0.0642,5.4425,d5738e5af35a34ba27ff944ea30f3d241265923ba08eeb156aa5095ba50be2c5,0.9876,0.2077,0.0,74.844,,,0,,,2400
edge,m48,2.0,0.1855,,,0.5823,248.0232,0.0124,0,1800,0.1416,1.9987,d5738e5af35a34ba27ff944ea30f3d241265923ba08eeb156aa5095ba50be2c5,307.8695,1121.1024,0.0,74.844,234.411,1057.2427,1,0.0,127.4484,1566
edge,m48,1.0,0.1875,,,0.2219,245.0146,0.013,0,1800,0.1416,0.9966,d5738e5af35a34ba27ff944ea30f3d241265923ba08eeb156aa5095ba50be2c5,307.8695,1121.1024,0.0,74.844,228.4159,1047.3685,1,0.0,130.392,1491
edge,m48,0.5,0.1849,,,0.0513,240.2724,0.0133,0,1800,0.1416,0.5023,d5738e5af35a34ba27ff944ea30f3d241265923ba08eeb156aa5095ba50be2c5,307.8695,1121.1024,0.0,74.844,220.1792,1031.3463,1,0.0,128.6897,1454
edge,m48,0.25,0.128,,,0.2589,239.2342,0.0135,1,1800,0.1416,0.2484,d5738e5af35a34ba27ff944ea30f3d241265923ba08eeb156aa5095ba50be2c5,307.8695,1121.1024,0.0,74.844,291.9659,930.1857,1,0.0,68.9919,1435
edge,m48,0.1,0.1293,,,0.109,237.7567,0.0136,1,1800,0.1425,0.1014,d5738e5af35a34ba27ff944ea30f3d241265923ba08eeb156aa5095ba50be2c5,312.5121,1140.8495,0.0,74.844,296.9958,951.4893,1,0.0,68.9919,1424
edge,m48,0.0,0.1306,,,0.0292,237.5643,0.0136,1,1800,0.1431,0.0,d5738e5af35a34ba27ff944ea30f3d241265923ba08eeb156aa5095ba50be2c5,316.4993,1166.0691,0.0,74.844,302.8075,980.7713,1,0.0,68.9919,1416
edge,m48,-0.5,0.1395,0,0,0.1849,232.5481,0.0138,0,1800,0.1411,0.0,d5738e5af35a34ba27ff944ea30f3d241265923ba08eeb156aa5095ba50be2c5,316.1515,1153.985,0.0,74.844,324.6158,1057.2788,0,0.0,70.6395,1379
edge,m48,-1.0,0.1418,0,0,0.2883,228.55,0.014,0,1800,0.14,0.0,d5738e5af35a34ba27ff944ea30f3d241265923ba08eeb156aa5095ba50be2c5,318.9854,1153.3223,0.0,74.844,332.0472,1118.7332,0,0.0,72.027,1342
edge,m48,-2.0,0.144,0,0,0.1373,223.0899,0.0145,0,1800,0.139,0.0,d5738e5af35a34ba27ff944ea30f3d241265923ba08eeb156aa5095ba50be2c5,332.9965,1228.2005,0.0,74.844,203.7947,786.3246,0,0.0,109.3548,1267
glare,m48,0.3,0.1862,,,4.2168,351.2436,0.0081,0,1800,0.1269,5.4425,d5738e5af35a34ba27ff944ea30f3d241265923ba08eeb156aa5095ba50be2c5,191.7446,690.4818,0.0,74.844,228.9177,1024.1136,1,0.0,125.6259,2400
glare,m48,0.5,0.1862,,,4.2168,342.1034,0.0081,0,1800,0.132,5.4425,d5738e5af35a34ba27ff944ea30f3d241265923ba08eeb156aa5095ba50be2c5,130.4202,466.7039,0.0,74.844,228.9177,1024.1136,1,0.0,125.6259,2400
glare,m48,0.7,0.1862,,,4.2168,334.0706,0.0081,0,1800,0.1481,5.4425,d5738e5af35a34ba27ff944ea30f3d241265923ba08eeb156aa5095ba50be2c5,83.1865,293.7478,0.0,74.844,228.9177,1024.1136,1,0.0,125.6259,2400
glare,m48,0.85,0.1862,,,4.2168,328.7729,0.0081,0,1800,0.1655,5.4425,d5738e5af35a34ba27ff944ea30f3d241265923ba08eeb156aa5095ba50be2c5,56.8716,197.9347,0.0,74.844,228.9177,1024.1136,1,0.0,125.6259,2400
glare,m48,1.0,0.1862,,,4.2168,324.1463,0.009,0,1800,0.1861,5.4425,d5738e5af35a34ba27ff944ea30f3d241265923ba08eeb156aa5095ba50be2c5,38.3734,130.5291,0.0772,74.844,228.9177,1024.1136,1,0.0,125.6259,2400
glare,m48,1.5,0.1862,0,0,4.2168,312.4438,0.0204,0,1800,0.153,5.4425,d5738e5af35a34ba27ff944ea30f3d241265923ba08eeb156aa5095ba50be2c5,11.1592,35.0369,0.5771,74.844,228.9177,1024.1136,0,0.0,125.6259,2400
glare,m48,2.5,0.1862,0,0,4.221,298.3771,0.0343,0,1800,0.0515,5.4425,d5738e5af35a34ba27ff944ea30f3d241265923ba08eeb156aa5095ba50be2c5,0.5921,0.6676,0.8661,74.844,228.9177,1024.1136,0,0.0,125.5161,2400
glare,m48,4.0,0.1862,0,0,4.221,286.3901,0.0473,0,1800,0.0,5.4425,d5738e5af35a34ba27ff944ea30f3d241265923ba08eeb156aa5095ba50be2c5,0.0,0.0,1.0,74.844,228.9177,1024.1136,0,0.0,125.5161,2400
motion,m48,0.05,0.1337,,,5.4646,265.9752,0.0081,1,1800,0.1337,5.4425,d5738e5af35a34ba27ff944ea30f3d241265923ba08eeb156aa5095ba50be2c5,138.2564,766.5531,0.0,74.844,138.2564,762.0911,1,0.0,74.5679,2400
motion,m48,0.1,0.1195,,,5.5714,193.7098,0.008,1,1800,0.1243,5.4425,d5738e5af35a34ba27ff944ea30f3d241265923ba08eeb156aa5095ba50be2c5,97.392,469.5359,0.0,74.844,90.0152,423.1496,1,0.0,73.2558,2400
motion,m48,0.15,0.1511,,,5.6224,158.5094,0.008,0,1800,0.1148,5.4425,d5738e5af35a34ba27ff944ea30f3d241265923ba08eeb156aa5095ba50be2c5,78.5357,322.8497,0.0,74.844,62.3225,299.4932,1,0.0,96.0596,2400
motion,m48,0.2,0.1597,,,4.9562,142.7158,0.008,0,1800,0.1083,5.4425,d5738e5af35a34ba27ff944ea30f3d241265923ba08eeb156aa5095ba50be2c5,69.3491,267.5931,0.0,74.844,50.2205,255.1729,1,0.0,108.3488,2400
motion,m48,0.3,0.1576,,,4.3588,126.6458,0.008,0,1800,0.101,5.4425,d5738e5af35a34ba27ff944ea30f3d241265923ba08eeb156aa5095ba50be2c5,60.4339,220.78,0.0,74.844,77.0442,426.4231,1,0.0,121.6933,2400
motion,m48,0.4,0.1033,,,5.2345,114.7396,0.0079,1,1800,0.0971,5.4425,d5738e5af35a34ba27ff944ea30f3d241265923ba08eeb156aa5095ba50be2c5,54.6199,195.9863,0.0,74.844,58.3989,223.6557,1,0.0,77.8643,2400
motion,m48,0.5,0.091,0,0,5.5357,106.7701,0.0078,0,1800,0.0948,5.4425,d5738e5af35a34ba27ff944ea30f3d241265923ba08eeb156aa5095ba50be2c5,51.0872,181.8105,0.0,74.844,23.5632,88.1289,0,0.0,97.6744,2400
motion,m48,0.7,0.1381,0,0,5.0,93.5814,0.0077,0,1800,0.0917,5.4425,d5738e5af35a34ba27ff944ea30f3d241265923ba08eeb156aa5095ba50be2c5,45.4142,164.8311,0.0,74.844,55.2636,297.38,0,0.0,80.2326,2400
motion,m48,1.0,,0,0,,79.1713,0.0074,,1800,0.0904,5.4425,d5738e5af35a34ba27ff944ea30f3d241265923ba08eeb156aa5095ba50be2c5,39.5482,154.5562,0.0,74.844,,,0,,,2400
scale,m48,48,0.1434,,,5.3819,373.1702,0.0081,1,1154,0.1442,5.4425,d5738e5af35a34ba27ff944ea30f3d241265923ba08eeb156aa5095ba50be2c5,859.538,1130.737,0.0,47.9833,845.1572,1148.1551,1,0.0,48.4783,1539
scale,m48,40,0.1588,,,5.4,363.2751,0.0081,1,962,0.1397,5.4425,d5738e5af35a34ba27ff944ea30f3d241265923ba08eeb156aa5095ba50be2c5,1183.9064,1096.9551,0.0,40.0,1302.634,1193.337,1,0.0,40.0,1283
scale,m48,32,0.1444,,,5.4375,329.1939,0.0081,1,770,0.1444,5.4425,d5738e5af35a34ba27ff944ea30f3d241265923ba08eeb156aa5095ba50be2c5,1911.2988,1911.2988,0.0,32.0166,1916.0949,1916.0949,1,0.0,32.0,1026
scale,m48,26,0.1694,,,4.7641,841.2664,0.008,1,625,0.139,5.4425,d5738e5af35a34ba27ff944ea30f3d241265923ba08eeb156aa5095ba50be2c5,2834.0264,804.5104,0.0,25.9875,2671.4854,1114.5744,1,0.0,29.2081,834
scale,m48,22,0.1728,,,4.4355,983.0522,0.0081,1,529,0.1415,5.4425,d5738e5af35a34ba27ff944ea30f3d241265923ba08eeb156aa5095ba50be2c5,3770.6228,636.4468,0.0,21.9958,3348.7393,999.0881,1,0.0,26.4925,705
scale,m48,18,0.1761,,,2.0691,1139.7864,0.0081,0,433,0.1451,5.4425,d5738e5af35a34ba27ff944ea30f3d241265923ba08eeb156aa5095ba50be2c5,4910.6903,469.718,0.0,18.0041,10099.7002,1689.4556,1,0.0,21.7251,577
scale,m48,15,0.1646,,,1.9869,1249.6697,0.0079,0,361,0.1267,5.4425,d5738e5af35a34ba27ff944ea30f3d241265923ba08eeb156aa5095ba50be2c5,5260.2386,260.7061,0.0,15.0104,9873.1933,1045.5901,1,0.0,18.534,481
scale,m48,12,0.186,,,4.3,1361.2759,0.0079,0,289,0.1347,5.4425,d5738e5af35a34ba27ff944ea30f3d241265923ba08eeb156aa5095ba50be2c5,5894.4567,148.8708,0.0,12.0166,2751.8077,380.8586,1,0.0,19.931,385
scale,m48,10,0.1971,,,3.8134,1459.4539,0.0077,0,241,0.1121,5.4425,d5738e5af35a34ba27ff944ea30f3d241265923ba08eeb156aa5095ba50be2c5,5601.9771,78.6145,0.0,10.0208,3136.6374,348.5319,1,0.0,18.701,321
scale,m48,8,0.1716,0,0,4.8333,1568.2096,0.0075,0,192,0.1278,5.4425,d5738e5af35a34ba27ff944ea30f3d241265923ba08eeb156aa5095ba50be2c5,6260.219,36.2742,0.0,7.9834,4099.5984,111.3545,0,0.0,12.0,257
scale,m48,6,0.1756,0,0,3.5,1719.7488,0.0076,0,144,0.0893,5.4425,d5738e5af35a34ba27ff944ea30f3d241265923ba08eeb156aa5095ba50be2c5,3805.2314,10.2561,0.0,5.9875,4375.2633,117.2334,0,0.0,12.0,192
blur,m49,0.02,0.0887,,,2.1282,246.7928,0.0,0,2200,0.1078,8.9986,0ce543e1da7be0af898cf83f38f05c7a06fab6b3a1884618f25b419f8657e1b3,21.4799,137.6003,0.0,60.764,16.7978,126.5449,1,0.0,76.3506,1650
blur,m49,0.04,0.0811,,,2.1743,39.5409,0.0,0,2200,0.0949,8.9986,0ce543e1da7be0af898cf83f38f05c7a06fab6b3a1884618f25b419f8657e1b3,4.9691,33.7658,0.0,60.764,2.9555,20.0195,1,0.0,74.9133,1650
blur,m49,0.06,0.081,,,2.0856,8.9794,0.0,0,2200,0.0843,8.9986,0ce543e1da7be0af898cf83f38f05c7a06fab6b3a1884618f25b419f8657e1b3,2.6003,10.094,0.0,60.764,2.0445,6.4427,1,0.0,77.126,1650
blur,m49,0.08,0.077,,,7.3478,3.2548,0.0,1,2200,0.0758,8.9986,0ce543e1da7be0af898cf83f38f05c7a06fab6b3a1884618f25b419f8657e1b3,1.9311,3.494,0.0,60.764,1.7731,5.5942,1,0.0,73.5465,1650
blur,m49,0.1,0.0718,,,7.2372,1.705,0.0,1,2200,0.069,8.9986,0ce543e1da7be0af898cf83f38f05c7a06fab6b3a1884618f25b419f8657e1b3,1.7413,1.4294,0.0,60.764,1.5379,2.206,1,0.0,74.6567,1650
blur,m49,0.13,0.0658,0,0,6.8355,0.8519,0.0,0,2200,0.0607,8.9986,0ce543e1da7be0af898cf83f38f05c7a06fab6b3a1884618f25b419f8657e1b3,1.6724,0.5801,0.0,60.764,1.4161,0.9519,0,0.0,79.0277,1650
blur,m49,0.16,,0,0,,0.525,0.0,,2200,0.0538,8.9986,0ce543e1da7be0af898cf83f38f05c7a06fab6b3a1884618f25b419f8657e1b3,1.6137,0.3385,0.0,60.764,,,0,,,1650
blur,m49,0.2,,0,0,,0.3313,0.0,,2200,0.0465,8.9986,0ce543e1da7be0af898cf83f38f05c7a06fab6b3a1884618f25b419f8657e1b3,1.5263,0.2322,0.0,60.764,,,0,,,1650
blur,m49,0.25,,0,0,,0.2333,0.0,,2200,0.0398,8.9986,0ce543e1da7be0af898cf83f38f05c7a06fab6b3a1884618f25b419f8657e1b3,1.2919,0.1979,0.0,60.764,,,0,,,1650
blur,m49,0.3,,0,0,,0.1929,0.0,,2200,0.0344,8.9986,0ce543e1da7be0af898cf83f38f05c7a06fab6b3a1884618f25b419f8657e1b3,1.2669,0.1543,0.0,60.764,,,0,,,1650
edge,m49,2.0,0.0914,,,2.1806,756.6627,0.0002,0,2200,0.1168,2.0044,0ce543e1da7be0af898cf83f38f05c7a06fab6b3a1884618f25b419f8657e1b3,211.817,392.114,0.0,60.764,205.5761,359.4797,1,0.0,74.889,1225
edge,m49,1.0,0.0835,,,2.3821,758.7297,0.0002,0,2200,0.1168,1.0005,0ce543e1da7be0af898cf83f38f05c7a06fab6b3a1884618f25b419f8657e1b3,211.817,392.114,0.0,60.764,207.4223,343.1143,1,0.0,69.8423,1164
edge,m49,0.5,0.0914,,,2.2236,757.3344,0.0002,0,2200,0.1168,0.5068,0ce543e1da7be0af898cf83f38f05c7a06fab6b3a1884618f25b419f8657e1b3,211.817,392.114,0.0,60.764,204.4626,349.7254,1,0.0,73.5855,1134
edge,m49,0.25,0.089,,,2.2356,756.6797,0.0002,0,2200,0.1168,0.2435,0ce543e1da7be0af898cf83f38f05c7a06fab6b3a1884618f25b419f8657e1b3,211.817,392.114,0.0,60.764,206.0715,353.3259,1,0.0,73.3125,1118
edge,m49,0.1,0.0903,,,2.2826,754.546,0.0002,0,2200,0.1175,0.0953,0ce543e1da7be0af898cf83f38f05c7a06fab6b3a1884618f25b419f8657e1b3,216.3226,404.2918,0.0,60.764,203.9527,343.9547,1,0.0,72.0664,1109
edge,m49,0.0,0.0919,,,2.1846,752.6942,0.0002,0,2200,0.1181,0.0,0ce543e1da7be0af898cf83f38f05c7a06fab6b3a1884618f25b419f8657e1b3,218.932,406.7802,0.0,60.764,204.6929,353.9548,1,0.0,74.7532,1103
edge,m49,-0.5,0.0914,0,0,2.184,743.3652,0.0002,0,2200,0.1154,0.0,0ce543e1da7be0af898cf83f38f05c7a06fab6b3a1884618f25b419f8657e1b3,211.3615,394.2146,0.0,60.764,205.7577,361.6873,0,0.0,74.7958,1073
edge,m49,-1.0,0.0933,0,0,2.1431,744.0452,0.0002,0,2200,0.1165,0.0,0ce543e1da7be0af898cf83f38f05c7a06fab6b3a1884618f25b419f8657e1b3,214.4282,404.2593,0.0,60.764,206.3596,359.0058,0,0.0,75.9571,1042
edge,m49,-2.0,0.091,0,0,2.1934,753.0792,0.0002,0,2200,0.1165,0.0,0ce543e1da7be0af898cf83f38f05c7a06fab6b3a1884618f25b419f8657e1b3,209.0463,398.5584,0.0,60.764,205.272,353.0093,0,0.0,73.8805,982
glare,m49,0.3,0.091,,,2.197,748.7102,0.0003,0,2200,0.0961,8.9986,0ce543e1da7be0af898cf83f38f05c7a06fab6b3a1884618f25b419f8657e1b3,133.8871,243.161,0.0,60.764,206.4879,366.5319,1,0.0,74.5058,1650
glare,m49,0.5,0.091,,,2.197,741.7352,0.0003,0,2200,0.0936,8.9986,0ce543e1da7be0af898cf83f38f05c7a06fab6b3a1884618f25b419f8657e1b3,91.9068,165.6147,0.0,60.764,206.4879,366.5319,1,0.0,74.5058,1650
glare,m49,0.7,0.091,,,2.197,735.457,0.0003,0,2200,0.1012,8.9986,0ce543e1da7be0af898cf83f38f05c7a06fab6b3a1884618f25b419f8657e1b3,59.7261,105.6338,0.0,60.764,206.4879,366.5319,1,0.0,74.5058,1650
glare,m49,0.85,0.091,,,2.197,731.2068,0.0003,0,2200,0.1123,8.9986,0ce543e1da7be0af898cf83f38f05c7a06fab6b3a1884618f25b419f8657e1b3,41.3427,71.8646,0.0,60.764,206.4879,366.5319,1,0.0,74.5058,1650
glare,m49,1.0,0.091,0,0,2.197,727.3493,0.0014,0,2200,0.1269,8.9986,0ce543e1da7be0af898cf83f38f05c7a06fab6b3a1884618f25b419f8657e1b3,28.387,48.0403,0.1081,60.764,206.4879,366.5319,0,0.0,74.5058,1650
glare,m49,1.5,0.091,0,0,2.197,717.0458,0.0132,0,2200,0.0982,8.9986,0ce543e1da7be0af898cf83f38f05c7a06fab6b3a1884618f25b419f8657e1b3,8.1518,13.03,0.5947,60.764,206.4879,366.5319,0,0.0,74.5058,1650
glare,m49,2.5,0.091,0,0,2.197,704.1112,0.0279,0,2200,0.0258,8.9986,0ce543e1da7be0af898cf83f38f05c7a06fab6b3a1884618f25b419f8657e1b3,0.2686,0.1496,0.8844,60.764,206.4879,366.5319,0,0.0,74.5058,1650
glare,m49,4.0,0.091,0,0,2.197,691.3768,0.0414,0,2200,0.0,8.9986,0ce543e1da7be0af898cf83f38f05c7a06fab6b3a1884618f25b419f8657e1b3,0.0,0.0,1.0,60.764,206.4879,366.5319,0,0.0,74.5058,1650
motion,m49,0.05,0.0886,,,2.204,582.6403,0.0001,0,2200,0.1136,8.9986,0ce543e1da7be0af898cf83f38f05c7a06fab6b3a1884618f25b419f8657e1b3,93.939,277.5763,0.0,60.764,84.6568,260.0187,1,0.0,74.2729,1650
motion,m49,0.1,0.0883,,,2.1665,372.6529,0.0,0,2200,0.1078,8.9986,0ce543e1da7be0af898cf83f38f05c7a06fab6b3a1884618f25b419f8657e1b3,53.251,164.1487,0.0,60.764,44.5608,144.2848,1,0.0,75.3403,1650
motion,m49,0.15,0.1027,,,2.8754,300.0572,0.0,0,2200,0.1017,8.9986,0ce543e1da7be0af898cf83f38f05c7a06fab6b3a1884618f25b419f8657e1b3,38.7801,111.9101,0.0,60.764,110.4387,271.0649,1,0.0,77.4856,1650
motion,m49,0.2,0.0785,,,2.304,263.1788,0.0,0,2200,0.0962,8.9986,0ce543e1da7be0af898cf83f38f05c7a06fab6b3a1884618f25b419f8657e1b3,31.3379,85.5118,0.0,60.764,25.0715,72.8217,1,0.0,71.5999,1650
motion,m49,0.3,0.0828,,,8.9474,242.9125,0.0,1,2200,0.0874,8.9986,0ce543e1da7be0af898cf83f38f05c7a06fab6b3a1884618f25b419f8657e1b3,23.7121,61.224,0.0,60.764,19.2041,51.6741,1,0.0,60.7558,1650
motion,m49,0.4,0.0779,,,8.8947,225.5958,0.0,1,2200,0.0812,8.9986,0ce543e1da7be0af898cf83f38f05c7a06fab6b3a1884618f25b419f8657e1b3,19.3871,48.6483,0.0,60.764,15.6459,40.9448,1,0.0,60.7558,1650
motion,m49,0.5,0.0779,0,0,8.9474,216.6129,0.0,0,2200,0.0764,8.9986,0ce543e1da7be0af898cf83f38f05c7a06fab6b3a1884618f25b419f8657e1b3,16.4941,40.6638,0.0,60.764,15.4437,37.7758,0,0.0,60.7558,1650
motion,m49,0.7,,0,0,,200.969,0.0,,2200,0.0696,8.9986,0ce543e1da7be0af898cf83f38f05c7a06fab6b3a1884618f25b419f8657e1b3,12.6506,30.8305,0.0,60.764,,,0,,,1650
motion,m49,1.0,,0,0,,185.6939,0.0,,2200,0.0675,8.9986,0ce543e1da7be0af898cf83f38f05c7a06fab6b3a1884618f25b419f8657e1b3,10.9209,27.5556,0.0,60.764,,,0,,,1650
scale,m49,48,0.0931,,,2.1846,775.9327,0.0003,0,1738,0.117,8.9952,0ce543e1da7be0af898cf83f38f05c7a06fab6b3a1884618f25b419f8657e1b3,363.834,398.4627,0.0,48.0036,319.0147,359.351,1,0.0,59.0558,1303
scale,m49,40,0.0955,,,2.1296,770.2523,0.0003,0,1448,0.1167,8.9986,0ce543e1da7be0af898cf83f38f05c7a06fab6b3a1884618f25b419f8657e1b3,528.1174,385.4049,0.0,39.9938,441.9579,365.4782,1,0.0,50.2202,1086
scale,m49,32,0.092,,,2.1613,735.1004,0.0002,0,1159,0.1162,8.9961,0ce543e1da7be0af898cf83f38f05c7a06fab6b3a1884618f25b419f8657e1b3,736.5248,736.5248,0.0,32.0116,593.6696,335.4478,1,0.0,39.8626,869
scale,m49,26,0.1066,,,7.937,1591.9328,0.0002,1,941,0.1154,9.0018,0ce543e1da7be0af898cf83f38f05c7a06fab6b3a1884618f25b419f8657e1b3,938.0856,262.0476,0.0,25.9904,1104.9539,385.3575,1,0.0,27.9703,706
scale,m49,22,0.1101,,,7.5353,1781.6813,0.0001,1,797,0.115,8.9874,0ce543e1da7be0af898cf83f38f05c7a06fab6b3a1884618f25b419f8657e1b3,1226.101,209.5228,0.0,22.0131,999.8629,281.3795,1,0.0,25.9674,597
scale,m49,18,0.0874,,,2.1332,1876.7837,0.0,0,652,0.1143,8.9986,0ce543e1da7be0af898cf83f38f05c7a06fab6b3a1884618f25b419f8657e1b3,1759.3011,160.0581,0.0,18.0082,810.8465,141.3471,1,0.0,22.6462,489
scale,m49,15,0.1076,,,7.4399,2112.119,0.0,1,543,0.1127,8.9931,0ce543e1da7be0af898cf83f38f05c7a06fab6b3a1884618f25b419f8657e1b3,2419.0823,119.4322,0.0,14.9977,1936.99,171.6254,1,0.0,17.9669,407
scale,m49,12,0.1103,,,8.8333,2188.9478,0.0,1,434,0.1107,9.0125,0ce543e1da7be0af898cf83f38f05c7a06fab6b3a1884618f25b419f8657e1b3,3483.206,76.1876,0.0,11.9871,3438.7758,75.6049,1,0.0,12.0,326
scale,m49,10,0.1028,,,7.3333,1830.6963,0.0,1,362,0.108,9.0152,0ce543e1da7be0af898cf83f38f05c7a06fab6b3a1884618f25b419f8657e1b3,4305.013,50.4721,0.0,9.9984,3246.7626,71.0868,1,0.0,12.0,272
scale,m49,8,0.1074,,,11.945,1572.9617,0.0,1,290,0.1034,8.978,0ce543e1da7be0af898cf83f38f05c7a06fab6b3a1884618f25b419f8657e1b3,5141.0376,22.2905,0.0,8.0098,6795.5141,15.1244,1,0.0,6.0,217
scale,m49,6,,0,0,,1921.1772,0.0001,,217,0.0944,9.0125,0ce543e1da7be0af898cf83f38f05c7a06fab6b3a1884618f25b419f8657e1b3,4964.9174,10.3375,0.0,5.9935,,,0,,,163
blur,m50,0.02,0.1787,,,6.9906,127.8893,0.0026,1,1800,0.1788,7.057,dc8747eea98d5392b07797b9ad2fc05c8c4e4fc1d25431ae63d02b5d80dcf071,41.2724,606.0424,0.0,76.428,41.2042,612.5353,1,0.0,77.141,2400
blur,m50,0.04,0.1486,,,6.7002,19.5537,0.0013,1,1800,0.1486,7.057,dc8747eea98d5392b07797b9ad2fc05c8c4e4fc1d25431ae63d02b5d80dcf071,6.758,127.8722,0.0,76.428,6.8328,154.0479,1,0.0,80.474,2400
blur,m50,0.06,0.1255,,,6.6361,5.0981,0.0006,1,1800,0.1259,7.057,dc8747eea98d5392b07797b9ad2fc05c8c4e4fc1d25431ae63d02b5d80dcf071,2.5874,32.0721,0.0,76.428,2.5817,39.9353,1,0.0,81.2536,2400
blur,m50,0.08,0.1123,,,7.9514,1.9742,0.0002,1,1800,0.1105,7.057,dc8747eea98d5392b07797b9ad2fc05c8c4e4fc1d25431ae63d02b5d80dcf071,1.7104,8.7819,0.0,76.428,1.7211,10.3875,1,0.0,77.4366,2400
blur,m50,0.1,0.1033,,,7.8355,0.9885,0.0,1,1800,0.0993,7.057,dc8747eea98d5392b07797b9ad2fc05c8c4e4fc1d25431ae63d02b5d80dcf071,1.5284,3.1566,0.0,76.428,1.5186,3.935,1,0.0,78.6771,2400
blur,m50,0.13,0.0885,0,0,8.0,0.4821,0.0,0,1800,0.0859,7.057,dc8747eea98d5392b07797b9ad2fc05c8c4e4fc1d25431ae63d02b5d80dcf071,1.4809,1.1008,0.0,76.428,1.5249,1.2901,0,0.0,76.7442,2400
blur,m50,0.16,,0,0,,0.3043,0.0,,1800,0.0747,7.057,dc8747eea98d5392b07797b9ad2fc05c8c4e4fc1d25431ae63d02b5d80dcf071,1.4215,0.5134,0.0,76.428,,,0,,,2400
blur,m50,0.2,,0,0,,0.2148,0.0,,1800,0.0624,7.057,dc8747eea98d5392b07797b9ad2fc05c8c4e4fc1d25431ae63d02b5d80dcf071,1.4226,0.2615,0.0,76.428,,,0,,,2400
blur,m50,0.25,,0,0,,0.1753,0.0,,1800,0.0503,7.057,dc8747eea98d5392b07797b9ad2fc05c8c4e4fc1d25431ae63d02b5d80dcf071,1.3838,0.167,0.0,76.428,,,0,,,2400
blur,m50,0.3,,0,0,,0.1568,0.0,,1800,0.0417,7.057,dc8747eea98d5392b07797b9ad2fc05c8c4e4fc1d25431ae63d02b5d80dcf071,1.4358,0.111,0.0,76.428,,,0,,,2400
edge,m50,2.0,0.2095,,,2.0915,302.4402,0.0048,1,1800,0.2051,1.9996,dc8747eea98d5392b07797b9ad2fc05c8c4e4fc1d25431ae63d02b5d80dcf071,579.5252,2085.8076,0.0,76.428,613.968,2205.5261,1,0.0,75.0,1225
edge,m50,1.0,0.2094,,,1.0943,270.3952,0.0038,1,1800,0.2051,1.0052,dc8747eea98d5392b07797b9ad2fc05c8c4e4fc1d25431ae63d02b5d80dcf071,579.5252,2085.8076,0.0,76.428,614.1216,2189.8827,1,0.0,75.0,1149
edge,m50,0.5,0.2028,,,0.5538,255.4066,0.0033,0,1800,0.2051,0.4949,dc8747eea98d5392b07797b9ad2fc05c8c4e4fc1d25431ae63d02b5d80dcf071,579.5252,2085.8076,0.0,76.428,593.3595,2034.2426,1,0.0,73.4734,1110
edge,m50,0.25,0.2029,,,0.304,251.5298,0.0031,0,1800,0.2051,0.2463,dc8747eea98d5392b07797b9ad2fc05c8c4e4fc1d25431ae63d02b5d80dcf071,579.5252,2085.8076,0.0,76.428,594.39,2027.1431,1,0.0,73.3891,1091
edge,m50,0.1,0.2046,,,0.1596,250.4807,0.003,1,1800,0.2064,0.1024,dc8747eea98d5392b07797b9ad2fc05c8c4e4fc1d25431ae63d02b5d80dcf071,589.7176,2129.2161,0.0,76.428,603.5099,2060.934,1,0.0,73.4707,1080
edge,m50,0.0,0.2041,,,0.0528,249.7014,0.003,0,1800,0.2073,0.0,dc8747eea98d5392b07797b9ad2fc05c8c4e4fc1d25431ae63d02b5d80dcf071,597.6978,2158.0123,0.0,76.428,606.7816,2073.4757,1,0.0,73.3972,1072
edge,m50,-0.5,0.1988,0,0,0.0533,242.069,0.0028,0,1800,0.2042,0.0,dc8747eea98d5392b07797b9ad2fc05c8c4e4fc1d25431ae63d02b5d80dcf071,592.3015,2143.9566,0.0,76.428,601.9472,2001.7506,0,0.0,72.1327,1034
edge,m50,-1.0,0.1956,0,0,0.0143,229.4668,0.0026,0,1800,0.2023,0.0,dc8747eea98d5392b07797b9ad2fc05c8c4e4fc1d25431ae63d02b5d80dcf071,588.0454,2139.1958,0.0,76.428,596.9389,1976.544,0,0.0,71.042,996
edge,m50,-2.0,0.2052,0,0,0.0214,210.0656,0.0024,0,1800,0.2042,0.0,dc8747eea98d5392b07797b9ad2fc05c8c4e4fc1d25431ae63d02b5d80dcf071,623.8298,2278.759,0.0,76.428,702.6305,2003.1127,0,0.0,62.9742,919
glare,m50,0.3,0.1648,,,7.0299,489.6592,0.0065,1,1800,0.1648,7.057,dc8747eea98d5392b07797b9ad2fc05c8c4e4fc1d25431ae63d02b5d80dcf071,368.8254,1327.0982,0.0,76.428,368.8254,1328.5988,1,0.0,76.7122,2400
glare,m50,0.5,0.1426,,,6.9909,475.4222,0.0066,0,1800,0.1427,7.057,dc8747eea98d5392b07797b9ad2fc05c8c4e4fc1d25431ae63d02b5d80dcf071,257.3062,927.9595,0.0,76.428,256.8954,937.3523,1,0.0,77.1378,2400
glare,m50,0.7,0.1268,,,6.9912,463.4609,0.0066,0,1800,0.1268,7.057,dc8747eea98d5392b07797b9ad2fc05c8c4e4fc1d25431ae63d02b5d80dcf071,170.1741,614.8315,0.0,76.428,170.1741,618.5403,1,0.0,77.1346,2400
glare,m50,0.85,0.1121,,,7.7143,455.9674,0.0066,1,1800,0.1205,7.057,dc8747eea98d5392b07797b9ad2fc05c8c4e4fc1d25431ae63d02b5d80dcf071,120.3724,435.8305,0.0,76.428,122.0162,393.2005,1,0.0,70.0,2400
glare,m50,1.0,0.1598,0,0,4.6667,449.77,0.0099,0,1800,0.12,7.057,dc8747eea98d5392b07797b9ad2fc05c8c4e4fc1d25431ae63d02b5d80dcf071,84.113,304.9159,0.1952,76.428,753.2829,1343.042,0,0.0043,52.3256,2400
glare,m50,1.5,0.1161,0,0,3.4623,435.6372,0.0314,0,1800,0.0855,7.057,dc8747eea98d5392b07797b9ad2fc05c8c4e4fc1d25431ae63d02b5d80dcf071,24.9092,89.0015,0.623,76.428,157.5187,237.2778,0,0.0,137.782,2400
glare,m50,2.5,0.1532,0,0,3.4286,420.815,0.0574,0,1800,0.0231,7.057,dc8747eea98d5392b07797b9ad2fc05c8c4e4fc1d25431ae63d02b5d80dcf071,1.0067,2.5046,0.9062,76.428,608.4372,1606.6037,0,0.005,70.0,2400
glare,m50,4.0,0.1532,0,0,3.4286,408.6696,0.0814,0,1800,0.0,7.057,dc8747eea98d5392b07797b9ad2fc05c8c4e4fc1d25431ae63d02b5d80dcf071,0.0,0.0,1.0,76.428,608.4372,1606.6037,0,0.005,70.0,2400
motion,m50,0.05,0.1959,,,7.0196,352.8448,0.0058,1,1800,0.196,7.057,dc8747eea98d5392b07797b9ad2fc05c8c4e4fc1d25431ae63d02b5d80dcf071,224.5051,1430.0813,0.0,76.428,224.1407,1434.1792,1,0.0,76.8242,2400
motion,m50,0.1,0.1824,,,6.8924,233.5688,0.0052,1,1800,0.1818,7.057,dc8747eea98d5392b07797b9ad2fc05c8c4e4fc1d25431ae63d02b5d80dcf071,143.093,915.9104,0.0,76.428,145.2939,962.7133,1,0.0,78.2232,2400
motion,m50,0.15,0.1707,,,7.1155,204.6871,0.0049,1,1800,0.1721,7.057,dc8747eea98d5392b07797b9ad2fc05c8c4e4fc1d25431ae63d02b5d80dcf071,121.7979,764.7956,0.0,76.428,118.0273,738.6282,1,0.0,75.8011,2400
motion,m50,0.2,0.1596,,,7.1152,182.8332,0.0045,1,1800,0.1612,7.057,dc8747eea98d5392b07797b9ad2fc05c8c4e4fc1d25431ae63d02b5d80dcf071,103.4973,630.9476,0.0,76.428,99.6914,606.9343,1,0.0,75.8039,2400
motion,m50,0.3,0.1457,,,7.0731,158.6838,0.0039,1,1800,0.1477,7.057,dc8747eea98d5392b07797b9ad2fc05c8c4e4fc1d25431ae63d02b5d80dcf071,83.0523,500.0852,0.0,76.428,78.7731,475.3856,1,0.0,76.2481,2400
motion,m50,0.4,0.1343,,,7.6514,143.5952,0.0035,1,1800,0.1398,7.057,dc8747eea98d5392b07797b9ad2fc05c8c4e4fc1d25431ae63d02b5d80dcf071,70.9338,431.7284,0.0,76.428,63.5036,358.9877,1,0.0,70.9718,2400
motion,m50,0.5,0.1299,0,0,8.7357,133.2959,0.0032,0,1800,0.1345,7.057,dc8747eea98d5392b07797b9ad2fc05c8c4e4fc1d25431ae63d02b5d80dcf071,63.1559,387.2799,0.0,76.428,73.1662,368.9073,0,0.0,63.093,2400
motion,m50,0.7,,0,0,,116.0969,0.0027,,1800,0.1281,7.057,dc8747eea98d5392b07797b9ad2fc05c8c4e4fc1d25431ae63d02b5d80dcf071,51.404,328.4908,0.0,76.428,,,0,,,2400
motion,m50,1.0,,0,0,,96.0632,0.0022,,1800,0.1215,7.057,dc8747eea98d5392b07797b9ad2fc05c8c4e4fc1d25431ae63d02b5d80dcf071,38.6081,261.9233,0.0,76.428,,,0,,,2400
scale,m50,48,0.2039,,,7.108,522.5652,0.006,0,1130,0.2029,7.0586,dc8747eea98d5392b07797b9ad2fc05c8c4e4fc1d25431ae63d02b5d80dcf071,1738.0464,2048.9872,0.0,47.9798,1761.7943,2117.0299,1,0.0,47.6466,1507
scale,m50,40,0.2029,,,7.7143,501.8533,0.0058,1,942,0.2046,7.057,dc8747eea98d5392b07797b9ad2fc05c8c4e4fc1d25431ae63d02b5d80dcf071,2604.4818,2039.2823,0.0,39.9973,2741.5662,1926.294,1,0.0,36.6333,1256
scale,m50,32,0.2018,,,6.2187,983.2775,0.0056,1,754,0.2008,7.0547,dc8747eea98d5392b07797b9ad2fc05c8c4e4fc1d25431ae63d02b5d80dcf071,3831.0686,3831.0686,0.0,32.0148,3670.5605,2253.8568,1,0.0,36.19,1005
scale,m50,26,0.2037,,,6.8591,1189.8878,0.0053,1,612,0.2014,7.057,dc8747eea98d5392b07797b9ad2fc05c8c4e4fc1d25431ae63d02b5d80dcf071,4924.015,1347.9543,0.0,25.9855,5021.5751,1490.0532,1,0.0,26.7518,816
scale,m50,22,0.2069,,,6.9899,1304.7657,0.0052,0,518,0.1972,7.0604,dc8747eea98d5392b07797b9ad2fc05c8c4e4fc1d25431ae63d02b5d80dcf071,5449.1975,917.0729,0.0,21.9943,6473.1981,1131.4296,1,0.0,22.0,691
scale,m50,18,0.1494,,,2.2592,1395.1022,0.0044,0,424,0.1936,7.0528,dc8747eea98d5392b07797b9ad2fc05c8c4e4fc1d25431ae63d02b5d80dcf071,6675.7285,618.1756,0.0,18.003,460.1097,292.1988,1,0.0,45.6652,565
scale,m50,15,0.132,,,2.9557,1465.8409,0.0046,0,353,0.1907,7.062,dc8747eea98d5392b07797b9ad2fc05c8c4e4fc1d25431ae63d02b5d80dcf071,8774.0855,434.2218,0.0,14.9884,471.5306,164.9361,1,0.0,30.2986,471
scale,m50,12,0.1771,,,7.0062,1566.9054,0.0044,0,283,0.1821,7.0508,dc8747eea98d5392b07797b9ad2fc05c8c4e4fc1d25431ae63d02b5d80dcf071,12371.3442,292.9168,0.0,12.0162,11808.8895,275.654,1,0.0,11.9577,377
scale,m50,10,0.1342,,,2.7273,1685.6502,0.0031,0,236,0.1771,7.042,dc8747eea98d5392b07797b9ad2fc05c8c4e4fc1d25431ae63d02b5d80dcf071,14617.9646,195.9958,0.0,10.0206,542.1248,103.0882,1,0.0,22.0,314
scale,m50,8,0.173,,,9.2963,1834.0624,0.0029,0,188,0.1616,7.0664,dc8747eea98d5392b07797b9ad2fc05c8c4e4fc1d25431ae63d02b5d80dcf071,13835.3412,74.0582,0.0,7.9825,20925.2452,46.2817,1,0.0,6.0,251
scale,m50,6,,0,0,,2031.7761,0.003,,141,0.138,7.057,dc8747eea98d5392b07797b9ad2fc05c8c4e4fc1d25431ae63d02b5d80dcf071,10039.4967,21.6792,0.0,5.9869,,,0,,,188
blur,m51,0.02,0.076,,,1.1739,245.9907,0.0102,0,2000,0.1863,9.5709,f36d2a4dc80ec56cdb48e75746c6c4f29abf0fe6c3c0903c96fb3437362962b2,314.9986,571.6446,0.0,40.7,22.436,205.7453,1,0.0,133.7209,1500
blur,m51,0.04,0.075,,,1.25,70.6447,0.0092,0,2000,0.1553,9.5709,f36d2a4dc80ec56cdb48e75746c6c4f29abf0fe6c3c0903c96fb3437362962b2,72.0681,157.7283,0.0,40.7,4.5761,141.1628,1,0.0,133.3333,1500
blur,m51,0.06,0.0716,,,1.1875,21.7691,0.0087,0,2000,0.1296,9.5709,f36d2a4dc80ec56cdb48e75746c6c4f29abf0fe6c3c0903c96fb3437362962b2,19.0613,42.0216,0.0,40.7,2.6276,81.6587,1,0.0,133.3333,1500
blur,m51,0.08,0.0687,,,1.1875,9.0534,0.0081,0,2000,0.1128,9.5709,f36d2a4dc80ec56cdb48e75746c6c4f29abf0fe6c3c0903c96fb3437362962b2,6.3241,11.8701,0.0,40.7,2.0825,48.2205,1,0.0,133.3333,1500
blur,m51,0.1,0.0659,,,1.1875,4.4171,0.0076,0,2000,0.1014,9.5709,f36d2a4dc80ec56cdb48e75746c6c4f29abf0fe6c3c0903c96fb3437362962b2,3.0327,3.8429,0.0,40.7,1.8184,28.2387,1,0.0,133.3333,1500
blur,m51,0.13,0.0896,0,0,8.4375,1.8766,0.007,0,2000,0.0889,9.5709,f36d2a4dc80ec56cdb48e75746c6c4f29abf0fe6c3c0903c96fb3437362962b2,2.0485,1.3106,0.0,40.7,2.0748,2.0524,0,0.0,46.5116,1500
blur,m51,0.16,0.0542,0,0,1.3571,0.9689,0.0065,0,2000,0.0786,9.5709,f36d2a4dc80ec56cdb48e75746c6c4f29abf0fe6c3c0903c96fb3437362962b2,1.7724,0.7346,0.0,40.7,1.5376,3.9404,0,0.0,116.6668,1500
blur,m51,0.2,0.0637,0,0,0.9474,0.5161,0.0058,0,2000,0.0664,9.5709,f36d2a4dc80ec56cdb48e75746c6c4f29abf0fe6c3c0903c96fb3437362962b2,1.6401,0.4957,0.0,40.7,1.4303,6.1828,0,0.0,158.3333,1500
blur,m51,0.25,0.0518,0,0,2.4667,0.3227,0.0049,0,2000,0.0532,9.5709,f36d2a4dc80ec56cdb48e75746c6c4f29abf0fe6c3c0903c96fb3437362962b2,1.6118,0.3873,0.0,40.7,1.4065,1.2238,0,0.0,125.0001,1500
blur,m51,0.3,,0,0,,0.2517,0.0042,,2000,0.0426,9.5709,f36d2a4dc80ec56cdb48e75746c6c4f29abf0fe6c3c0903c96fb3437362962b2,1.7215,0.3374,0.0,40.7,,,0,,,1500
edge,m51,2.0,0.2051,,,2.0717,497.4223,0.0142,1,2000,0.2043,2.0033,f36d2a4dc80ec56cdb48e75746c6c4f29abf0fe6c3c0903c96fb3437362962b2,814.2792,1132.6426,0.0033,40.7,822.4119,1159.7142,1,0.0033,40.6977,1192
edge,m51,1.0,0.0778,,,0.5319,486.9266,0.0145,0,2000,0.2043,0.9959,f36d2a4dc80ec56cdb48e75746c6c4f29abf0fe6c3c0903c96fb3437362962b2,814.2792,1132.6426,0.0033,40.7,64.0385,232.0241,1,0.0,130.8139,1151
edge,m51,0.5,0.0773,,,0.3854,482.0984,0.0146,0,2000,0.2043,0.5045,f36d2a4dc80ec56cdb48e75746c6c4f29abf0fe6c3c0903c96fb3437362962b2,814.2792,1132.6426,0.0033,40.7,63.6453,233.1438,1,0.0,127.907,1131
edge,m51,0.25,0.0774,,,0.2952,481.0073,0.0147,0,2000,0.2043,0.2588,f36d2a4dc80ec56cdb48e75746c6c4f29abf0fe6c3c0903c96fb3437362962b2,814.2792,1132.6426,0.0033,40.7,63.6524,228.3904,1,0.0,127.907,1121
edge,m51,0.1,0.0774,,,0.2497,479.2684,0.0148,0,2000,0.2055,0.1114,f36d2a4dc80ec56cdb48e75746c6c4f29abf0fe6c3c0903c96fb3437362962b2,826.6435,1152.1915,0.0034,40.7,63.6524,228.3904,1,0.0,127.907,1115
edge,m51,0.0,0.0776,,,0.1999,479.3345,0.0148,0,2000,0.2065,0.0,f36d2a4dc80ec56cdb48e75746c6c4f29abf0fe6c3c0903c96fb3437362962b2,836.896,1169.5128,0.0034,40.7,64.1202,232.5433,1,0.0,130.8139,1110
edge,m51,-0.5,0.0766,0,0,0.0454,470.6711,0.0149,0,2000,0.2038,0.0,f36d2a4dc80ec56cdb48e75746c6c4f29abf0fe6c3c0903c96fb3437362962b2,833.0603,1160.3007,0.0033,40.7,64.2964,236.8937,0,0.0,127.907,1090
edge,m51,-1.0,0.0712,0,0,1.6474,458.503,0.0151,0,2000,0.2002,0.0,f36d2a4dc80ec56cdb48e75746c6c4f29abf0fe6c3c0903c96fb3437362962b2,820.1764,1134.2158,0.0027,40.7,55.3299,181.0231,0,0.0,98.8372,1070
edge,m51,-2.0,0.0758,0,0,1.0414,429.4318,0.0155,0,2000,0.2004,0.0,f36d2a4dc80ec56cdb48e75746c6c4f29abf0fe6c3c0903c96fb3437362962b2,852.982,1181.9278,0.0024,40.7,63.3207,229.1147,0,0.0,130.8139,1029
glare,m51,0.3,0.078,,,1.1739,400.3959,0.0119,0,2000,0.1579,9.5709,f36d2a4dc80ec56cdb48e75746c6c4f29abf0fe6c3c0903c96fb3437362962b2,522.4567,713.8707,0.0051,40.7,64.7602,239.4805,1,0.0,133.7209,1500
glare,m51,0.5,0.078,,,1.1739,380.7364,0.0121,0,2000,0.1288,9.5709,f36d2a4dc80ec56cdb48e75746c6c4f29abf0fe6c3c0903c96fb3437362962b2,367.5009,494.105,0.008,40.7,64.7602,239.4805,1,0.0,133.7209,1500
glare,m51,0.7,0.078,,,1.1739,364.2295,0.0124,0,2000,0.1027,9.5709,f36d2a4dc80ec56cdb48e75746c6c4f29abf0fe6c3c0903c96fb3437362962b2,245.848,323.2795,0.0208,40.7,64.7602,239.4805,1,0.0,133.7209,1500
glare,m51,0.85,0.078,,,1.1739,353.9497,0.0137,0,2000,0.0866,9.5709,f36d2a4dc80ec56cdb48e75746c6c4f29abf0fe6c3c0903c96fb3437362962b2,176.2208,227.004,0.1223,40.7,64.7602,239.4805,1,0.0,133.7209,1500
glare,m51,1.0,0.078,0,0,1.1739,345.4532,0.019,0,2000,0.0761,9.5709,f36d2a4dc80ec56cdb48e75746c6c4f29abf0fe6c3c0903c96fb3437362962b2,125.4568,158.4062,0.3697,40.7,64.7602,239.4805,0,0.0,133.7209,1500
glare,m51,1.5,0.078,0,0,1.1739,326.7306,0.0333,0,2000,0.0459,9.5709,f36d2a4dc80ec56cdb48e75746c6c4f29abf0fe6c3c0903c96fb3437362962b2,39.3193,48.0397,0.7189,40.7,64.7602,239.4805,0,0.0,133.7209,1500
glare,m51,2.5,0.078,0,0,1.1739,308.0596,0.0515,0,2000,0.005,9.5709,f36d2a4dc80ec56cdb48e75746c6c4f29abf0fe6c3c0903c96fb3437362962b2,0.3338,0.2637,0.9837,40.7,64.7602,239.4805,0,0.0,133.7209,1500
glare,m51,4.0,0.078,0,0,1.1739,294.1354,0.0679,0,2000,0.0,9.5709,f36d2a4dc80ec56cdb48e75746c6c4f29abf0fe6c3c0903c96fb3437362962b2,0.0,0.0,1.0,40.7,64.7602,239.4805,0,0.0,133.7209,1500
motion,m51,0.05,0.0773,,,1.2,391.8466,0.0116,0,2000,0.2002,9.5709,f36d2a4dc80ec56cdb48e75746c6c4f29abf0fe6c3c0903c96fb3437362962b2,673.2923,1003.3547,0.0018,40.7,48.5597,231.7348,1,0.0,130.8139,1500
motion,m51,0.1,0.0767,,,1.1739,287.975,0.0106,0,2000,0.1873,9.5709,f36d2a4dc80ec56cdb48e75746c6c4f29abf0fe6c3c0903c96fb3437362962b2,478.1473,732.6347,0.0004,40.7,33.727,214.5193,1,0.0,133.7209,1500
motion,m51,0.15,0.0757,,,1.3023,223.2777,0.0101,0,2000,0.1727,9.5709,f36d2a4dc80ec56cdb48e75746c6c4f29abf0fe6c3c0903c96fb3437362962b2,370.8263,551.1012,0.0,40.7,27.1789,180.4485,1,0.0,125.0,1500
motion,m51,0.2,0.075,,,1.1957,190.4601,0.0097,0,2000,0.1597,9.5709,f36d2a4dc80ec56cdb48e75746c6c4f29abf0fe6c3c0903c96fb3437362962b2,309.9941,445.3214,0.0,40.7,23.4879,172.3703,1,0.0,133.7209,1500
motion,m51,0.3,0.0731,,,1.25,157.565,0.0091,0,2000,0.1422,9.5709,f36d2a4dc80ec56cdb48e75746c6c4f29abf0fe6c3c0903c96fb3437362962b2,244.4781,337.9327,0.0,40.7,19.0667,133.43,1,0.0,127.907,1500
motion,m51,0.4,0.0719,,,1.25,140.6843,0.0087,0,2000,0.1331,9.5709,f36d2a4dc80ec56cdb48e75746c6c4f29abf0fe6c3c0903c96fb3437362962b2,208.8731,285.1001,0.0,40.7,16.6652,117.8623,1,0.0,127.907,1500
motion,m51,0.5,0.0707,0,0,1.2,129.8524,0.0083,0,2000,0.1261,9.5709,f36d2a4dc80ec56cdb48e75746c6c4f29abf0fe6c3c0903c96fb3437362962b2,183.651,247.628,0.0,40.7,14.886,110.1129,0,0.0,130.8139,1500
motion,m51,0.7,0.0686,0,0,1.4,116.1982,0.0075,0,2000,0.118,9.5709,f36d2a4dc80ec56cdb48e75746c6c4f29abf0fe6c3c0903c96fb3437362962b2,151.6626,203.3232,0.0,40.7,14.2911,108.0021,0,0.0,125.0,1500
motion,m51,1.0,,0,0,,103.5461,0.0064,,2000,0.1103,9.5709,f36d2a4dc80ec56cdb48e75746c6c4f29abf0fe6c3c0903c96fb3437362962b2,117.8604,157.9052,0.0,40.7,,,0,,,1500
scale,m51,40,0.0777,,,1.1996,440.2545,0.0118,0,1966,0.2048,9.5676,f36d2a4dc80ec56cdb48e75746c6c4f29abf0fe6c3c0903c96fb3437362962b2,849.0364,1146.3373,0.0032,40.0081,63.822,228.3021,1,0.0,128.5901,1474
scale,m51,32,0.0777,,,1.1977,440.7252,0.0118,0,1572,0.2047,9.5709,f36d2a4dc80ec56cdb48e75746c6c4f29abf0fe6c3c0903c96fb3437362962b2,1674.9892,1674.9892,0.0034,31.9902,105.0868,228.6956,1,0.0,102.8198,1179
scale,m51,26,0.0811,,,1.1759,429.0696,0.0118,0,1278,0.2042,9.5659,f36d2a4dc80ec56cdb48e75746c6c4f29abf0fe6c3c0903c96fb3437362962b2,2952.0569,962.2091,0.004,26.0073,163.6612,267.8222,1,0.0003,90.525,958
scale,m51,22,0.078,,,1.1618,415.3519,0.0117,0,1081,0.2036,9.5738,f36d2a4dc80ec56cdb48e75746c6c4f29abf0fe6c3c0903c96fb3437362962b2,4465.1387,826.2283,0.0042,21.9983,220.3799,247.3896,1,0.0,73.9316,811
scale,m51,18,0.0765,,,1.2495,963.8485,0.0115,0,885,0.2022,9.5601,f36d2a4dc80ec56cdb48e75746c6c4f29abf0fe6c3c0903c96fb3437362962b2,7120.3554,682.3149,0.0069,18.0098,273.0251,229.288,1,0.0,55.9368,663
scale,m51,15,0.0792,,,1.0736,1172.4888,0.0113,0,737,0.2013,9.5752,f36d2a4dc80ec56cdb48e75746c6c4f29abf0fe6c3c0903c96fb3437362962b2,10724.3035,527.9666,0.0077,14.9979,406.7791,294.86,1,0.0002,53.9268,553
scale,m51,12,0.0736,,,1.2105,1377.4526,0.0111,0,590,0.1929,9.5601,f36d2a4dc80ec56cdb48e75746c6c4f29abf0fe6c3c0903c96fb3437362962b2,14936.9702,351.1119,0.0108,12.0065,364.4016,210.5112,1,0.0,38.0,442
scale,m51,10,0.079,,,1.0548,1518.0955,0.0108,0,491,0.1839,9.5904,f36d2a4dc80ec56cdb48e75746c6c4f29abf0fe6c3c0903c96fb3437362962b2,18074.8527,237.2656,0.0101,9.9918,458.9349,277.0792,1,0.0007,35.9268,369
scale,m51,8,0.0775,,,1.084,1691.7723,0.0104,0,393,0.1689,9.579,f36d2a4dc80ec56cdb48e75746c6c4f29abf0fe6c3c0903c96fb3437362962b2,19397.1487,87.8798,0.0127,7.9976,601.7459,225.9459,1,0.0006,29.3151,295
scale,m51,6,0.0756,0,0,0.9989,1948.9691,0.0094,0,295,0.1448,9.5601,f36d2a4dc80ec56cdb48e75746c6c4f29abf0fe6c3c0903c96fb3437362962b2,13903.1585,29.806,0.0,6.0033,766.968,135.9537,0,0.0,21.9257,221
blur,m52,0.02,0.195,,,7.2353,181.7638,0.1065,1,2400,0.1939,7.235,89a9b181641c44d6a155ff5b52f56de2efe47abd4a2949de1a4e5e08da61c87a,80.1971,513.8651,0.0253,59.304,82.5622,530.4053,1,0.0251,59.3023,1800
blur,m52,0.04,0.1638,,,6.8333,41.7641,0.0931,1,2400,0.1675,7.235,89a9b181641c44d6a155ff5b52f56de2efe47abd4a2949de1a4e5e08da61c87a,14.6088,125.8752,0.018,59.304,14.1687,150.7118,1,0.0192,62.7907,1800
blur,m52,0.06,0.1412,,,6.7553,13.3163,0.0828,1,2400,0.1449,7.235,89a9b181641c44d6a155ff5b52f56de2efe47abd4a2949de1a4e5e08da61c87a,5.5928,39.6159,0.0146,59.304,5.3889,46.8655,1,0.0135,63.0,1800
blur,m52,0.08,0.1838,,,2.491,5.5702,0.0739,0,2400,0.1281,7.235,89a9b181641c44d6a155ff5b52f56de2efe47abd4a2949de1a4e5e08da61c87a,2.9995,12.5211,0.0103,59.304,1.7644,127.4834,1,0.0277,222.1725,1800
blur,m52,0.1,0.1141,,,6.3684,2.819,0.0667,1,2400,0.1161,7.235,89a9b181641c44d6a155ff5b52f56de2efe47abd4a2949de1a4e5e08da61c87a,2.2126,4.2745,0.006,59.304,2.2391,6.8477,1,0.0,66.2791,1800
blur,m52,0.13,0.1025,0,0,6.05,1.3056,0.0585,0,2400,0.1024,7.235,89a9b181641c44d6a155ff5b52f56de2efe47abd4a2949de1a4e5e08da61c87a,1.83,1.3642,0.0004,59.304,1.7378,2.2168,0,0.0,69.7674,1800
blur,m52,0.16,0.0917,0,0,6.05,0.7346,0.0508,0,2400,0.0913,7.235,89a9b181641c44d6a155ff5b52f56de2efe47abd4a2949de1a4e5e08da61c87a,1.7186,0.6739,0.0,59.304,1.6182,0.9974,0,0.0,69.7674,1800
blur,m52,0.2,0.0887,0,0,2.8,0.4244,0.0418,0,2400,0.0786,7.235,89a9b181641c44d6a155ff5b52f56de2efe47abd4a2949de1a4e5e08da61c87a,1.5859,0.4008,0.0,59.304,1.4266,5.1167,0,0.0,200.0,1800
blur,m52,0.25,,0,0,,0.2716,0.0332,,2400,0.0652,7.235,89a9b181641c44d6a155ff5b52f56de2efe47abd4a2949de1a4e5e08da61c87a,1.4748,0.2718,0.0,59.304,,,0,,,1800
blur,m52,0.3,,0,0,,0.2035,0.026,,2400,0.0547,7.235,89a9b181641c44d6a155ff5b52f56de2efe47abd4a2949de1a4e5e08da61c87a,1.5028,0.2019,0.0,59.304,,,0,,,1800
edge,m52,2.0,0.213,,,2.0006,465.096,0.14,1,2400,0.2126,2.0077,89a9b181641c44d6a155ff5b52f56de2efe47abd4a2949de1a4e5e08da61c87a,561.6514,1470.3243,0.052,59.304,564.9344,1474.984,1,0.0498,59.3023,1490
edge,m52,1.0,0.2464,,,1.4998,453.4063,0.1421,1,2400,0.2126,0.996,89a9b181641c44d6a155ff5b52f56de2efe47abd4a2949de1a4e5e08da61c87a,561.6514,1470.3243,0.052,59.304,699.1634,882.4261,1,0.0237,41.8605,1430
edge,m52,0.5,0.2132,,,0.5289,445.1388,0.1432,1,2400,0.2126,0.507,89a9b181641c44d6a155ff5b52f56de2efe47abd4a2949de1a4e5e08da61c87a,561.6514,1470.3243,0.052,59.304,565.5082,1487.9821,1,0.0501,59.3023,1401
edge,m52,0.25,0.147,,,0.9317,438.5968,0.1439,0,2400,0.2126,0.254,89a9b181641c44d6a155ff5b52f56de2efe47abd4a2949de1a4e5e08da61c87a,561.6514,1470.3243,0.052,59.304,462.0996,893.5822,1,0.3627,52.3256,1386
edge,m52,0.1,0.2108,,,0.0471,433.3504,0.1444,1,2400,0.214,0.1023,89a9b181641c44d6a155ff5b52f56de2efe47abd4a2949de1a4e5e08da61c87a,569.0174,1491.1849,0.0528,59.304,546.4378,1540.0248,1,0.0508,62.144,1377
edge,m52,0.0,0.2151,,,0.0587,429.2288,0.1446,1,2400,0.2149,0.0011,89a9b181641c44d6a155ff5b52f56de2efe47abd4a2949de1a4e5e08da61c87a,574.3211,1504.5426,0.0533,59.304,575.9876,1506.1624,1,0.0515,59.3023,1371
edge,m52,-0.5,0.2149,0,0,0.0587,412.3407,0.1455,0,2400,0.2147,0.0,89a9b181641c44d6a155ff5b52f56de2efe47abd4a2949de1a4e5e08da61c87a,578.6536,1518.398,0.056,59.304,580.4236,1519.6043,0,0.0542,59.3023,1341
edge,m52,-1.0,0.2115,0,0,0.0588,394.0154,0.1472,0,2400,0.211,0.0,89a9b181641c44d6a155ff5b52f56de2efe47abd4a2949de1a4e5e08da61c87a,575.504,1515.1795,0.0588,59.304,579.3435,1522.0971,0,0.0564,59.3023,1312
edge,m52,-2.0,0.2239,0,0,0.125,371.8893,0.1455,0,2400,0.21,0.0,89a9b181641c44d6a155ff5b52f56de2efe47abd4a2949de1a4e5e08da61c87a,585.3531,1553.1984,0.0648,59.304,529.3752,1185.5868,0,0.025,55.814,1252
glare,m52,0.3,0.1648,,,7.2353,406.2899,0.1222,1,2400,0.1645,7.235,89a9b181641c44d6a155ff5b52f56de2efe47abd4a2949de1a4e5e08da61c87a,355.981,930.6602,0.0813,59.304,357.9698,932.8555,1,0.0791,59.3023,1800
glare,m52,0.5,0.1343,,,7.2353,387.4622,0.1263,1,2400,0.134,7.235,89a9b181641c44d6a155ff5b52f56de2efe47abd4a2949de1a4e5e08da61c87a,247.2758,648.038,0.1318,59.304,248.6107,649.0317,1,0.1297,59.3023,1800
glare,m52,0.7,0.1062,,,7.2353,371.3239,0.1383,1,2400,0.106,7.235,89a9b181641c44d6a155ff5b52f56de2efe47abd4a2949de1a4e5e08da61c87a,162.416,426.3647,0.3207,59.304,163.2311,426.5584,1,0.3194,59.3023,1800
glare,m52,0.85,0.088,,,7.2353,361.0114,0.151,1,2400,0.088,7.235,89a9b181641c44d6a155ff5b52f56de2efe47abd4a2949de1a4e5e08da61c87a,114.0137,300.4966,0.4961,59.304,114.0137,300.4966,1,0.4961,59.3023,1800
glare,m52,1.0,0.0905,0,0,7.8076,352.1892,0.1627,0,2400,0.075,7.235,89a9b181641c44d6a155ff5b52f56de2efe47abd4a2949de1a4e5e08da61c87a,78.6793,208.5178,0.6076,59.304,70.9912,147.2271,0,0.3736,54.9198,1800
glare,m52,1.5,0.147,0,0,7.3333,331.0638,0.1885,0,2400,0.0423,7.235,89a9b181641c44d6a155ff5b52f56de2efe47abd4a2949de1a4e5e08da61c87a,22.0629,59.0817,0.8263,59.304,457.0536,879.3791,0,0.3636,52.3256,1800
glare,m52,2.5,0.147,0,0,7.3333,307.3677,0.2151,0,2400,0.0037,7.235,89a9b181641c44d6a155ff5b52f56de2efe47abd4a2949de1a4e5e08da61c87a,0.2692,0.3518,0.9921,59.304,457.0536,879.3791,0,0.3636,52.3256,1800
glare,m52,4.0,0.147,0,0,7.3333,288.9168,0.2359,0,2400,0.0,7.235,89a9b181641c44d6a155ff5b52f56de2efe47abd4a2949de1a4e5e08da61c87a,0.0,0.0,1.0,59.304,457.0536,879.3791,0,0.3636,52.3256,1800
motion,m52,0.05,0.2066,1,1,7.2353,346.8331,0.1147,0,2400,0.2066,7.235,89a9b181641c44d6a155ff5b52f56de2efe47abd4a2949de1a4e5e08da61c87a,291.3566,1097.7484,0.0322,59.304,291.3566,1097.7484,0,0.0322,59.3023,1800
motion,m52,0.1,0.1949,,,7.2353,222.3327,0.1108,1,2400,0.1948,7.235,89a9b181641c44d6a155ff5b52f56de2efe47abd4a2949de1a4e5e08da61c87a,178.9837,713.8318,0.026,59.304,178.2,710.7717,1,0.0258,59.3023,1800
motion,m52,0.15,0.1801,,,7.0251,173.0444,0.1035,1,2400,0.1825,7.235,89a9b181641c44d6a155ff5b52f56de2efe47abd4a2949de1a4e5e08da61c87a,144.1604,565.2513,0.0213,59.304,137.9523,572.5949,1,0.0213,61.0073,1800
motion,m52,0.2,0.1699,,,7.1765,150.4615,0.1004,0,2400,0.1711,7.235,89a9b181641c44d6a155ff5b52f56de2efe47abd4a2949de1a4e5e08da61c87a,122.4883,470.0726,0.0199,59.304,120.7718,462.9133,1,0.0192,59.3023,1800
motion,m52,0.3,0.1532,,,7.1765,127.6536,0.0931,1,2400,0.1545,7.235,89a9b181641c44d6a155ff5b52f56de2efe47abd4a2949de1a4e5e08da61c87a,97.6306,367.5181,0.0165,59.304,96.1651,360.7678,1,0.0163,59.3023,1800
motion,m52,0.4,0.1469,0,0,7.625,115.6155,0.0875,0,2400,0.145,7.235,89a9b181641c44d6a155ff5b52f56de2efe47abd4a2949de1a4e5e08da61c87a,82.9865,312.6302,0.0142,59.304,88.8013,287.3676,0,0.0146,55.814,1800
motion,m52,0.5,0.1393,0,0,13.8571,107.7043,0.0826,0,2400,0.1377,7.235,89a9b181641c44d6a155ff5b52f56de2efe47abd4a2949de1a4e5e08da61c87a,72.931,274.4498,0.0119,59.304,109.8403,274.2553,0,0.0065,48.8372,1800
motion,m52,0.7,,0,0,,97.4149,0.0739,,2400,0.1284,7.235,89a9b181641c44d6a155ff5b52f56de2efe47abd4a2949de1a4e5e08da61c87a,60.0231,226.4826,0.0082,59.304,,,0,,,1800
motion,m52,1.0,,0,0,,88.4628,0.0647,,2400,0.1217,7.235,89a9b181641c44d6a155ff5b52f56de2efe47abd4a2949de1a4e5e08da61c87a,47.9349,182.864,0.0032,59.304,,,0,,,1800
scale,m52,48,0.2126,,,7.2341,447.4408,0.1194,1,1943,0.2126,7.2338,89a9b181641c44d6a155ff5b52f56de2efe47abd4a2949de1a4e5e08da61c87a,968.1793,1459.9416,0.0505,48.0115,968.1793,1459.9416,1,0.0505,48.0102,1457
scale,m52,40,0.2123,,,7.2338,443.7497,0.1189,1,1619,0.2123,7.2335,89a9b181641c44d6a155ff5b52f56de2efe47abd4a2949de1a4e5e08da61c87a,1543.1802,1439.1456,0.0517,40.0055,1543.1802,1439.1456,1,0.0517,40.0044,1214
scale,m52,32,0.2118,,,7.1856,431.7387,0.1182,1,1295,0.2115,7.2332,89a9b181641c44d6a155ff5b52f56de2efe47abd4a2949de1a4e5e08da61c87a,2521.5056,2521.5056,0.0493,31.9994,2535.8924,2535.8924,1,0.0473,31.9753,971
scale,m52,26,0.145,,,7.7273,418.0952,0.1172,0,1052,0.2107,7.235,89a9b181641c44d6a155ff5b52f56de2efe47abd4a2949de1a4e5e08da61c87a,3624.5399,1095.4856,0.0499,25.9949,2934.3553,506.0582,1,0.326,22.0,789
scale,m52,22,0.2103,,,7.2727,947.614,0.1162,1,890,0.2088,7.2404,89a9b181641c44d6a155ff5b52f56de2efe47abd4a2949de1a4e5e08da61c87a,4489.6272,790.4813,0.0522,21.9919,4506.7248,799.606,1,0.0503,22.0,668
scale,m52,18,0.1982,,,6.5,1119.2259,0.1151,1,728,0.2066,7.235,89a9b181641c44d6a155ff5b52f56de2efe47abd4a2949de1a4e5e08da61c87a,5899.8433,561.3898,0.0486,17.9889,5317.3737,701.9767,1,0.0456,20.0,546
scale,m52,15,0.1968,,,6.6214,1274.7102,0.1131,0,607,0.2055,7.2311,89a9b181641c44d6a155ff5b52f56de2efe47abd4a2949de1a4e5e08da61c87a,7894.5166,398.6148,0.046,14.999,7028.4616,411.457,1,0.0453,15.9737,455
scale,m52,12,0.1972,,,7.0,1440.5275,0.1102,1,486,0.1995,7.2251,89a9b181641c44d6a155ff5b52f56de2efe47abd4a2949de1a4e5e08da61c87a,11514.2923,277.6848,0.0502,12.0091,11211.2456,277.3763,1,0.0486,12.0,364
scale,m52,10,0.1503,,,6.516,1643.3243,0.1075,0,405,0.193,7.241,89a9b181641c44d6a155ff5b52f56de2efe47abd4a2949de1a4e5e08da61c87a,14859.9311,199.1623,0.0545,10.0076,3591.9908,95.4219,1,0.0907,11.9704,304
scale,m52,8,0.1679,,,5.7762,1880.4342,0.1036,1,324,0.1814,7.235,89a9b181641c44d6a155ff5b52f56de2efe47abd4a2949de1a4e5e08da61c87a,17562.7614,82.4738,0.0602,8.006,13385.1757,178.2826,1,0.0659,10.0,243
scale,m52,6,0.142,0,1,4.2173,2290.6808,0.0959,0,243,0.1568,7.2251,89a9b181641c44d6a155ff5b52f56de2efe47abd4a2949de1a4e5e08da61c87a,13188.9988,28.5704,0.052,6.0045,8383.9312,111.0566,0,0.05,9.959,182
blur,m53,0.02,0.1232,,,7.4162,117.6761,0.0057,1,2692,0.1232,7.4514,f50093081eda4b6aac894bf38aea58f64a4102c78d45cd48a3c50a3ced0103ac,9.064,333.897,0.0,105.7418,9.064,333.897,1,0.0,106.1827,3590
blur,m53,0.04,0.0383,,,1.2295,23.0875,0.0045,0,2692,0.109,7.4514,f50093081eda4b6aac894bf38aea58f64a4102c78d45cd48a3c50a3ced0103ac,1.5787,34.5229,0.0,105.7418,1.0294,2.2954,1,0.0,140.273,3590
blur,m53,0.06,0.0416,,,8.7665,6.9934,0.0033,1,2692,0.1006,7.4514,f50093081eda4b6aac894bf38aea58f64a4102c78d45cd48a3c50a3ced0103ac,1.2777,7.5048,0.0,105.7418,1.1772,2.1784,1,0.0,92.0741,3590
blur,m53,0.08,,0,0,,2.8871,0.0025,,2692,0.0939,7.4514,f50093081eda4b6aac894bf38aea58f64a4102c78d45cd48a3c50a3ced0103ac,1.2948,2.7071,0.0,105.7418,,,0,,,3590
blur,m53,0.1,,0,0,,1.4433,0.0018,,2692,0.0883,7.4514,f50093081eda4b6aac894bf38aea58f64a4102c78d45cd48a3c50a3ced0103ac,1.3011,1.3214,0.0,105.7418,,,0,,,3590
blur,m53,0.13,,0,0,,0.6627,0.0009,,2692,0.0819,7.4514,f50093081eda4b6aac894bf38aea58f64a4102c78d45cd48a3c50a3ced0103ac,1.2495,0.5838,0.0,105.7418,,,0,,,3590
blur,m53,0.16,,0,0,,0.3933,0.0002,,2692,0.0775,7.4514,f50093081eda4b6aac894bf38aea58f64a4102c78d45cd48a3c50a3ced0103ac,1.1973,0.32,0.0,105.7418,,,0,,,3590
blur,m53,0.2,,0,0,,0.2554,0.0,,2692,0.0742,7.4514,f50093081eda4b6aac894bf38aea58f64a4102c78d45cd48a3c50a3ced0103ac,1.0739,0.2033,0.0,105.7418,,,0,,,3590
blur,m53,0.25,,0,0,,0.1915,0.0,,2692,0.0727,7.4514,f50093081eda4b6aac894bf38aea58f64a4102c78d45cd48a3c50a3ced0103ac,0.9842,0.1675,0.0,105.7418,,,0,,,3590
blur,m53,0.3,,0,0,,0.1653,0.0,,2692,0.0733,7.4514,f50093081eda4b6aac894bf38aea58f64a4102c78d45cd48a3c50a3ced0103ac,0.9019,0.1388,0.0,105.7418,,,0,,,3590
edge,m53,2.0,0.0971,,,2.3584,304.1188,0.0078,1,2692,0.1476,2.0004,f50093081eda4b6aac894bf38aea58f64a4102c78d45cd48a3c50a3ced0103ac,339.5602,1619.6752,0.0008,105.7418,331.1942,1278.7309,1,0.0012,89.4545,2126
edge,m53,1.0,0.0992,,,1.2485,281.4985,0.0073,1,2692,0.1476,0.9979,f50093081eda4b6aac894bf38aea58f64a4102c78d45cd48a3c50a3ced0103ac,339.5602,1619.6752,0.0008,105.7418,344.8318,1321.2858,1,0.0013,84.8257,2020
edge,m53,0.5,0.0972,,,0.5679,265.0063,0.0072,1,2692,0.1476,0.4967,f50093081eda4b6aac894bf38aea58f64a4102c78d45cd48a3c50a3ced0103ac,339.5602,1619.6752,0.0008,105.7418,338.0412,1326.05,1,0.0012,89.4275,1967
edge,m53,0.25,0.1,,,0.2904,259.7991,0.007,1,2692,0.1476,0.2508,f50093081eda4b6aac894bf38aea58f64a4102c78d45cd48a3c50a3ced0103ac,339.5602,1619.6752,0.0008,105.7418,355.3983,1315.1419,1,0.0013,84.154,1941
edge,m53,0.1,0.1011,,,0.0972,255.8121,0.0069,1,2692,0.1484,0.0995,f50093081eda4b6aac894bf38aea58f64a4102c78d45cd48a3c50a3ced0103ac,323.0633,1654.4471,0.0008,105.7418,328.5031,1293.4699,1,0.0013,84.8532,1925
edge,m53,0.0,0.1023,,,0.0066,254.2878,0.0068,1,2692,0.1501,0.0,f50093081eda4b6aac894bf38aea58f64a4102c78d45cd48a3c50a3ced0103ac,330.5132,1668.1527,0.0009,105.7418,364.3656,1347.6179,1,0.0014,81.3998,1914
edge,m53,-0.5,0.1057,0,0,0.3993,243.6217,0.0064,0,2692,0.1565,0.0,f50093081eda4b6aac894bf38aea58f64a4102c78d45cd48a3c50a3ced0103ac,320.799,1787.2971,0.0007,105.7418,324.4523,1346.4002,0,0.0013,79.0384,1862
edge,m53,-1.0,0.0436,0,0,1.1223,234.0539,0.006,0,2692,0.1633,0.0,f50093081eda4b6aac894bf38aea58f64a4102c78d45cd48a3c50a3ced0103ac,276.4529,1857.8242,0.0008,105.7418,13.4629,27.6786,0,0.0,153.2082,1809
edge,m53,-2.0,0.0435,0,0,1.1335,208.9976,0.005,0,2692,0.1809,0.0,f50093081eda4b6aac894bf38aea58f64a4102c78d45cd48a3c50a3ced0103ac,199.3372,1955.4932,0.0005,105.7418,13.4002,27.3787,0,0.0,152.0432,1703
glare,m53,0.3,0.1282,,,7.4479,339.1175,0.0068,1,2692,0.1282,7.4514,f50093081eda4b6aac894bf38aea58f64a4102c78d45cd48a3c50a3ced0103ac,218.2232,1038.3349,0.0014,105.7418,218.2232,1038.3349,1,0.0014,105.7838,3590
glare,m53,0.5,0.1219,,,6.5802,329.9727,0.0068,1,2692,0.1168,7.4514,f50093081eda4b6aac894bf38aea58f64a4102c78d45cd48a3c50a3ced0103ac,153.6422,732.7404,0.0021,105.7418,157.7301,783.6138,1,0.0018,119.3467,3590
glare,m53,0.7,0.1071,,,7.4761,321.9804,0.0068,1,2692,0.107,7.4514,f50093081eda4b6aac894bf38aea58f64a4102c78d45cd48a3c50a3ced0103ac,103.2929,493.2677,0.0043,105.7418,102.7817,487.4771,1,0.0043,105.3848,3590
glare,m53,0.85,0.1012,,,7.4761,316.7567,0.0072,1,2692,0.101,7.4514,f50093081eda4b6aac894bf38aea58f64a4102c78d45cd48a3c50a3ced0103ac,74.5939,357.6118,0.0485,105.7418,74.3,352.7037,1,0.0488,105.3848,3590
glare,m53,1.0,0.039,0,0,1.3196,312.153,0.0095,0,2692,0.0964,7.4514,f50093081eda4b6aac894bf38aea58f64a4102c78d45cd48a3c50a3ced0103ac,53.5551,259.1568,0.3127,105.7418,11.6348,17.181,0,0.0,134.7117,3590
glare,m53,1.5,0.039,0,0,1.3196,300.5689,0.015,0,2692,0.0753,7.4514,f50093081eda4b6aac894bf38aea58f64a4102c78d45cd48a3c50a3ced0103ac,20.5456,97.3182,0.6439,105.7418,11.6348,17.181,0,0.0,134.7117,3590
glare,m53,2.5,0.039,0,0,1.3196,286.7852,0.0226,0,2692,0.0335,7.4514,f50093081eda4b6aac894bf38aea58f64a4102c78d45cd48a3c50a3ced0103ac,3.0593,9.9645,0.8999,105.7418,11.6348,17.181,0,0.0,134.7117,3590
glare,m53,4.0,0.039,0,0,1.3196,274.7545,0.0294,0,2692,0.0001,7.4514,f50093081eda4b6aac894bf38aea58f64a4102c78d45cd48a3c50a3ced0103ac,0.0007,0.0,1.0,105.7418,11.6348,17.181,0,0.0,134.7117,3590
motion,m53,0.05,0.136,,,7.4162,268.6534,0.0065,1,2692,0.136,7.4514,f50093081eda4b6aac894bf38aea58f64a4102c78d45cd48a3c50a3ced0103ac,113.0632,965.6693,0.0003,105.7418,113.0632,965.6693,1,0.0003,106.1827,3590
motion,m53,0.1,0.0671,,,8.9623,156.668,0.006,1,2692,0.1221,7.4514,f50093081eda4b6aac894bf38aea58f64a4102c78d45cd48a3c50a3ced0103ac,62.2442,357.7167,0.0001,105.7418,57.6592,294.9508,1,0.0001,89.7029,3590
motion,m53,0.15,0.1068,,,7.272,119.3778,0.0055,1,2692,0.1163,7.4514,f50093081eda4b6aac894bf38aea58f64a4102c78d45cd48a3c50a3ced0103ac,46.9142,252.6537,0.0,105.7418,40.5519,232.7665,1,0.0,109.2592,3590
motion,m53,0.2,0.0561,,,8.6424,99.5156,0.0051,1,2692,0.1101,7.4514,f50093081eda4b6aac894bf38aea58f64a4102c78d45cd48a3c50a3ced0103ac,37.2122,192.4871,0.0,105.7418,31.6883,145.6949,1,0.0,93.4041,3590
motion,m53,0.3,0.1171,0,0,13.0275,75.1465,0.0043,0,2692,0.1023,7.4514,f50093081eda4b6aac894bf38aea58f64a4102c78d45cd48a3c50a3ced0103ac,25.5856,131.7584,0.0,105.7418,15.1301,137.771,0,0.0,73.7739,3590
motion,m53,0.4,,0,0,,62.0291,0.0038,,2692,0.096,7.4514,f50093081eda4b6aac894bf38aea58f64a4102c78d45cd48a3c50a3ced0103ac,19.9785,102.2718,0.0,105.7418,,,0,,,3590
motion,m53,0.5,,0,0,,52.0835,0.0032,,2692,0.0907,7.4514,f50093081eda4b6aac894bf38aea58f64a4102c78d45cd48a3c50a3ced0103ac,16.0005,82.3072,0.0,105.7418,,,0,,,3590
motion,m53,0.7,,0,0,,39.9173,0.0027,,2692,0.0869,7.4514,f50093081eda4b6aac894bf38aea58f64a4102c78d45cd48a3c50a3ced0103ac,11.7026,58.6212,0.0,105.7418,,,0,,,3590
motion,m53,1.0,,0,0,,29.8844,0.0023,,2692,0.0842,7.4514,f50093081eda4b6aac894bf38aea58f64a4102c78d45cd48a3c50a3ced0103ac,8.4014,39.8582,0.0,105.7418,,,0,,,3590
scale,m53,48,0.1451,,,7.4161,360.7523,0.0069,1,1222,0.1453,7.4514,f50093081eda4b6aac894bf38aea58f64a4102c78d45cd48a3c50a3ced0103ac,2005.3735,1529.526,0.0016,48.0002,2020.2611,1641.5046,1,0.0015,48.2005,1630
scale,m53,40,0.039,,,1.273,355.6301,0.007,0,1018,0.144,7.4514,f50093081eda4b6aac894bf38aea58f64a4102c78d45cd48a3c50a3ced0103ac,2609.7042,1533.3695,0.0014,39.987,26.5941,18.6822,1,0.0,52.0506,1358
scale,m53,32,0.1724,,,5.8723,338.7244,0.0071,1,815,0.1413,7.4514,f50093081eda4b6aac894bf38aea58f64a4102c78d45cd48a3c50a3ced0103ac,3193.0483,3193.0483,0.0006,32.0132,3285.426,1795.2869,1,0.0004,39.951,1086
scale,m53,26,0.1669,,,6.1424,801.735,0.0071,1,662,0.1376,7.4514,f50093081eda4b6aac894bf38aea58f64a4102c78d45cd48a3c50a3ced0103ac,3560.0003,943.012,0.0004,26.0034,4115.053,1533.1661,1,0.0003,31.3438,883
scale,m53,22,0.0419,,,1.0252,982.2441,0.0072,0,560,0.1346,7.4514,f50093081eda4b6aac894bf38aea58f64a4102c78d45cd48a3c50a3ced0103ac,3671.3862,580.3238,0.0,21.9968,48.3384,48.3384,1,0.0,31.9024,747
scale,m53,18,0.1342,,,6.87,1210.5986,0.0073,1,458,0.1289,7.4514,f50093081eda4b6aac894bf38aea58f64a4102c78d45cd48a3c50a3ced0103ac,3217.287,284.0295,0.0,17.9902,3156.679,351.9664,1,0.0,19.6276,611
scale,m53,15,0.1365,,,9.7111,1401.7198,0.0071,0,382,0.1214,7.4514,f50093081eda4b6aac894bf38aea58f64a4102c78d45cd48a3c50a3ced0103ac,2872.8015,143.0051,0.0006,15.005,3835.264,88.2987,1,0.0009,11.7931,509
scale,m53,12,,0,0,,1616.4442,0.007,,305,0.1141,7.4514,f50093081eda4b6aac894bf38aea58f64a4102c78d45cd48a3c50a3ced0103ac,2886.8473,70.3263,0.0,11.9804,,,0,,,407
scale,m53,10,0.1953,0,0,5.708,1792.2799,0.0071,0,255,0.1263,7.4514,f50093081eda4b6aac894bf38aea58f64a4102c78d45cd48a3c50a3ced0103ac,2876.6226,41.1556,0.0,10.0164,6465.6227,180.6643,0,0.0,13.1461,340
scale,m53,8,,0,0,,2121.7575,0.0069,,204,0.1126,7.4514,f50093081eda4b6aac894bf38aea58f64a4102c78d45cd48a3c50a3ced0103ac,2009.992,12.5133,0.0,8.0131,,,0,,,272
scale,m53,6,,0,0,,2551.4523,0.0069,,153,0.1233,7.4514,f50093081eda4b6aac894bf38aea58f64a4102c78d45cd48a3c50a3ced0103ac,2276.2134,7.625,0.0,6.0098,,,0,,,204
blur,m54,0.02,0.1934,,,13.4,208.0536,0.0325,1,1260,0.1934,13.3997,68c6fe975d5ff847d7da02127f92b3140eee56b961630dd9e79641a34f9082d2,278.5667,314.4091,0.0378,36.6282,278.5667,314.4091,1,0.0378,36.6279,1680
blur,m54,0.04,0.1846,,,12.5625,51.5119,0.026,1,1260,0.1709,13.3997,68c6fe975d5ff847d7da02127f92b3140eee56b961630dd9e79641a34f9082d2,62.2902,90.1639,0.0146,36.6282,60.5603,112.4237,1,0.0245,39.0698,1680
blur,m54,0.06,0.165,,,12.5625,16.2569,0.0217,1,1260,0.1487,13.3997,68c6fe975d5ff847d7da02127f92b3140eee56b961630dd9e79641a34f9082d2,21.8505,31.5558,0.0042,36.6282,19.8969,37.7268,1,0.0141,39.0698,1680
blur,m54,0.08,0.1487,,,12.5625,6.8152,0.0188,1,1260,0.1295,13.3997,68c6fe975d5ff847d7da02127f92b3140eee56b961630dd9e79641a34f9082d2,9.4031,12.506,0.0,36.6282,8.7188,15.2097,1,0.0066,39.0698,1680
blur,m54,0.1,0.1347,,,12.5625,3.4597,0.0164,1,1260,0.1136,13.3997,68c6fe975d5ff847d7da02127f92b3140eee56b961630dd9e79641a34f9082d2,5.007,5.5334,0.0,36.6282,4.8139,7.0057,1,0.0019,39.0698,1680
blur,m54,0.13,,0,0,,1.6657,0.0137,,1260,0.096,13.3997,68c6fe975d5ff847d7da02127f92b3140eee56b961630dd9e79641a34f9082d2,2.7802,2.0586,0.0,36.6282,,,0,,,1680
blur,m54,0.16,,0,0,,0.9936,0.0119,,1260,0.0842,13.3997,68c6fe975d5ff847d7da02127f92b3140eee56b961630dd9e79641a34f9082d2,2.1149,1.0235,0.0,36.6282,,,0,,,1680
blur,m54,0.2,,0,0,,0.6207,0.0098,,1260,0.0749,13.3997,68c6fe975d5ff847d7da02127f92b3140eee56b961630dd9e79641a34f9082d2,1.8056,0.59,0.0,36.6282,,,0,,,1680
blur,m54,0.25,,0,0,,0.4267,0.0076,,1260,0.0696,13.3997,68c6fe975d5ff847d7da02127f92b3140eee56b961630dd9e79641a34f9082d2,1.7197,0.4289,0.0,36.6282,,,0,,,1680
blur,m54,0.3,,0,0,,0.3398,0.0059,,1260,0.0674,13.3997,68c6fe975d5ff847d7da02127f92b3140eee56b961630dd9e79641a34f9082d2,1.413,0.3495,0.0,36.6282,,,0,,,1680
edge,m54,2.0,0.2191,,,1.915,277.0461,0.0512,1,1260,0.2055,2.0056,68c6fe975d5ff847d7da02127f92b3140eee56b961630dd9e79641a34f9082d2,802.3696,659.5251,0.0635,36.6282,779.4294,780.4559,1,0.0775,39.6155,1038
edge,m54,1.0,0.2051,,,1.0545,272.112,0.0509,1,1260,0.2055,0.9955,68c6fe975d5ff847d7da02127f92b3140eee56b961630dd9e79641a34f9082d2,802.3696,659.5251,0.0635,36.6282,781.9695,615.6898,1,0.0627,36.0,1001
edge,m54,0.5,0.2159,,,0.5171,272.3017,0.0515,1,1260,0.2055,0.504,68c6fe975d5ff847d7da02127f92b3140eee56b961630dd9e79641a34f9082d2,802.3696,659.5251,0.0635,36.6282,760.9199,710.5854,1,0.0724,38.5476,983
edge,m54,0.25,0.2156,,,0.259,270.5171,0.0518,1,1260,0.2055,0.2583,68c6fe975d5ff847d7da02127f92b3140eee56b961630dd9e79641a34f9082d2,802.3696,659.5251,0.0635,36.6282,755.4728,705.2873,1,0.0721,38.4583,974
edge,m54,0.1,0.2159,,,0.1026,270.5646,0.0519,1,1260,0.2061,0.0945,68c6fe975d5ff847d7da02127f92b3140eee56b961630dd9e79641a34f9082d2,812.4519,672.6338,0.0636,36.6282,764.7425,714.6696,1,0.0725,38.5437,968
edge,m54,0.0,0.2162,,,0.0499,270.8568,0.0521,1,1260,0.2064,0.0126,68c6fe975d5ff847d7da02127f92b3140eee56b961630dd9e79641a34f9082d2,817.2542,669.7174,0.0639,36.6282,770.7358,732.9256,1,0.0731,38.7648,965
edge,m54,-0.5,0.2131,0,0,0.2632,269.4019,0.0527,0,1260,0.2064,0.0,68c6fe975d5ff847d7da02127f92b3140eee56b961630dd9e79641a34f9082d2,802.6951,660.1486,0.0644,36.6282,770.2943,717.3082,0,0.0714,38.0,946
edge,m54,-1.0,0.2168,0,0,0.0526,265.8122,0.0531,0,1260,0.2069,0.0,68c6fe975d5ff847d7da02127f92b3140eee56b961630dd9e79641a34f9082d2,806.9527,669.8855,0.0655,36.6282,747.0823,677.5188,0,0.0764,38.0,928
edge,m54,-2.0,0.2067,0,0,0.2775,259.2494,0.0539,0,1260,0.2065,0.0,68c6fe975d5ff847d7da02127f92b3140eee56b961630dd9e79641a34f9082d2,772.4258,632.2233,0.0689,36.6282,761.1082,601.776,0,0.0695,36.0,891
glare,m54,0.3,0.1667,,,13.4,402.0022,0.0414,1,1260,0.1667,13.3997,68c6fe975d5ff847d7da02127f92b3140eee56b961630dd9e79641a34f9082d2,498.2536,407.8499,0.0741,36.6282,498.2536,407.8499,1,0.0741,36.6279,1680
glare,m54,0.5,0.1451,,,13.4,394.7975,0.043,1,1260,0.1451,13.3997,68c6fe975d5ff847d7da02127f92b3140eee56b961630dd9e79641a34f9082d2,341.0424,277.8247,0.087,36.6282,341.0424,277.8247,1,0.087,36.6279,1680
glare,m54,0.7,0.1327,,,12.5625,388.6849,0.0445,1,1260,0.1292,13.3997,68c6fe975d5ff847d7da02127f92b3140eee56b961630dd9e79641a34f9082d2,217.9522,176.8676,0.1088,36.6282,216.0482,203.925,1,0.1489,39.0698,1680
glare,m54,0.85,0.1249,,,12.0827,384.838,0.0455,1,1260,0.1222,13.3997,68c6fe975d5ff847d7da02127f92b3140eee56b961630dd9e79641a34f9082d2,149.7351,120.6751,0.1441,36.6282,156.6279,161.9935,1,0.1981,40.5596,1680
glare,m54,1.0,0.1178,0,0,13.4,381.5965,0.047,0,1260,0.1204,13.3997,68c6fe975d5ff847d7da02127f92b3140eee56b961630dd9e79641a34f9082d2,101.6938,81.1585,0.2729,36.6282,92.7832,74.4376,0,0.3196,36.6279,1680
glare,m54,1.5,0.1596,0,0,1.5662,374.2454,0.0517,0,1260,0.0879,13.3997,68c6fe975d5ff847d7da02127f92b3140eee56b961630dd9e79641a34f9082d2,30.977,23.7869,0.6625,36.6282,403.7728,1430.4519,0,0.0001,170.78,1680
glare,m54,2.5,0.1652,0,0,34.0258,366.0297,0.0569,0,1260,0.0261,13.3997,68c6fe975d5ff847d7da02127f92b3140eee56b961630dd9e79641a34f9082d2,1.4705,0.9309,0.8976,36.6282,2088.3858,124.3628,0,0.4391,15.2768,1680
glare,m54,4.0,0.2319,0,0,21.5556,358.9243,0.0636,0,1260,0.0,13.3997,68c6fe975d5ff847d7da02127f92b3140eee56b961630dd9e79641a34f9082d2,0.0,0.0,1.0,36.6282,2587.4877,463.6813,0,0.4178,21.9767,1680
motion,m54,0.05,0.202,,,13.4,334.3885,0.039,1,1260,0.2022,13.3997,68c6fe975d5ff847d7da02127f92b3140eee56b961630dd9e79641a34f9082d2,547.3675,516.1431,0.0595,36.6282,545.1669,514.6549,1,0.0594,36.6279,1680
motion,m54,0.1,0.2051,,,12.3857,193.7393,0.0351,1,1260,0.1935,13.3997,68c6fe975d5ff847d7da02127f92b3140eee56b961630dd9e79641a34f9082d2,329.2762,332.4364,0.0556,36.6282,320.8022,396.4205,1,0.0644,39.6057,1680
motion,m54,0.15,0.201,,,12.5625,157.2041,0.0337,1,1260,0.189,13.3997,68c6fe975d5ff847d7da02127f92b3140eee56b961630dd9e79641a34f9082d2,289.71,290.712,0.0541,36.6282,280.0192,341.6588,1,0.0615,39.0698,1680
motion,m54,0.2,0.1929,,,12.5625,119.4335,0.0319,1,1260,0.1802,13.3997,68c6fe975d5ff847d7da02127f92b3140eee56b961630dd9e79641a34f9082d2,237.4607,234.1651,0.053,36.6282,226.9898,271.7784,1,0.0592,39.0698,1680
motion,m54,0.3,0.1614,,,14.4286,88.7662,0.0299,1,1260,0.1665,13.3997,68c6fe975d5ff847d7da02127f92b3140eee56b961630dd9e79641a34f9082d2,194.5475,186.9718,0.0525,36.6282,186.9978,155.9284,1,0.0483,34.186,1680
motion,m54,0.4,0.1521,0,0,14.4286,74.4408,0.0284,0,1260,0.1579,13.3997,68c6fe975d5ff847d7da02127f92b3140eee56b961630dd9e79641a34f9082d2,174.8565,166.8591,0.0521,36.6282,168.0946,139.4534,0,0.0494,34.186,1680
motion,m54,0.5,0.0705,0,0,16.2222,68.0275,0.0273,0,1260,0.1538,13.3997,68c6fe975d5ff847d7da02127f92b3140eee56b961630dd9e79641a34f9082d2,166.4707,158.1336,0.0527,36.6282,45.4478,9.7671,0,0.0345,21.9767,1680
motion,m54,0.7,0.1529,0,0,1.4728,57.1263,0.025,0,1260,0.1471,13.3997,68c6fe975d5ff847d7da02127f92b3140eee56b961630dd9e79641a34f9082d2,151.9134,143.5124,0.0516,36.6282,25.7674,436.9826,0,0.0,177.2703,1680
motion,m54,1.0,0.1336,0,0,1.5417,48.6631,0.0226,0,1260,0.1447,13.3997,68c6fe975d5ff847d7da02127f92b3140eee56b961630dd9e79641a34f9082d2,141.964,134.6926,0.0527,36.6282,18.0105,295.6547,0,0.0,168.0,1680
scale,m54,32,0.2012,,,13.4,413.8917,0.0397,1,1101,0.2046,13.3997,68c6fe975d5ff847d7da02127f92b3140eee56b961630dd9e79641a34f9082d2,1076.5439,1076.5439,0.0591,32.0061,1160.9419,1160.9419,1,0.0553,31.9439,1468
scale,m54,26,0.2197,,,11.7806,395.2331,0.0392,1,894,0.205,13.3997,68c6fe975d5ff847d7da02127f92b3140eee56b961630dd9e79641a34f9082d2,1713.0329,540.6119,0.0544,25.9886,1797.2425,820.6941,1,0.0757,29.4773,1193
scale,m54,22,0.2138,,,12.25,792.5689,0.0387,1,757,0.2007,13.3997,68c6fe975d5ff847d7da02127f92b3140eee56b961630dd9e79641a34f9082d2,2469.9258,457.8564,0.0504,22.006,2579.5507,613.2066,1,0.068,23.9683,1009
scale,m54,18,0.2208,,,12.1,954.042,0.0372,1,619,0.2042,13.3997,68c6fe975d5ff847d7da02127f92b3140eee56b961630dd9e79641a34f9082d2,3471.0019,358.1761,0.0579,17.9943,2933.0024,408.6011,1,0.07,19.9677,826
scale,m54,15,0.19,,,14.4286,1083.904,0.0358,1,516,0.2027,13.3997,68c6fe975d5ff847d7da02127f92b3140eee56b961630dd9e79641a34f9082d2,4968.3208,283.3477,0.0606,15.0001,5009.5162,238.5515,1,0.0304,14.0,688
scale,m54,12,0.1377,,,2.94,1235.8323,0.0339,0,413,0.1976,13.3997,68c6fe975d5ff847d7da02127f92b3140eee56b961630dd9e79641a34f9082d2,7558.2757,203.8892,0.0696,12.0059,1159.7382,622.7161,1,0.0,32.4795,550
scale,m54,10,0.1993,,,13.4,1343.4833,0.032,1,344,0.1821,13.3997,68c6fe975d5ff847d7da02127f92b3140eee56b961630dd9e79641a34f9082d2,10334.6243,171.989,0.0051,10.0001,9527.4203,126.0364,1,0.0712,10.0,459
scale,m54,8,0.1536,0,0,1.6471,1486.9656,0.0296,0,275,0.179,13.3997,68c6fe975d5ff847d7da02127f92b3140eee56b961630dd9e79641a34f9082d2,13360.1522,75.5779,0.0047,7.9942,3396.1837,1319.6593,0,0.0,33.8768,367
scale,m54,6,,0,0,,1669.0141,0.0255,,206,0.1791,13.3997,68c6fe975d5ff847d7da02127f92b3140eee56b961630dd9e79641a34f9082d2,14516.8003,40.5062,0.0285,5.9884,,,0,,,275
blur,m55,0.02,0.0662,,,1.1,22.2692,0.0,1,2552,0.0655,1.2151,7bfeb36638b5b39997b6ca7d1eef6fa21bcfd0c3f4637b97251d62ae899b4b2e,1.9539,60.4013,0.0,144.0094,1.9237,71.6915,1,0.0,159.5,3840
blur,m55,0.04,0.0556,,,1.0374,3.7619,0.0,1,2552,0.0593,1.2151,7bfeb36638b5b39997b6ca7d1eef6fa21bcfd0c3f4637b97251d62ae899b4b2e,1.378,8.2759,0.0,144.0094,1.3294,11.6229,1,0.0,165.9993,3840
blur,m55,0.06,0.0496,,,1.2153,1.132,0.0,1,2552,0.0548,1.2151,7bfeb36638b5b39997b6ca7d1eef6fa21bcfd0c3f4637b97251d62ae899b4b2e,1.2647,2.1785,0.0,144.0094,1.25,2.108,1,0.0,144.0,3840
blur,m55,0.08,,0,0,,0.5123,0.0,,2552,0.0512,1.2151,7bfeb36638b5b39997b6ca7d1eef6fa21bcfd0c3f4637b97251d62ae899b4b2e,1.1434,0.8537,0.0,144.0094,,,0,,,3840
blur,m55,0.1,,0,0,,0.2984,0.0,,2552,0.0479,1.2151,7bfeb36638b5b39997b6ca7d1eef6fa21bcfd0c3f4637b97251d62ae899b4b2e,1.0194,0.4377,0.0,144.0094,,,0,,,3840
blur,m55,0.13,,0,0,,0.1831,0.0,,2552,0.0439,1.2151,7bfeb36638b5b39997b6ca7d1eef6fa21bcfd0c3f4637b97251d62ae899b4b2e,0.8815,0.2248,0.0,144.0094,,,0,,,3840
blur,m55,0.16,,0,0,,0.1383,0.0,,2552,0.0406,1.2151,7bfeb36638b5b39997b6ca7d1eef6fa21bcfd0c3f4637b97251d62ae899b4b2e,0.7895,0.1521,0.0,144.0094,,,0,,,3840
blur,m55,0.2,,0,0,,0.1142,0.0,,2552,0.037,1.2151,7bfeb36638b5b39997b6ca7d1eef6fa21bcfd0c3f4637b97251d62ae899b4b2e,0.7156,0.1326,0.0,144.0094,,,0,,,3840
blur,m55,0.25,,0,0,,0.1021,0.0,,2552,0.0337,1.2151,7bfeb36638b5b39997b6ca7d1eef6fa21bcfd0c3f4637b97251d62ae899b4b2e,0.6075,0.1456,0.0,144.0094,,,0,,,3840
blur,m55,0.3,,0,0,,0.0974,0.0,,2552,0.031,1.2151,7bfeb36638b5b39997b6ca7d1eef6fa21bcfd0c3f4637b97251d62ae899b4b2e,0.512,0.1424,0.0,144.0094,,,0,,,3840
edge,m55,2.0,0.0698,,,1.536,86.7526,0.0,1,2552,0.0739,1.2151,7bfeb36638b5b39997b6ca7d1eef6fa21bcfd0c3f4637b97251d62ae899b4b2e,90.5726,243.4395,0.0,144.0094,95.6088,221.1894,1,0.0,120.433,3280
edge,m55,1.0,0.0713,,,1.2342,84.496,0.0,1,2552,0.0739,0.9998,7bfeb36638b5b39997b6ca7d1eef6fa21bcfd0c3f4637b97251d62ae899b4b2e,90.5726,243.4395,0.0,144.0094,93.7963,223.77,1,0.0,125.3792,3136
edge,m55,0.5,0.0536,,,0.7335,82.5603,0.0,1,2552,0.0739,0.4999,7bfeb36638b5b39997b6ca7d1eef6fa21bcfd0c3f4637b97251d62ae899b4b2e,90.5726,243.4395,0.0,144.0094,83.7552,143.9581,1,0.0,114.8393,3064
edge,m55,0.25,0.0668,,,0.3572,81.656,0.0,1,2552,0.0739,0.2499,7bfeb36638b5b39997b6ca7d1eef6fa21bcfd0c3f4637b97251d62ae899b4b2e,90.5726,243.4395,0.0,144.0094,94.0807,219.3377,1,0.0,123.2,3028
edge,m55,0.1,0.0664,,,0.2434,81.3539,0.0,1,2552,0.0741,0.0971,7bfeb36638b5b39997b6ca7d1eef6fa21bcfd0c3f4637b97251d62ae899b4b2e,91.1832,249.0329,0.0,144.0094,94.1161,228.045,1,0.0,124.6804,3006
edge,m55,0.0,0.0706,,,0.175,80.7951,0.0,1,2552,0.0748,0.0,7bfeb36638b5b39997b6ca7d1eef6fa21bcfd0c3f4637b97251d62ae899b4b2e,91.9586,254.9514,0.0,144.0094,95.5302,227.703,1,0.0,123.3118,2992
edge,m55,-0.5,0.0704,0,0,0.0302,78.4183,0.0,0,2552,0.0778,0.0,7bfeb36638b5b39997b6ca7d1eef6fa21bcfd0c3f4637b97251d62ae899b4b2e,95.9487,279.8683,0.0,144.0094,99.9155,251.8239,0,0.0,123.3289,2920
edge,m55,-1.0,0.0723,0,0,0.0303,75.0746,0.0,0,2552,0.0816,0.0,7bfeb36638b5b39997b6ca7d1eef6fa21bcfd0c3f4637b97251d62ae899b4b2e,100.9399,307.9438,0.0,144.0094,105.5964,276.9871,0,0.0,123.1034,2848
edge,m55,-2.0,0.1063,0,0,0.0307,65.2451,0.0,0,2552,0.0915,0.0,7bfeb36638b5b39997b6ca7d1eef6fa21bcfd0c3f4637b97251d62ae899b4b2e,114.5458,369.0738,0.0,144.0094,215.5575,619.8498,0,0.0,112.6645,2704
glare,m55,0.3,0.084,,,1.0937,92.5217,0.0,1,2552,0.0831,1.2151,7bfeb36638b5b39997b6ca7d1eef6fa21bcfd0c3f4637b97251d62ae899b4b2e,61.1025,161.2961,0.0,144.0094,59.1401,167.9855,1,0.0,160.0,3840
glare,m55,0.5,0.0935,,,1.0023,90.7026,0.0,1,2552,0.0987,1.2151,7bfeb36638b5b39997b6ca7d1eef6fa21bcfd0c3f4637b97251d62ae899b4b2e,44.643,117.1137,0.0,144.0094,40.5027,116.0983,1,0.0,169.8765,3840
glare,m55,0.7,0.1131,,,1.2359,89.118,0.0,1,2552,0.1187,1.2151,7bfeb36638b5b39997b6ca7d1eef6fa21bcfd0c3f4637b97251d62ae899b4b2e,31.3858,81.5863,0.0,144.0094,29.299,75.2136,1,0.0,147.0131,3840
glare,m55,0.85,0.0967,,,1.758,88.0604,0.0,1,2552,0.1357,1.2151,7bfeb36638b5b39997b6ca7d1eef6fa21bcfd0c3f4637b97251d62ae899b4b2e,23.6142,60.873,0.0,144.0094,13.7954,17.36,1,0.0,110.0543,3840
glare,m55,1.0,0.153,0,0,5.1444,87.1096,0.0011,0,2552,0.1533,1.2151,7bfeb36638b5b39997b6ca7d1eef6fa21bcfd0c3f4637b97251d62ae899b4b2e,17.636,44.9831,0.0729,144.0094,262.6682,1793.1558,0,0.0,189.8643,3840
glare,m55,1.5,0.153,0,0,5.1444,84.6496,0.0136,0,2552,0.133,1.2151,7bfeb36638b5b39997b6ca7d1eef6fa21bcfd0c3f4637b97251d62ae899b4b2e,7.1259,16.8214,0.5625,144.0094,262.6682,1793.1558,0,0.0,189.8643,3840
glare,m55,2.5,0.153,0,0,5.1444,81.5738,0.0278,0,2552,0.0532,1.2151,7bfeb36638b5b39997b6ca7d1eef6fa21bcfd0c3f4637b97251d62ae899b4b2e,1.0243,1.9762,0.8482,144.0094,262.6682,1793.1558,0,0.0,189.8643,3840
glare,m55,4.0,0.153,0,0,5.1444,79.049,0.0388,0,2552,0.0,1.2151,7bfeb36638b5b39997b6ca7d1eef6fa21bcfd0c3f4637b97251d62ae899b4b2e,0.0,0.0,1.0,144.0094,262.6682,1793.1558,0,0.0,189.8643,3840
motion,m55,0.05,0.0692,,,1.2153,57.7622,0.0,1,2552,0.0692,1.2151,7bfeb36638b5b39997b6ca7d1eef6fa21bcfd0c3f4637b97251d62ae899b4b2e,12.9739,142.4013,0.0,144.0094,12.9739,142.4013,1,0.0,144.0,3840
motion,m55,0.1,0.0429,,,1.8051,31.1604,0.0,1,2552,0.0648,1.2151,7bfeb36638b5b39997b6ca7d1eef6fa21bcfd0c3f4637b97251d62ae899b4b2e,7.3187,57.42,0.0,144.0094,7.859,35.1114,1,0.0,107.8045,3840
motion,m55,0.15,0.0623,,,1.0637,21.8651,0.0,1,2552,0.0611,1.2151,7bfeb36638b5b39997b6ca7d1eef6fa21bcfd0c3f4637b97251d62ae899b4b2e,5.3104,35.5031,0.0,144.0094,5.1466,40.2678,1,0.0,163.2019,3840
motion,m55,0.2,0.0379,,,1.6271,18.317,0.0,1,2552,0.0583,1.2151,7bfeb36638b5b39997b6ca7d1eef6fa21bcfd0c3f4637b97251d62ae899b4b2e,4.3815,25.2841,0.0,144.0094,4.5975,19.0165,1,0.0,118.1363,3840
motion,m55,0.3,0.0606,0,0,5.2672,14.5008,0.0,0,2552,0.054,1.2151,7bfeb36638b5b39997b6ca7d1eef6fa21bcfd0c3f4637b97251d62ae899b4b2e,3.444,17.3267,0.0,144.0094,7.1292,32.6295,0,0.0,95.4179,3840
motion,m55,0.4,,0,0,,12.2231,0.0,,2552,0.0503,1.2151,7bfeb36638b5b39997b6ca7d1eef6fa21bcfd0c3f4637b97251d62ae899b4b2e,2.8469,12.8239,0.0,144.0094,,,0,,,3840
motion,m55,0.5,0.0406,0,0,9.728,10.7448,0.0,0,2552,0.0478,1.2151,7bfeb36638b5b39997b6ca7d1eef6fa21bcfd0c3f4637b97251d62ae899b4b2e,2.525,11.0611,0.0,144.0094,6.9746,25.1241,0,0.0,77.8533,3840
motion,m55,0.7,,0,0,,8.5485,0.0,,2552,0.0442,1.2151,7bfeb36638b5b39997b6ca7d1eef6fa21bcfd0c3f4637b97251d62ae899b4b2e,2.214,8.7681,0.0,144.0094,,,0,,,3840
motion,m55,1.0,,0,0,,6.3677,0.0,,2552,0.0424,1.2151,7bfeb36638b5b39997b6ca7d1eef6fa21bcfd0c3f4637b97251d62ae899b4b2e,1.9087,6.9796,0.0,144.0094,,,0,,,3840
scale,m55,48,0.0689,,,1.3792,94.451,0.0,1,851,0.0729,1.2151,7bfeb36638b5b39997b6ca7d1eef6fa21bcfd0c3f4637b97251d62ae899b4b2e,243.4607,244.9144,0.0,48.0219,256.1618,229.0385,1,0.0,43.0537,1280
scale,m55,40,0.052,,,1.6402,91.9276,0.0,1,709,0.0726,1.2151,7bfeb36638b5b39997b6ca7d1eef6fa21bcfd0c3f4637b97251d62ae899b4b2e,330.0354,237.2536,0.0,40.0089,280.357,143.1075,1,0.0,32.6609,1067
scale,m55,32,0.0626,,,1.5762,223.8566,0.0,1,567,0.0719,1.2151,7bfeb36638b5b39997b6ca7d1eef6fa21bcfd0c3f4637b97251d62ae899b4b2e,459.905,459.905,0.0,31.9958,502.7808,157.1752,1,0.0,26.7345,853
scale,m55,26,0.0625,,,1.5217,299.8591,0.0,1,461,0.0707,1.2151,7bfeb36638b5b39997b6ca7d1eef6fa21bcfd0c3f4637b97251d62ae899b4b2e,585.5876,155.2682,0.0,26.0142,619.0876,107.4007,1,0.0,22.2104,693
scale,m55,22,0.0675,,,1.2929,368.8961,0.0,1,390,0.0705,1.2151,7bfeb36638b5b39997b6ca7d1eef6fa21bcfd0c3f4637b97251d62ae899b4b2e,652.9412,108.9317,0.0,22.0077,643.7213,93.6849,1,0.0,21.1952,587
scale,m55,18,0.0689,,,1.375,451.9533,0.0,1,319,0.0673,1.2151,7bfeb36638b5b39997b6ca7d1eef6fa21bcfd0c3f4637b97251d62ae899b4b2e,659.5603,57.8441,0.0,18.0012,744.0828,38.688,1,0.0,15.95,480
scale,m55,15,0.0633,,,1.125,520.3955,0.0,1,266,0.0664,1.2151,7bfeb36638b5b39997b6ca7d1eef6fa21bcfd0c3f4637b97251d62ae899b4b2e,633.0413,32.2846,0.0,15.0104,592.2005,27.0747,1,0.0,16.0,400
scale,m55,12,0.067,,,0.75,586.0654,0.0,0,213,0.067,1.2151,7bfeb36638b5b39997b6ca7d1eef6fa21bcfd0c3f4637b97251d62ae899b4b2e,747.1311,19.2829,0.0,12.0196,735.2199,36.8686,1,0.0,15.9252,320
scale,m55,10,0.0671,0,0,3.4,653.6912,0.0,0,177,0.065,1.2151,7bfeb36638b5b39997b6ca7d1eef6fa21bcfd0c3f4637b97251d62ae899b4b2e,752.9952,10.704,0.0,9.9881,2148.1428,25.9427,0,0.0,9.9438,267
scale,m55,8,,0,0,,752.6482,0.0,,142,0.064,1.2151,7bfeb36638b5b39997b6ca7d1eef6fa21bcfd0c3f4637b97251d62ae899b4b2e,851.7786,4.5423,0.0,8.0131,,,0,,,213
scale,m55,6,,0,0,,888.8028,0.0,,106,0.0613,1.2151,7bfeb36638b5b39997b6ca7d1eef6fa21bcfd0c3f4637b97251d62ae899b4b2e,960.8606,2.613,0.0,5.9816,,,0,,,160
blur,m56,0.02,0.1153,,,6.8649,33.3892,0.0013,1,1944,0.1153,6.8647,018701e5b75f5c6888ea5e08bc51926abce9df70b4ca84eb187bfb386680dbaf,8.3467,72.8728,0.0,64.2103,8.3046,72.4149,1,0.0,64.2093,2592
blur,m56,0.04,0.1126,,,5.6505,12.0606,0.0009,1,1944,0.1062,6.8647,018701e5b75f5c6888ea5e08bc51926abce9df70b4ca84eb187bfb386680dbaf,3.5447,25.6107,0.0,64.2103,3.2976,43.4746,1,0.0,76.6016,2592
blur,m56,0.06,0.1048,,,5.6449,4.4378,0.0005,1,1944,0.0974,6.8647,018701e5b75f5c6888ea5e08bc51926abce9df70b4ca84eb187bfb386680dbaf,2.1391,8.8622,0.0,64.2103,2.0078,15.3364,1,0.0,76.6714,2592
blur,m56,0.08,0.098,,,5.6974,1.9101,0.0003,1,1944,0.0903,6.8647,018701e5b75f5c6888ea5e08bc51926abce9df70b4ca84eb187bfb386680dbaf,1.7179,3.469,0.0,64.2103,1.6456,5.9991,1,0.0,76.0,2592
blur,m56,0.1,0.1166,,,4.037,0.9761,0.0002,0,1944,0.0848,6.8647,018701e5b75f5c6888ea5e08bc51926abce9df70b4ca84eb187bfb386680dbaf,1.6101,1.5339,0.0,64.2103,1.5747,9.3775,1,0.0,101.7209,2592
blur,m56,0.13,0.0707,0,0,6.0526,0.4694,0.0,0,1944,0.0785,6.8647,018701e5b75f5c6888ea5e08bc51926abce9df70b4ca84eb187bfb386680dbaf,1.6013,0.6054,0.0,64.2103,1.6427,1.0321,0,0.0,71.5814,2592
blur,m56,0.16,,0,0,,0.2918,0.0,,1944,0.0739,6.8647,018701e5b75f5c6888ea5e08bc51926abce9df70b4ca84eb187bfb386680dbaf,1.6139,0.3323,0.0,64.2103,,,0,,,2592
blur,m56,0.2,,0,0,,0.2022,0.0,,1944,0.0697,6.8647,018701e5b75f5c6888ea5e08bc51926abce9df70b4ca84eb187bfb386680dbaf,1.5306,0.2085,0.0,64.2103,,,0,,,2592
blur,m56,0.25,,0,0,,0.1588,0.0,,1944,0.0669,6.8647,018701e5b75f5c6888ea5e08bc51926abce9df70b4ca84eb187bfb386680dbaf,1.424,0.1617,0.0,64.2103,,,0,,,2592
blur,m56,0.3,,0,0,,0.1398,0.0,,1944,0.0658,6.8647,018701e5b75f5c6888ea5e08bc51926abce9df70b4ca84eb187bfb386680dbaf,1.301,0.1301,0.0,64.2103,,,0,,,2592
edge,m56,2.0,0.1294,,,1.8756,42.872,0.0027,1,1944,0.1203,2.0051,018701e5b75f5c6888ea5e08bc51926abce9df70b4ca84eb187bfb386680dbaf,45.3992,137.8426,0.0,64.2103,48.4649,204.1124,1,0.0,73.2,1696
edge,m56,1.0,0.1203,,,1.0386,42.665,0.0028,1,1944,0.1203,0.9928,018701e5b75f5c6888ea5e08bc51926abce9df70b4ca84eb187bfb386680dbaf,45.3992,137.8426,0.0,64.2103,45.0043,148.3263,1,0.0,65.2093,1631
edge,m56,0.5,0.1203,,,0.5622,42.1411,0.0029,1,1944,0.1203,0.4944,018701e5b75f5c6888ea5e08bc51926abce9df70b4ca84eb187bfb386680dbaf,45.3992,137.8426,0.0,64.2103,45.0267,148.1194,1,0.0,65.2093,1599
edge,m56,0.25,0.1203,,,0.3029,41.8118,0.0029,1,1944,0.1203,0.2452,018701e5b75f5c6888ea5e08bc51926abce9df70b4ca84eb187bfb386680dbaf,45.3992,137.8426,0.0,64.2103,45.1803,149.2137,1,0.0,65.2093,1583
edge,m56,0.1,0.1205,,,0.1733,41.6435,0.0029,1,1944,0.1206,0.1051,018701e5b75f5c6888ea5e08bc51926abce9df70b4ca84eb187bfb386680dbaf,45.9591,140.4392,0.0,64.2103,45.4924,150.445,1,0.0,65.2093,1574
edge,m56,0.0,0.1208,,,0.0866,41.5857,0.0029,1,1944,0.121,0.0,018701e5b75f5c6888ea5e08bc51926abce9df70b4ca84eb187bfb386680dbaf,46.3993,141.3944,0.0,64.2103,45.8591,151.7306,1,0.0,65.2093,1567
edge,m56,-0.5,0.1214,,,0.3462,41.0062,0.003,1,1944,0.1216,0.0,018701e5b75f5c6888ea5e08bc51926abce9df70b4ca84eb187bfb386680dbaf,48.1433,147.5949,0.0,64.2103,47.7556,159.1109,1,0.0,65.2093,1535
edge,m56,-1.0,0.1234,,,0.0453,40.5038,0.003,1,1944,0.1229,0.0,018701e5b75f5c6888ea5e08bc51926abce9df70b4ca84eb187bfb386680dbaf,49.0847,151.1963,0.0,64.2103,49.7627,149.9543,1,0.0,62.2093,1503
edge,m56,-2.0,0.1149,0,0,0.0433,38.9025,0.0028,0,1944,0.115,0.0,018701e5b75f5c6888ea5e08bc51926abce9df70b4ca84eb187bfb386680dbaf,47.4788,144.8065,0.0,64.2103,46.9098,154.6903,0,0.0,65.2093,1439
glare,m56,0.3,0.0945,,,6.8649,56.1756,0.0018,0,1944,0.0946,6.8647,018701e5b75f5c6888ea5e08bc51926abce9df70b4ca84eb187bfb386680dbaf,28.7906,81.8137,0.0,64.2103,28.672,81.3284,1,0.0,64.2093,2592
glare,m56,0.5,0.0813,,,6.8649,54.0269,0.0018,0,1944,0.0814,6.8647,018701e5b75f5c6888ea5e08bc51926abce9df70b4ca84eb187bfb386680dbaf,19.4008,52.8855,0.0,64.2103,19.3366,52.5839,1,0.0,64.2093,2592
glare,m56,0.7,0.0732,,,6.8649,52.1925,0.0018,0,1944,0.0734,6.8647,018701e5b75f5c6888ea5e08bc51926abce9df70b4ca84eb187bfb386680dbaf,12.3165,31.1062,0.0,64.2103,12.2899,30.9422,1,0.0,64.2093,2592
glare,m56,0.85,0.0817,,,6.5116,51.014,0.0018,0,1944,0.0719,6.8647,018701e5b75f5c6888ea5e08bc51926abce9df70b4ca84eb187bfb386680dbaf,8.358,19.2736,0.0,64.2103,6.7812,16.9457,1,0.0,67.4329,2592
glare,m56,1.0,,0,0,,50.015,0.0056,,1944,0.0747,6.8647,018701e5b75f5c6888ea5e08bc51926abce9df70b4ca84eb187bfb386680dbaf,5.4823,11.3945,0.2452,64.2103,,,0,,,2592
glare,m56,1.5,,0,0,,47.5249,0.0247,,1944,0.0519,6.8647,018701e5b75f5c6888ea5e08bc51926abce9df70b4ca84eb187bfb386680dbaf,1.391,1.6737,0.6485,64.2103,,,0,,,2592
glare,m56,2.5,0.1556,0,0,6.4545,44.5362,0.049,0,1944,0.0113,6.8647,018701e5b75f5c6888ea5e08bc51926abce9df70b4ca84eb187bfb386680dbaf,0.1431,0.0209,0.9367,64.2103,54.5668,663.5284,0,0.0,118.8,2592
glare,m56,4.0,0.0927,0,0,9.3774,42.0238,0.0712,0,1944,0.0,6.8647,018701e5b75f5c6888ea5e08bc51926abce9df70b4ca84eb187bfb386680dbaf,0.0,0.0,1.0,64.2103,25.1764,95.4801,0,0.054,79.2718,2592
motion,m56,0.05,0.119,,,6.8649,51.4142,0.0016,1,1944,0.119,6.8647,018701e5b75f5c6888ea5e08bc51926abce9df70b4ca84eb187bfb386680dbaf,23.7171,115.9239,0.0,64.2103,23.7171,115.9239,1,0.0,64.2093,2592
motion,m56,0.1,0.1158,,,6.8649,35.8663,0.0014,1,1944,0.1158,6.8647,018701e5b75f5c6888ea5e08bc51926abce9df70b4ca84eb187bfb386680dbaf,14.8686,82.3042,0.0,64.2103,14.8686,82.3042,1,0.0,64.2093,2592
motion,m56,0.15,0.1166,,,6.0139,23.1934,0.0012,1,1944,0.1105,6.8647,018701e5b75f5c6888ea5e08bc51926abce9df70b4ca84eb187bfb386680dbaf,10.2576,55.1285,0.0,64.2103,9.7115,76.2324,1,0.0,72.0,2592
motion,m56,0.2,0.1091,,,6.4265,18.255,0.001,1,1944,0.1066,6.8647,018701e5b75f5c6888ea5e08bc51926abce9df70b4ca84eb187bfb386680dbaf,8.4849,43.9267,0.0,64.2103,8.2137,52.864,1,0.0,68.0,2592
motion,m56,0.3,0.1026,,,6.4265,13.3526,0.0009,1,1944,0.0996,6.8647,018701e5b75f5c6888ea5e08bc51926abce9df70b4ca84eb187bfb386680dbaf,6.6614,32.5079,0.0,64.2103,6.4473,39.2778,1,0.0,68.0,2592
motion,m56,0.4,0.0966,,,6.4265,10.6181,0.0008,1,1944,0.0932,6.8647,018701e5b75f5c6888ea5e08bc51926abce9df70b4ca84eb187bfb386680dbaf,5.4459,25.2104,0.0,64.2103,5.2697,30.5348,1,0.0,68.0,2592
motion,m56,0.5,0.0924,,,6.4265,9.2492,0.0008,0,1944,0.089,6.8647,018701e5b75f5c6888ea5e08bc51926abce9df70b4ca84eb187bfb386680dbaf,4.822,21.4882,0.0,64.2103,4.6849,26.2169,1,0.0,68.0,2592
motion,m56,0.7,0.08,0,0,5.5219,7.5327,0.0007,0,1944,0.0827,6.8647,018701e5b75f5c6888ea5e08bc51926abce9df70b4ca84eb187bfb386680dbaf,3.9043,16.6228,0.0,64.2103,3.5858,31.6998,0,0.0,79.1395,2592
motion,m56,1.0,0.0836,0,0,4.8696,6.2473,0.0005,0,1944,0.0791,6.8647,018701e5b75f5c6888ea5e08bc51926abce9df70b4ca84eb187bfb386680dbaf,3.335,13.5104,0.0,64.2103,3.6764,41.6961,0,0.0,86.6512,2592
scale,m56,48,0.1219,,,6.3927,60.8385,0.0017,1,1453,0.1206,6.8647,018701e5b75f5c6888ea5e08bc51926abce9df70b4ca84eb187bfb386680dbaf,80.9676,141.4997,0.0,47.9926,79.8832,166.9037,1,0.0,51.0966,1938
scale,m56,40,0.12,,,6.8385,61.2944,0.0017,1,1211,0.12,6.8647,018701e5b75f5c6888ea5e08bc51926abce9df70b4ca84eb187bfb386680dbaf,119.7259,140.5486,0.0,39.9993,119.157,140.8853,1,0.0,40.1529,1615
scale,m56,32,0.1219,,,6.6972,60.383,0.0017,0,969,0.12,6.8647,018701e5b75f5c6888ea5e08bc51926abce9df70b4ca84eb187bfb386680dbaf,207.3395,207.3395,0.0,32.0061,208.8168,147.2115,1,0.0,32.7566,1292
scale,m56,26,0.1351,,,4.8412,59.1388,0.0016,1,787,0.1201,6.8647,018701e5b75f5c6888ea5e08bc51926abce9df70b4ca84eb187bfb386680dbaf,362.5661,120.167,0.0,25.9946,349.7761,285.1363,1,0.0,35.2219,1050
scale,m56,22,0.1234,,,6.8182,133.7438,0.0016,1,666,0.1196,6.8647,018701e5b75f5c6888ea5e08bc51926abce9df70b4ca84eb187bfb386680dbaf,570.1496,105.1311,0.0,21.998,596.5886,114.5706,1,0.0,22.0,888
scale,m56,18,0.1195,,,13.1429,206.9683,0.0015,0,545,0.12,6.8647,018701e5b75f5c6888ea5e08bc51926abce9df70b4ca84eb187bfb386680dbaf,982.8305,99.6907,0.0,18.0013,1377.3014,65.4369,1,0.0,13.9744,727
scale,m56,15,0.132,,,5.5556,298.1225,0.0015,1,454,0.1192,6.8647,018701e5b75f5c6888ea5e08bc51926abce9df70b4ca84eb187bfb386680dbaf,1493.0147,77.7961,0.0,14.9956,1432.6131,135.6913,1,0.0,18.0,606
scale,m56,12,0.119,,,6.8333,433.5009,0.0014,1,363,0.119,6.8647,018701e5b75f5c6888ea5e08bc51926abce9df70b4ca84eb187bfb386680dbaf,2436.7323,59.5763,0.0,11.9899,2436.3481,59.081,1,0.0,11.967,484
scale,m56,10,0.1186,,,5.6667,543.4623,0.0013,1,303,0.1166,6.8647,018701e5b75f5c6888ea5e08bc51926abce9df70b4ca84eb187bfb386680dbaf,3145.6378,42.0933,0.0,10.0081,2513.7686,60.9834,1,0.0,11.9605,404
scale,m56,8,0.1336,,,4.3333,671.9856,0.0011,1,242,0.1124,6.8647,018701e5b75f5c6888ea5e08bc51926abce9df70b4ca84eb187bfb386680dbaf,3995.7108,19.0288,0.0,7.9933,2894.9037,70.0762,1,0.0,12.0,323
scale,m56,6,0.1231,0,0,6.6667,792.2156,0.0008,0,182,0.106,6.8647,018701e5b75f5c6888ea5e08bc51926abce9df70b4ca84eb187bfb386680dbaf,4827.1126,10.7062,0.0,6.0115,4758.4666,12.1341,0,0.0,6.0,242
blur,m57,0.02,0.1511,,,9.7296,36.4654,0.0,0,1356,0.1089,12.6031,a64d6c4a6f2e9da8afc6d437f7495b96b7a65518e92a79e9631c04d08b67104c,108.6083,226.1338,0.0,42.5242,106.9128,374.6114,1,0.0,50.528,1292
blur,m57,0.04,0.1309,,,10.3028,8.6973,0.0,0,1356,0.088,12.6031,a64d6c4a6f2e9da8afc6d437f7495b96b7a65518e92a79e9631c04d08b67104c,23.9047,57.2339,0.0,42.5242,23.8049,86.2187,1,0.0,47.7394,1292
blur,m57,0.06,0.1287,,,9.4586,2.8738,0.0,0,1356,0.0707,12.6031,a64d6c4a6f2e9da8afc6d437f7495b96b7a65518e92a79e9631c04d08b67104c,6.9215,15.0295,0.0,42.5242,6.6485,29.9403,1,0.0,51.9499,1292
blur,m57,0.08,0.1209,,,9.4913,1.4089,0.0,0,1356,0.0576,12.6031,a64d6c4a6f2e9da8afc6d437f7495b96b7a65518e92a79e9631c04d08b67104c,3.2509,5.0542,0.0,42.5242,3.2147,10.1978,1,0.0,51.573,1292
blur,m57,0.1,0.098,,,9.9357,0.8739,0.0,0,1356,0.0483,12.6031,a64d6c4a6f2e9da8afc6d437f7495b96b7a65518e92a79e9631c04d08b67104c,2.1856,1.9005,0.0,42.5242,2.3208,3.6636,1,0.0,49.3042,1292
blur,m57,0.13,,0,0,,0.5401,0.0,,1356,0.0391,12.6031,a64d6c4a6f2e9da8afc6d437f7495b96b7a65518e92a79e9631c04d08b67104c,1.7862,0.65,0.0,42.5242,,,0,,,1292
blur,m57,0.16,,0,0,,0.3914,0.0,,1356,0.033,12.6031,a64d6c4a6f2e9da8afc6d437f7495b96b7a65518e92a79e9631c04d08b67104c,1.7528,0.4026,0.0,42.5242,,,0,,,1292
blur,m57,0.2,,0,0,,0.3031,0.0,,1356,0.0274,12.6031,a64d6c4a6f2e9da8afc6d437f7495b96b7a65518e92a79e9631c04d08b67104c,1.6943,0.3008,0.0,42.5242,,,0,,,1292
blur,m57,0.25,,0,0,,0.2579,0.0,,1356,0.0231,12.6031,a64d6c4a6f2e9da8afc6d437f7495b96b7a65518e92a79e9631c04d08b67104c,1.5017,0.2714,0.0,42.5242,,,0,,,1292
blur,m57,0.3,,0,0,,0.2359,0.0,,1356,0.0207,12.6031,a64d6c4a6f2e9da8afc6d437f7495b96b7a65518e92a79e9631c04d08b67104c,1.3221,0.2583,0.0,42.5242,,,0,,,1292
edge,m57,2.0,0.1557,,,1.848,99.2918,0.0001,0,1356,0.1209,1.9973,a64d6c4a6f2e9da8afc6d437f7495b96b7a65518e92a79e9631c04d08b67104c,279.7141,432.9524,0.0,42.5242,273.4058,630.4726,1,0.0,48.5247,841
edge,m57,1.0,0.1557,,,0.9822,99.2009,0.0001,0,1356,0.1209,1.0097,a64d6c4a6f2e9da8afc6d437f7495b96b7a65518e92a79e9631c04d08b67104c,279.7141,432.9524,0.0,42.5242,273.4058,630.4726,1,0.0,48.5832,799
edge,m57,0.5,0.1579,,,0.5286,98.157,0.0001,0,1356,0.1209,0.4923,a64d6c4a6f2e9da8afc6d437f7495b96b7a65518e92a79e9631c04d08b67104c,279.7141,432.9524,0.0,42.5242,272.8529,617.6639,1,0.0,48.6814,777
edge,m57,0.25,0.1579,,,0.3218,97.9664,0.0001,0,1356,0.1209,0.2571,a64d6c4a6f2e9da8afc6d437f7495b96b7a65518e92a79e9631c04d08b67104c,279.7141,432.9524,0.0,42.5242,272.8529,636.1807,1,0.0,48.8874,767
edge,m57,0.1,0.1556,,,0.1598,97.4915,0.0001,0,1356,0.1227,0.0925,a64d6c4a6f2e9da8afc6d437f7495b96b7a65518e92a79e9631c04d08b67104c,290.8686,455.0423,0.0,42.5242,274.9952,637.2777,1,0.0,48.6383,760
edge,m57,0.0,0.1556,,,0.078,97.1969,0.0001,0,1356,0.1238,0.0,a64d6c4a6f2e9da8afc6d437f7495b96b7a65518e92a79e9631c04d08b67104c,297.5153,465.4304,0.0,42.5242,278.5288,641.7577,1,0.0,48.5201,756
edge,m57,-0.5,0.1116,0,0,3.204,94.6321,0.0001,0,1356,0.1231,0.0,a64d6c4a6f2e9da8afc6d437f7495b96b7a65518e92a79e9631c04d08b67104c,280.0346,426.4083,0.0,42.5242,301.5525,503.0518,0,0.0,48.0,735
edge,m57,-1.0,0.1207,0,0,1.4515,91.9071,0.0001,0,1356,0.1231,0.0,a64d6c4a6f2e9da8afc6d437f7495b96b7a65518e92a79e9631c04d08b67104c,279.0351,427.2872,0.0,42.5242,323.2997,567.8254,0,0.0,49.4989,714
edge,m57,-2.0,0.1116,0,0,1.8722,84.6575,0.0001,0,1356,0.1114,0.0,a64d6c4a6f2e9da8afc6d437f7495b96b7a65518e92a79e9631c04d08b67104c,207.1645,319.7387,0.0,42.5242,301.5525,503.0518,0,0.0,48.0,671
glare,m57,0.3,0.1534,,,10.369,72.2173,0.0001,0,1356,0.0959,12.6031,a64d6c4a6f2e9da8afc6d437f7495b96b7a65518e92a79e9631c04d08b67104c,174.6115,266.8486,0.0,42.5242,220.5844,463.3804,1,0.0,47.4372,1292
glare,m57,0.5,0.1581,,,10.2738,70.5151,0.0001,0,1356,0.0873,12.6031,a64d6c4a6f2e9da8afc6d437f7495b96b7a65518e92a79e9631c04d08b67104c,118.7684,180.0096,0.0,42.5242,188.5892,410.1649,1,0.0,47.8732,1292
glare,m57,0.7,0.1672,,,10.284,69.0564,0.0001,0,1356,0.0873,12.6031,a64d6c4a6f2e9da8afc6d437f7495b96b7a65518e92a79e9631c04d08b67104c,75.1072,112.5565,0.0,42.5242,162.2619,352.9347,1,0.0,47.826,1292
glare,m57,0.85,0.1817,,,9.6595,68.1221,0.0001,0,1356,0.0934,12.6031,a64d6c4a6f2e9da8afc6d437f7495b96b7a65518e92a79e9631c04d08b67104c,50.9207,75.2013,0.0,42.5242,139.1461,348.5437,1,0.0,50.8919,1292
glare,m57,1.0,0.1903,0,0,9.8504,67.3158,0.0006,0,1356,0.1036,12.6031,a64d6c4a6f2e9da8afc6d437f7495b96b7a65518e92a79e9631c04d08b67104c,33.7666,48.5244,0.0796,42.5242,127.0292,310.9417,0,0.0057,49.9137,1292
glare,m57,1.5,0.2199,0,0,9.9519,65.478,0.0051,0,1356,0.0886,12.6031,a64d6c4a6f2e9da8afc6d437f7495b96b7a65518e92a79e9631c04d08b67104c,9.32,12.2478,0.5537,42.5242,95.8601,223.6297,0,0.1527,49.4249,1292
glare,m57,2.5,0.1137,0,0,10.5238,63.3865,0.0107,0,1356,0.0365,12.6031,a64d6c4a6f2e9da8afc6d437f7495b96b7a65518e92a79e9631c04d08b67104c,0.6583,0.3177,0.8333,42.5242,352.916,435.0303,0,0.0,42.0,1292
glare,m57,4.0,0.1388,0,0,9.7917,61.5982,0.0158,0,1356,0.0015,12.6031,a64d6c4a6f2e9da8afc6d437f7495b96b7a65518e92a79e9631c04d08b67104c,0.0267,0.0202,0.9985,42.5242,430.1132,680.3869,0,0.0,48.0,1292
motion,m57,0.05,0.1129,,,9.7917,62.6241,0.0001,0,1356,0.1184,12.6031,a64d6c4a6f2e9da8afc6d437f7495b96b7a65518e92a79e9631c04d08b67104c,213.7789,376.9971,0.0,42.5242,222.6984,427.1988,1,0.0,48.0,1292
motion,m57,0.1,0.1034,,,9.2083,37.5312,0.0,0,1356,0.1107,12.6031,a64d6c4a6f2e9da8afc6d437f7495b96b7a65518e92a79e9631c04d08b67104c,128.8565,250.4272,0.0,42.5242,107.7134,241.549,1,0.0,48.0,1292
motion,m57,0.15,0.0986,,,9.2083,24.5204,0.0,0,1356,0.1022,12.6031,a64d6c4a6f2e9da8afc6d437f7495b96b7a65518e92a79e9631c04d08b67104c,85.5602,168.2835,0.0,42.5242,61.5932,140.0889,1,0.0,48.0,1292
motion,m57,0.2,0.1391,,,9.9859,17.3077,0.0,0,1356,0.0911,12.6031,a64d6c4a6f2e9da8afc6d437f7495b96b7a65518e92a79e9631c04d08b67104c,59.2333,114.3356,0.0,42.5242,71.0379,209.2608,1,0.0,49.2419,1292
motion,m57,0.3,0.1271,,,10.4907,13.3602,0.0,0,1356,0.0799,12.6031,a64d6c4a6f2e9da8afc6d437f7495b96b7a65518e92a79e9631c04d08b67104c,43.8836,83.6718,0.0,42.5242,58.073,144.9617,1,0.0,46.5132,1292
motion,m57,0.4,0.1129,,,10.4392,11.3143,0.0,0,1356,0.0722,12.6031,a64d6c4a6f2e9da8afc6d437f7495b96b7a65518e92a79e9631c04d08b67104c,35.5836,67.6137,0.0,42.5242,48.515,118.9996,1,0.0,46.7407,1292
motion,m57,0.5,0.1143,,,10.3323,10.0091,0.0,0,1356,0.0666,12.6031,a64d6c4a6f2e9da8afc6d437f7495b96b7a65518e92a79e9631c04d08b67104c,30.2822,57.3065,0.0,42.5242,42.9582,113.7899,1,0.0,47.2056,1292
motion,m57,0.7,,0,0,,8.3022,0.0,,1356,0.0582,12.6031,a64d6c4a6f2e9da8afc6d437f7495b96b7a65518e92a79e9631c04d08b67104c,22.9746,42.8944,0.0,42.5242,,,0,,,1292
motion,m57,1.0,,0,0,,7.096,0.0,,1356,0.0537,12.6031,a64d6c4a6f2e9da8afc6d437f7495b96b7a65518e92a79e9631c04d08b67104c,18.9228,35.0396,0.0,42.5242,,,0,,,1292
scale,m57,40,0.1572,,,10.1334,76.5321,0.0001,0,1276,0.1204,12.595,a64d6c4a6f2e9da8afc6d437f7495b96b7a65518e92a79e9631c04d08b67104c,324.9552,442.2305,0.0,40.0154,319.5598,617.1775,1,0.0,45.7363,1215
scale,m57,32,0.1611,,,9.6847,123.725,0.0001,0,1020,0.1211,12.6049,a64d6c4a6f2e9da8afc6d437f7495b96b7a65518e92a79e9631c04d08b67104c,642.4261,642.4261,0.0,31.9872,624.8614,716.4125,1,0.0,38.3889,972
scale,m57,26,0.1568,,,10.3947,211.0861,0.0001,0,829,0.1207,12.6051,a64d6c4a6f2e9da8afc6d437f7495b96b7a65518e92a79e9631c04d08b67104c,1190.7682,373.7119,0.0,25.9974,1183.7774,568.5892,1,0.0,29.0441,790
scale,m57,22,0.1328,,,9.2308,306.8582,0.0001,0,702,0.1205,12.5867,a64d6c4a6f2e9da8afc6d437f7495b96b7a65518e92a79e9631c04d08b67104c,1916.5831,338.3986,0.0,22.0147,2452.1158,623.9936,1,0.0,26.0,668
scale,m57,18,0.1682,,,9.0899,441.517,0.0001,0,574,0.1192,12.6052,a64d6c4a6f2e9da8afc6d437f7495b96b7a65518e92a79e9631c04d08b67104c,3088.7669,290.5292,0.0,18.0006,2685.974,524.3531,1,0.0,22.8317,547
scale,m57,15,0.1695,,,8.3601,557.6729,0.0,0,478,0.1148,12.6186,a64d6c4a6f2e9da8afc6d437f7495b96b7a65518e92a79e9631c04d08b67104c,4312.6681,211.1824,0.0,14.9901,3472.8163,456.6444,1,0.0,20.5668,456
scale,m57,12,0.1488,1,1,9.748,676.1075,0.0,0,383,0.111,12.6057,a64d6c4a6f2e9da8afc6d437f7495b96b7a65518e92a79e9631c04d08b67104c,5558.0958,124.7845,0.0,12.0109,4851.4478,199.3212,0,0.0,14.1166,365
scale,m57,10,0.157,1,1,8.1684,766.7684,0.0,0,319,0.1059,12.6054,a64d6c4a6f2e9da8afc6d437f7495b96b7a65518e92a79e9631c04d08b67104c,6475.7806,79.1277,0.0,10.0038,5192.4538,192.7674,0,0.0,13.9563,304
scale,m57,8,0.1372,0,0,9.1982,899.0434,0.0,0,255,0.0974,12.6049,a64d6c4a6f2e9da8afc6d437f7495b96b7a65518e92a79e9631c04d08b67104c,7180.4667,32.5416,0.0,7.9968,5903.9989,75.9042,0,0.0,9.9609,243
scale,m57,6,,0,0,,1164.2326,0.0,,191,0.0861,12.6041,a64d6c4a6f2e9da8afc6d437f7495b96b7a65518e92a79e9631c04d08b67104c,7441.5927,15.9795,0.0,5.9898,,,0,,,182
blur,m58,0.02,0.1343,,,10.1694,239.7169,0.0044,1,1840,0.1333,10.5334,7ad33f54547efdf23938f5211acfc3200d88f3924ec36ba96769233eb09a9b18,51.1359,557.8217,0.0,71.1344,51.4653,609.8104,1,0.0,73.5602,3264
blur,m58,0.04,0.1052,,,10.5333,48.3869,0.0039,1,1840,0.1042,10.5334,7ad33f54547efdf23938f5211acfc3200d88f3924ec36ba96769233eb09a9b18,6.793,90.0701,0.0,71.1344,6.8571,92.1395,1,0.0,71.134,3264
blur,m58,0.06,0.0734,,,5.3104,12.4509,0.0036,0,1840,0.0847,10.5334,7ad33f54547efdf23938f5211acfc3200d88f3924ec36ba96769233eb09a9b18,2.6856,19.3789,0.0,71.1344,1.9839,14.0821,1,0.0,89.3758,3264
blur,m58,0.08,0.0679,,,11.4803,4.587,0.0034,1,1840,0.0721,10.5334,7ad33f54547efdf23938f5211acfc3200d88f3924ec36ba96769233eb09a9b18,1.8731,5.4312,0.0,71.1344,1.856,3.9484,1,0.0,65.6297,3264
blur,m58,0.1,0.0602,0,0,11.3438,2.151,0.0033,0,1840,0.0635,10.5334,7ad33f54547efdf23938f5211acfc3200d88f3924ec36ba96769233eb09a9b18,1.6843,1.847,0.0,71.1344,1.6422,1.4148,0,0.0,66.3634,3264
blur,m58,0.13,,0,0,,0.9113,0.003,,1840,0.0552,10.5334,7ad33f54547efdf23938f5211acfc3200d88f3924ec36ba96769233eb09a9b18,1.5503,0.5629,0.0,71.1344,,,0,,,3264
blur,m58,0.16,,0,0,,0.4864,0.0027,,1840,0.0495,10.5334,7ad33f54547efdf23938f5211acfc3200d88f3924ec36ba96769233eb09a9b18,1.4856,0.2796,0.0,71.1344,,,0,,,3264
blur,m58,0.2,,0,0,,0.2741,0.0022,,1840,0.0445,10.5334,7ad33f54547efdf23938f5211acfc3200d88f3924ec36ba96769233eb09a9b18,1.335,0.1867,0.0,71.1344,,,0,,,3264
blur,m58,0.25,,0,0,,0.1775,0.0016,,1840,0.0408,10.5334,7ad33f54547efdf23938f5211acfc3200d88f3924ec36ba96769233eb09a9b18,1.1697,0.1484,0.0,71.1344,,,0,,,3264
blur,m58,0.3,,0,0,,0.1399,0.0012,,1840,0.0387,10.5334,7ad33f54547efdf23938f5211acfc3200d88f3924ec36ba96769233eb09a9b18,1.1302,0.1353,0.0,71.1344,,,0,,,3264
edge,m58,2.0,0.1597,,,1.9423,554.4399,0.0101,1,1840,0.163,1.9946,7ad33f54547efdf23938f5211acfc3200d88f3924ec36ba96769233eb09a9b18,539.4862,2133.6712,0.0,71.1344,515.7513,2132.8913,1,0.0,73.9019,2087
edge,m58,1.0,0.1589,,,1.2336,524.6893,0.0105,1,1840,0.163,0.9965,7ad33f54547efdf23938f5211acfc3200d88f3924ec36ba96769233eb09a9b18,539.4862,2133.6712,0.0,71.1344,550.4677,1641.6603,1,0.0,58.6282,2016
edge,m58,0.5,0.1601,,,0.4859,511.8983,0.0107,1,1840,0.163,0.5045,7ad33f54547efdf23938f5211acfc3200d88f3924ec36ba96769233eb09a9b18,539.4862,2133.6712,0.0,71.1344,518.8589,2126.672,1,0.0,73.4737,1981
edge,m58,0.25,0.161,,,0.289,504.6949,0.0108,1,1840,0.163,0.2514,7ad33f54547efdf23938f5211acfc3200d88f3924ec36ba96769233eb09a9b18,539.4862,2133.6712,0.0,71.1344,524.3291,2106.8916,1,0.0,72.5566,1963
edge,m58,0.1,0.1604,,,0.1368,499.4003,0.0108,1,1840,0.1649,0.0968,7ad33f54547efdf23938f5211acfc3200d88f3924ec36ba96769233eb09a9b18,553.1206,2193.6475,0.0,71.1344,529.7956,2094.654,1,0.0,71.0653,1952
edge,m58,0.0,0.1633,,,0.0105,496.8193,0.0109,1,1840,0.1661,0.0,7ad33f54547efdf23938f5211acfc3200d88f3924ec36ba96769233eb09a9b18,562.3756,2227.7363,0.0,71.1344,540.7112,2219.3754,1,0.0,73.4298,1945
edge,m58,-0.5,0.162,0,0,0.0221,478.4008,0.0111,0,1840,0.1689,0.0,7ad33f54547efdf23938f5211acfc3200d88f3924ec36ba96769233eb09a9b18,570.4958,2280.5345,0.0001,71.1344,562.8735,1662.1467,0,0.0,58.7121,1910
edge,m58,-1.0,0.1624,0,0,0.0236,457.344,0.0113,0,1840,0.1696,0.0,7ad33f54547efdf23938f5211acfc3200d88f3924ec36ba96769233eb09a9b18,587.3841,2347.2699,0.0001,71.1344,588.5961,1588.2146,0,0.0,55.6986,1874
edge,m58,-2.0,0.1397,0,0,7.3483,430.9736,0.0117,0,1840,0.1723,0.0,7ad33f54547efdf23938f5211acfc3200d88f3924ec36ba96769233eb09a9b18,615.8409,2424.4123,0.0001,71.1344,365.0875,928.9561,0,0.0003,50.5926,1803
glare,m58,0.3,0.1296,,,10.2638,591.4223,0.0065,1,1840,0.1289,10.5334,7ad33f54547efdf23938f5211acfc3200d88f3924ec36ba96769233eb09a9b18,335.8725,1319.2393,0.0,71.1344,334.9636,1363.1693,1,0.0,72.9156,3264
glare,m58,0.5,0.1104,,,10.5333,578.0273,0.0065,1,1840,0.1095,10.5334,7ad33f54547efdf23938f5211acfc3200d88f3924ec36ba96769233eb09a9b18,228.4122,894.6711,0.0001,71.1344,230.5788,901.081,1,0.0001,71.134,3264
glare,m58,0.7,0.0967,,,8.9391,566.7497,0.0065,1,1840,0.0949,10.5334,7ad33f54547efdf23938f5211acfc3200d88f3924ec36ba96769233eb09a9b18,145.2807,564.9009,0.0001,71.1344,144.7066,675.0496,1,0.0001,83.0424,3264
glare,m58,0.85,0.0901,,,8.9405,559.7193,0.0065,1,1840,0.0884,10.5334,7ad33f54547efdf23938f5211acfc3200d88f3924ec36ba96769233eb09a9b18,98.674,380.048,0.0007,71.1344,98.6599,454.2192,1,0.0006,83.0293,3264
glare,m58,1.0,0.1337,0,0,11.4286,553.9026,0.008,0,1840,0.0868,10.5334,7ad33f54547efdf23938f5211acfc3200d88f3924ec36ba96769233eb09a9b18,65.4741,247.785,0.2022,71.1344,315.6796,1281.2101,0,0.0,66.3918,3264
glare,m58,1.5,0.1337,0,0,11.4286,541.5843,0.015,0,1840,0.0604,10.5334,7ad33f54547efdf23938f5211acfc3200d88f3924ec36ba96769233eb09a9b18,17.8351,62.1983,0.611,71.1344,313.2922,1271.619,0,0.0,66.3918,3264
glare,m58,2.5,0.1337,0,0,11.4286,530.7945,0.0242,0,1840,0.0156,10.5334,7ad33f54547efdf23938f5211acfc3200d88f3924ec36ba96769233eb09a9b18,0.4603,0.3819,0.8958,71.1344,308.8824,1252.3568,0,0.0,66.3918,3264
glare,m58,4.0,0.1341,0,0,11.4286,523.0729,0.0328,0,1840,0.0,10.5334,7ad33f54547efdf23938f5211acfc3200d88f3924ec36ba96769233eb09a9b18,0.0,0.0,1.0,71.1344,302.0642,1225.1415,0,0.0,66.3918,3264
motion,m58,0.05,0.1496,,,10.5333,423.6321,0.0052,1,1840,0.1485,10.5334,7ad33f54547efdf23938f5211acfc3200d88f3924ec36ba96769233eb09a9b18,234.2616,1276.9584,0.0,71.1344,234.5898,1274.6199,1,0.0,71.134,3264
motion,m58,0.1,0.1344,,,10.5333,245.97,0.0047,1,1840,0.1335,10.5334,7ad33f54547efdf23938f5211acfc3200d88f3924ec36ba96769233eb09a9b18,144.7495,739.8942,0.0,71.1344,144.0611,730.6464,1,0.0,71.134,3264
motion,m58,0.15,0.1188,,,9.9087,151.7558,0.0044,1,1840,0.1174,10.5334,7ad33f54547efdf23938f5211acfc3200d88f3924ec36ba96769233eb09a9b18,99.9865,462.2298,0.0,71.1344,94.972,471.3433,1,0.0,75.4031,3264
motion,m58,0.2,0.1088,,,10.1458,124.5493,0.0042,1,1840,0.1087,10.5334,7ad33f54547efdf23938f5211acfc3200d88f3924ec36ba96769233eb09a9b18,82.9139,367.235,0.0,71.1344,79.2937,373.4866,1,0.0,73.7237,3264
motion,m58,0.3,0.0962,,,10.5333,95.748,0.0039,1,1840,0.0958,10.5334,7ad33f54547efdf23938f5211acfc3200d88f3924ec36ba96769233eb09a9b18,61.3689,262.9036,0.0,71.1344,60.291,254.3666,1,0.0,71.134,3264
motion,m58,0.4,0.0852,,,12.4997,80.321,0.0036,1,1840,0.0889,10.5334,7ad33f54547efdf23938f5211acfc3200d88f3924ec36ba96769233eb09a9b18,49.4491,209.6235,0.0,71.1344,53.6646,177.9285,1,0.0,60.3411,3264
motion,m58,0.5,0.0489,0,0,8.9167,69.8883,0.0033,0,1840,0.0844,10.5334,7ad33f54547efdf23938f5211acfc3200d88f3924ec36ba96769233eb09a9b18,40.7736,173.7081,0.0,71.1344,5.9772,13.857,0,0.0,56.9072,3264
motion,m58,0.7,,0,0,,57.8353,0.0027,,1840,0.0791,10.5334,7ad33f54547efdf23938f5211acfc3200d88f3924ec36ba96769233eb09a9b18,30.1246,133.8696,0.0,71.1344,,,0,,,3264
motion,m58,1.0,,0,0,,46.2262,0.002,,1840,0.0742,10.5334,7ad33f54547efdf23938f5211acfc3200d88f3924ec36ba96769233eb09a9b18,20.0651,96.2579,0.0,71.1344,,,0,,,3264
scale,m58,48,0.1627,,,10.5333,624.5488,0.0063,1,1242,0.1627,10.5334,7ad33f54547efdf23938f5211acfc3200d88f3924ec36ba96769233eb09a9b18,1742.3105,2134.2283,0.0,48.0157,1742.3105,2134.2283,1,0.0,48.0155,2202
scale,m58,40,0.1631,,,10.4218,625.954,0.006,1,1035,0.1642,10.5334,7ad33f54547efdf23938f5211acfc3200d88f3924ec36ba96769233eb09a9b18,2739.3991,2170.0948,0.0001,40.0131,2695.4375,2173.3653,1,0.0001,40.4216,1835
scale,m58,32,0.1612,,,10.5333,613.4485,0.0057,1,828,0.1612,10.5334,7ad33f54547efdf23938f5211acfc3200d88f3924ec36ba96769233eb09a9b18,4040.9199,4040.9199,0.0,32.0105,4040.9199,4040.9199,1,0.0,32.0103,1468
scale,m58,26,0.1487,,,12.2824,572.4023,0.0053,1,673,0.1549,10.5334,7ad33f54547efdf23938f5211acfc3200d88f3924ec36ba96769233eb09a9b18,4923.2222,1366.0545,0.0,26.0182,4762.5349,855.8609,1,0.0,22.6036,1193
scale,m58,22,0.1461,,,9.5135,1259.1245,0.005,1,569,0.1543,10.5334,7ad33f54547efdf23938f5211acfc3200d88f3924ec36ba96769233eb09a9b18,5717.8874,935.5031,0.0,21.9975,5006.5552,1118.2963,1,0.0,24.424,1009
scale,m58,18,0.1366,,,10.5602,1288.369,0.0048,1,466,0.15,10.5334,7ad33f54547efdf23938f5211acfc3200d88f3924ec36ba96769233eb09a9b18,6849.6038,601.8029,0.0,18.0156,5881.1049,517.7792,1,0.0,18.1202,826
scale,m58,15,0.139,,,10.8282,1280.2798,0.0046,1,388,0.1436,10.5334,7ad33f54547efdf23938f5211acfc3200d88f3924ec36ba96769233eb09a9b18,7729.2944,385.1537,0.0,15.0001,7523.007,340.2844,1,0.0,14.6689,688
scale,m58,12,0.135,,,10.5,1230.5047,0.0044,1,310,0.1362,10.5334,7ad33f54547efdf23938f5211acfc3200d88f3924ec36ba96769233eb09a9b18,8504.9676,205.922,0.0,11.9846,8262.4463,199.6485,1,0.0,12.0,551
scale,m58,10,0.1347,1,1,18.0,1176.2515,0.0042,0,259,0.1247,10.5334,7ad33f54547efdf23938f5211acfc3200d88f3924ec36ba96769233eb09a9b18,8665.7126,116.3767,0.0,10.0129,14450.5381,32.8362,0,0.0,5.9769,459
scale,m58,8,,0,0,,1153.1162,0.0039,,207,0.1153,10.5334,7ad33f54547efdf23938f5211acfc3200d88f3924ec36ba96769233eb09a9b18,8261.0855,39.7382,0.0,8.0026,,,0,,,367
scale,m58,6,,0,0,,1209.3561,0.0037,,155,0.0895,10.5334,7ad33f54547efdf23938f5211acfc3200d88f3924ec36ba96769233eb09a9b18,5956.6378,13.3319,0.0,5.9923,,,0,,,275
blur,m59,0.02,0.1725,,,3.5182,27.3567,0.0012,0,1712,0.0762,0.2668,69924fae4d49932fead36542cd3db3122b6297fe215f60bd803685761007179b,2.9659,100.056,0.0,99.724,4.4026,810.3179,1,0.0,177.8691,2288
blur,m59,0.04,0.1716,,,3.5926,6.6775,0.0011,0,1712,0.0636,0.2668,69924fae4d49932fead36542cd3db3122b6297fe215f60bd803685761007179b,1.6361,25.9861,0.0,99.724,2.2414,305.9772,1,0.0,179.5107,2288
blur,m59,0.06,0.1542,,,3.5952,1.817,0.001,0,1712,0.0539,0.2668,69924fae4d49932fead36542cd3db3122b6297fe215f60bd803685761007179b,1.2876,6.4516,0.0,99.724,1.7105,115.5969,1,0.0,176.5108,2288
blur,m59,0.08,0.0461,,,0.331,0.68,0.0008,1,1712,0.0475,0.2668,69924fae4d49932fead36542cd3db3122b6297fe215f60bd803685761007179b,1.2484,1.7809,0.0,99.724,1.2196,1.6319,1,0.0,98.0071,2288
blur,m59,0.1,0.1531,0,0,3.2203,0.3719,0.0007,0,1712,0.043,0.2668,69924fae4d49932fead36542cd3db3122b6297fe215f60bd803685761007179b,1.2741,0.6308,0.0,99.724,1.3463,25.0968,0,0.0,196.132,2288
blur,m59,0.13,0.1259,0,0,3.384,0.2339,0.0005,0,1712,0.0379,0.2668,69924fae4d49932fead36542cd3db3122b6297fe215f60bd803685761007179b,1.3664,0.2494,0.0,99.724,1.3744,8.3646,0,0.0,184.8846,2288
blur,m59,0.16,,0,0,,0.189,0.0002,,1712,0.0336,0.2668,69924fae4d49932fead36542cd3db3122b6297fe215f60bd803685761007179b,1.3361,0.1518,0.0,99.724,,,0,,,2288
blur,m59,0.2,,0,0,,0.1675,0.0,,1712,0.029,0.2668,69924fae4d49932fead36542cd3db3122b6297fe215f60bd803685761007179b,1.0428,0.1135,0.0,99.724,,,0,,,2288
blur,m59,0.25,,0,0,,0.1626,0.0,,1712,0.0247,0.2668,69924fae4d49932fead36542cd3db3122b6297fe215f60bd803685761007179b,0.7215,0.1249,0.0,99.724,,,0,,,2288
blur,m59,0.3,,0,0,,0.1642,0.0,,1712,0.0213,0.2668,69924fae4d49932fead36542cd3db3122b6297fe215f60bd803685761007179b,0.5604,0.1675,0.0,99.724,,,0,,,2288
edge,m59,2.0,0.0864,,,0.1202,20.8008,0.0028,0,1712,0.0837,0.2668,69924fae4d49932fead36542cd3db3122b6297fe215f60bd803685761007179b,9.6577,187.1992,0.0,99.724,9.4824,269.7633,1,0.0,115.0216,1008
edge,m59,1.0,0.0865,,,0.1276,19.8206,0.0031,0,1712,0.0837,0.2668,69924fae4d49932fead36542cd3db3122b6297fe215f60bd803685761007179b,9.6577,187.1992,0.0,99.724,9.5292,263.3394,1,0.0,113.6632,908
edge,m59,0.5,0.0886,,,0.2094,19.4246,0.0033,1,1712,0.0837,0.2668,69924fae4d49932fead36542cd3db3122b6297fe215f60bd803685761007179b,9.6577,187.1992,0.0,99.724,10.0664,195.5188,1,0.0,100.2667,858
edge,m59,0.25,0.0881,,,0.1924,19.2681,0.0034,1,1712,0.0837,0.2497,69924fae4d49932fead36542cd3db3122b6297fe215f60bd803685761007179b,9.6577,187.1992,0.0,99.724,9.9273,211.582,1,0.0,103.0221,833
edge,m59,0.1,0.0881,,,0.1924,19.2856,0.0035,1,1712,0.0847,0.0993,69924fae4d49932fead36542cd3db3122b6297fe215f60bd803685761007179b,9.8815,193.1621,0.0,99.724,9.9101,211.4978,1,0.0,103.0185,818
edge,m59,0.0,0.0847,,,0.2604,19.3049,0.0035,1,1712,0.0855,0.0,69924fae4d49932fead36542cd3db3122b6297fe215f60bd803685761007179b,10.0175,196.4216,0.0,99.724,9.7782,194.7324,1,0.0,99.8095,808
edge,m59,-0.5,0.0862,,,0.0243,18.9766,0.0037,1,1712,0.0865,0.0,69924fae4d49932fead36542cd3db3122b6297fe215f60bd803685761007179b,10.1688,198.7247,0.0,99.724,10.1365,190.7199,1,0.0,97.9481,758
edge,m59,-1.0,0.0832,0,0,0.1081,18.3455,0.004,0,1712,0.0844,0.0,69924fae4d49932fead36542cd3db3122b6297fe215f60bd803685761007179b,9.8396,193.9786,0.0,99.724,9.5568,221.1048,0,0.0,104.9961,708
edge,m59,-2.0,0.0782,0,0,0.025,18.2583,0.0047,0,1712,0.0781,0.0,69924fae4d49932fead36542cd3db3122b6297fe215f60bd803685761007179b,9.0436,174.1087,0.0,99.724,9.0411,172.3605,0,0.0,99.5349,609
glare,m59,0.3,0.1883,,,3.1252,57.7497,0.0013,0,1712,0.0662,0.2668,69924fae4d49932fead36542cd3db3122b6297fe215f60bd803685761007179b,7.1588,114.6178,0.0,99.724,16.5396,1344.6562,1,0.0,198.0709,2288
glare,m59,0.5,0.1892,,,3.0736,57.2033,0.0013,0,1712,0.0559,0.2668,69924fae4d49932fead36542cd3db3122b6297fe215f60bd803685761007179b,5.3031,77.0122,0.0,99.724,16.3406,1347.9076,1,0.0,201.3951,2288
glare,m59,0.7,0.1892,,,3.0736,56.7474,0.0013,0,1712,0.0476,0.2668,69924fae4d49932fead36542cd3db3122b6297fe215f60bd803685761007179b,3.8823,48.1853,0.0001,99.724,16.3406,1347.9076,1,0.0,201.3951,2288
glare,m59,0.85,0.1892,,,3.0736,56.4558,0.0034,0,1712,0.0437,0.2668,69924fae4d49932fead36542cd3db3122b6297fe215f60bd803685761007179b,2.995,32.0469,0.1085,99.724,16.3406,1347.9076,1,0.0,201.3951,2288
glare,m59,1.0,0.1892,0,0,3.0736,56.213,0.0096,0,1712,0.042,0.2668,69924fae4d49932fead36542cd3db3122b6297fe215f60bd803685761007179b,2.2722,20.9416,0.3608,99.724,16.3406,1347.9076,0,0.0,201.3951,2288
glare,m59,1.5,0.1892,0,0,3.0736,55.6576,0.0206,0,1712,0.0292,0.2668,69924fae4d49932fead36542cd3db3122b6297fe215f60bd803685761007179b,0.9021,5.413,0.6693,99.724,16.3406,1347.9076,0,0.0,201.3951,2288
glare,m59,2.5,0.1896,0,0,3.0279,55.0552,0.0339,0,1712,0.0084,0.2668,69924fae4d49932fead36542cd3db3122b6297fe215f60bd803685761007179b,0.1711,0.0727,0.9334,99.724,16.5143,1403.7253,0,0.0,204.4758,2288
glare,m59,4.0,0.1913,0,0,2.9282,54.5005,0.045,0,1712,0.0,0.2668,69924fae4d49932fead36542cd3db3122b6297fe215f60bd803685761007179b,0.0,0.0,1.0,99.724,16.3973,1427.1422,0,0.0,211.3898,2288
motion,m59,0.05,0.1855,,,3.2375,45.8346,0.0012,0,1712,0.0814,0.2668,69924fae4d49932fead36542cd3db3122b6297fe215f60bd803685761007179b,6.002,155.4238,0.0,99.724,10.9775,1201.5591,1,0.0,193.0369,2288
motion,m59,0.1,0.1674,,,3.6503,28.3182,0.0012,0,1712,0.076,0.2668,69924fae4d49932fead36542cd3db3122b6297fe215f60bd803685761007179b,4.4094,99.5191,0.0,99.724,9.6228,874.773,1,0.0,171.8096,2288
motion,m59,0.15,0.1743,,,3.4294,19.6697,0.0012,0,1712,0.0702,0.2668,69924fae4d49932fead36542cd3db3122b6297fe215f60bd803685761007179b,3.5011,64.3296,0.0,99.724,7.8169,755.9582,1,0.0,183.1223,2288
motion,m59,0.2,0.183,,,3.1083,15.9003,0.0012,0,1712,0.0654,0.2668,69924fae4d49932fead36542cd3db3122b6297fe215f60bd803685761007179b,2.9701,47.536,0.0,99.724,6.2813,664.8958,1,0.0,204.0643,2288
motion,m59,0.3,0.0605,,,0.2987,12.6182,0.0011,1,1712,0.0583,0.2668,69924fae4d49932fead36542cd3db3122b6297fe215f60bd803685761007179b,2.4182,32.2023,0.0,99.724,2.2691,28.0443,1,0.0,99.8414,2288
motion,m59,0.4,0.0912,0,0,6.1111,10.8832,0.001,0,1712,0.0535,0.2668,69924fae4d49932fead36542cd3db3122b6297fe215f60bd803685761007179b,2.0729,24.8649,0.0,99.724,2.8731,28.6056,0,0.0,85.6,2288
motion,m59,0.5,,0,0,,9.7892,0.0009,,1712,0.0497,0.2668,69924fae4d49932fead36542cd3db3122b6297fe215f60bd803685761007179b,1.8877,20.119,0.0,99.724,,,0,,,2288
motion,m59,0.7,0.0848,0,0,6.1111,8.4477,0.0007,0,1712,0.0445,0.2668,69924fae4d49932fead36542cd3db3122b6297fe215f60bd803685761007179b,1.5369,14.5029,0.0,99.724,2.5701,23.6594,0,0.0,85.6001,2288
motion,m59,1.0,,0,0,,7.1722,0.0005,,1712,0.0416,0.2668,69924fae4d49932fead36542cd3db3122b6297fe215f60bd803685761007179b,1.4545,11.4229,0.0,99.724,,,0,,,2288
scale,m59,48,0.191,,,2.2685,59.2832,0.0012,0,824,0.0835,0.2668,69924fae4d49932fead36542cd3db3122b6297fe215f60bd803685761007179b,68.0886,187.706,0.0,47.998,127.5444,2089.2996,1,0.0,124.6172,1101
scale,m59,40,0.1965,,,3.0523,109.8222,0.0012,0,687,0.0836,0.2668,69924fae4d49932fead36542cd3db3122b6297fe215f60bd803685761007179b,124.4838,189.4458,0.0,40.0177,183.0511,1366.2131,1,0.0,84.8929,918
scale,m59,32,0.0858,,,0.1985,227.7877,0.0013,0,549,0.0835,0.2668,69924fae4d49932fead36542cd3db3122b6297fe215f60bd803685761007179b,264.9267,264.9267,0.0,31.9793,252.3226,248.9843,1,0.0,35.7284,734
scale,m59,26,0.0888,,,0.2019,425.8852,0.0012,0,446,0.0842,0.2668,69924fae4d49932fead36542cd3db3122b6297fe215f60bd803685761007179b,525.2103,172.1824,0.0,25.9795,538.145,203.7261,1,0.0,27.0676,597
scale,m59,22,0.084,,,0.1667,663.0383,0.0012,1,378,0.084,0.2668,69924fae4d49932fead36542cd3db3122b6297fe215f60bd803685761007179b,856.4039,159.1585,0.0,22.0185,850.3288,205.0063,1,0.0,24.0,505
scale,m59,18,0.0836,,,0.1879,1031.7564,0.0013,1,309,0.0835,0.2668,69924fae4d49932fead36542cd3db3122b6297fe215f60bd803685761007179b,1427.6407,130.0548,0.0,17.9992,1422.9841,150.3984,1,0.0,18.838,413
scale,m59,15,0.0848,,,0.243,1398.3461,0.0012,1,258,0.0815,0.2668,69924fae4d49932fead36542cd3db3122b6297fe215f60bd803685761007179b,1977.3924,96.111,0.0,15.0285,1842.0605,101.5717,1,0.0,16.1518,344
scale,m59,12,0.081,,,0.1242,1822.961,0.0012,1,206,0.0792,0.2668,69924fae4d49932fead36542cd3db3122b6297fe215f60bd803685761007179b,2691.7876,59.6842,0.0,11.9995,2278.471,99.8251,1,0.0,14.4186,275
scale,m59,10,0.1877,,,3.2,2000.4838,0.0012,0,172,0.0756,0.2668,69924fae4d49932fead36542cd3db3122b6297fe215f60bd803685761007179b,3138.1291,38.1543,0.0,10.019,4512.1826,561.5692,1,0.0,20.0,229
scale,m59,8,0.0821,0,0,2.3333,1992.9613,0.0012,0,137,0.0687,0.2668,69924fae4d49932fead36542cd3db3122b6297fe215f60bd803685761007179b,2911.9626,12.5381,0.0,7.9803,4408.3901,9.1984,0,0.0,5.9565,184
scale,m59,6,0.1694,0,0,3.0291,1844.5083,0.0013,0,103,0.06,0.2668,69924fae4d49932fead36542cd3db3122b6297fe215f60bd803685761007179b,2157.8473,4.5192,0.0,5.9998,4852.5009,111.7487,0,0.0,11.8846,138
blur,m60,0.02,0.1244,,,10.0081,141.941,0.0002,1,1233,0.1244,10.0073,6d61e891775b419671dc7202861feaaf50fe33b68c08d52b12090edde80e4166,600.0557,114.8488,0.0,21.9844,600.0557,114.8488,1,0.0,21.9822,1088
blur,m60,0.04,0.1109,,,10.0081,59.7562,0.0001,1,1233,0.1109,10.0073,6d61e891775b419671dc7202861feaaf50fe33b68c08d52b12090edde80e4166,208.031,43.4341,0.0,21.9844,208.031,43.4341,1,0.0,21.9822,1088
blur,m60,0.06,0.097,,,9.9171,21.2802,0.0001,1,1233,0.0973,10.0073,6d61e891775b419671dc7202861feaaf50fe33b68c08d52b12090edde80e4166,72.4036,15.3054,0.0,21.9844,71.6268,15.1226,1,0.0,21.9822,1088
blur,m60,0.08,0.0876,,,10.5085,9.6119,0.0,1,1233,0.0873,10.0073,6d61e891775b419671dc7202861feaaf50fe33b68c08d52b12090edde80e4166,26.8291,5.6048,0.0,21.9844,29.0027,4.3435,1,0.0,19.9838,1088
blur,m60,0.1,0.076,,,4.3503,4.5221,0.0,0,1233,0.0799,10.0073,6d61e891775b419671dc7202861feaaf50fe33b68c08d52b12090edde80e4166,9.6227,1.9324,0.0,21.9844,6.2992,9.256,1,0.0,38.6054,1088
blur,m60,0.13,0.0688,1,0,3.9122,1.9613,0.0,0,1233,0.0718,10.0073,6d61e891775b419671dc7202861feaaf50fe33b68c08d52b12090edde80e4166,3.674,0.6471,0.0,21.9844,2.6674,3.7357,0,0.0,41.8766,1088
blur,m60,0.16,0.0768,0,0,5.693,1.0598,0.0,0,1233,0.0649,10.0073,6d61e891775b419671dc7202861feaaf50fe33b68c08d52b12090edde80e4166,2.4564,0.3811,0.0,21.9844,2.5696,0.9885,0,0.0,28.7623,1088
blur,m60,0.2,,0,0,,0.6271,0.0,,1233,0.0562,10.0073,6d61e891775b419671dc7202861feaaf50fe33b68c08d52b12090edde80e4166,1.9408,0.2857,0.0,21.9844,,,0,,,1088
blur,m60,0.25,,0,0,,0.4414,0.0,,1233,0.0462,10.0073,6d61e891775b419671dc7202861feaaf50fe33b68c08d52b12090edde80e4166,1.7471,0.238,0.0,21.9844,,,0,,,1088
blur,m60,0.3,,0,0,,0.3637,0.0,,1233,0.0375,10.0073,6d61e891775b419671dc7202861feaaf50fe33b68c08d52b12090edde80e4166,1.6214,0.2156,0.0,21.9844,,,0,,,1088
edge,m60,2.0,0.1303,,,2.0016,212.9232,0.0001,1,1233,0.1303,2.0014,6d61e891775b419671dc7202861feaaf50fe33b68c08d52b12090edde80e4166,932.3136,170.3534,0.0,21.9844,932.3136,170.3534,1,0.0,21.9822,430
edge,m60,1.0,0.1303,,,1.0008,211.92,0.0001,1,1233,0.1303,1.0007,6d61e891775b419671dc7202861feaaf50fe33b68c08d52b12090edde80e4166,932.3136,170.3534,0.0,21.9844,932.3136,170.3534,1,0.0,21.9822,408
edge,m60,0.5,0.1344,,,0.4991,210.6993,0.0001,1,1233,0.1303,0.5003,6d61e891775b419671dc7202861feaaf50fe33b68c08d52b12090edde80e4166,932.3136,170.3534,0.0,21.9844,1008.8969,134.3083,1,0.0,19.9838,397
edge,m60,0.25,0.1347,,,0.1997,210.7071,0.0001,1,1233,0.1303,0.2274,6d61e891775b419671dc7202861feaaf50fe33b68c08d52b12090edde80e4166,932.3136,170.3534,0.0,21.9844,1014.5833,135.4838,1,0.0,19.9838,391
edge,m60,0.1,0.1312,,,0.091,211.7734,0.0001,1,1233,0.1312,0.0909,6d61e891775b419671dc7202861feaaf50fe33b68c08d52b12090edde80e4166,948.4844,172.8134,0.0,21.9844,948.4844,172.8134,1,0.0,21.9822,388
edge,m60,0.0,0.1318,,,0.091,209.299,0.0001,1,1233,0.1318,0.0,6d61e891775b419671dc7202861feaaf50fe33b68c08d52b12090edde80e4166,958.7275,174.6045,0.0,21.9844,958.7275,174.6045,1,0.0,21.9822,386
edge,m60,-0.5,0.1351,,,0.0998,208.4416,0.0001,0,1233,0.1308,0.0,6d61e891775b419671dc7202861feaaf50fe33b68c08d52b12090edde80e4166,947.0812,171.4134,0.0,21.9844,1029.8518,136.6504,1,0.0,19.9838,375
edge,m60,-1.0,0.1303,,,0.091,205.6428,0.0001,0,1233,0.1303,0.0,6d61e891775b419671dc7202861feaaf50fe33b68c08d52b12090edde80e4166,930.0502,168.9388,0.0,21.9844,930.0502,168.9388,1,0.0,21.9822,364
edge,m60,-2.0,0.1279,0,0,0.0876,196.5707,0.0001,0,1233,0.1283,0.0,6d61e891775b419671dc7202861feaaf50fe33b68c08d52b12090edde80e4166,919.784,166.5261,0.0,21.9844,914.023,175.4907,0,0.0,22.4039,342
glare,m60,0.3,0.1062,,,11.0089,185.5798,0.0003,1,1233,0.1026,10.0073,6d61e891775b419671dc7202861feaaf50fe33b68c08d52b12090edde80e4166,569.4909,103.8272,0.0,21.9844,622.2364,82.4285,1,0.0,19.9838,1088
glare,m60,0.5,0.0902,,,11.0089,182.3006,0.0003,1,1233,0.0872,10.0073,6d61e891775b419671dc7202861feaaf50fe33b68c08d52b12090edde80e4166,382.202,69.4897,0.0,21.9844,417.5198,55.2027,1,0.0,19.9838,1088
glare,m60,0.7,0.0784,,,11.0089,179.3967,0.0003,1,1233,0.0759,10.0073,6d61e891775b419671dc7202861feaaf50fe33b68c08d52b12090edde80e4166,238.6796,43.276,0.0,21.9844,260.9165,34.4361,1,0.0,19.9838,1088
glare,m60,0.85,0.0737,,,11.0089,177.4895,0.0003,1,1233,0.0715,10.0073,6d61e891775b419671dc7202861feaaf50fe33b68c08d52b12090edde80e4166,159.328,28.7246,0.0,21.9844,173.9725,22.8745,1,0.0,19.9838,1088
glare,m60,1.0,0.0914,,,9.5633,175.7923,0.002,0,1233,0.0714,10.0073,6d61e891775b419671dc7202861feaaf50fe33b68c08d52b12090edde80e4166,104.2685,18.7259,0.2701,21.9844,984.523,92.078,1,0.0,17.9854,1088
glare,m60,1.5,0.0869,,,9.5633,171.4448,0.0084,0,1233,0.0477,10.0073,6d61e891775b419671dc7202861feaaf50fe33b68c08d52b12090edde80e4166,27.1823,4.8051,0.656,21.9844,882.7484,82.5406,1,0.0,17.9854,1088
glare,m60,2.5,0.0802,,,9.5633,166.093,0.0163,0,1233,0.0084,10.0073,6d61e891775b419671dc7202861feaaf50fe33b68c08d52b12090edde80e4166,0.306,0.048,0.9423,21.9844,701.0603,65.3083,1,0.0,17.9854,1088
glare,m60,4.0,0.1366,,,14.0923,161.578,0.0237,0,1233,0.0,10.0073,6d61e891775b419671dc7202861feaaf50fe33b68c08d52b12090edde80e4166,0.0,0.0,1.0,21.9844,481.4539,131.7843,1,0.1132,24.9714,1088
motion,m60,0.05,0.1303,,,10.0081,191.2347,0.0003,1,1233,0.1303,10.0073,6d61e891775b419671dc7202861feaaf50fe33b68c08d52b12090edde80e4166,932.3136,170.3534,0.0,21.9844,932.3136,170.3534,1,0.0,21.9822,1088
motion,m60,0.1,0.1298,,,11.0089,152.081,0.0003,1,1233,0.1256,10.0073,6d61e891775b419671dc7202861feaaf50fe33b68c08d52b12090edde80e4166,595.0102,116.3192,0.0,21.9844,654.9893,92.1542,1,0.0,19.9838,1088
motion,m60,0.15,0.1228,,,10.6086,119.9437,0.0002,1,1233,0.1196,10.0073,6d61e891775b419671dc7202861feaaf50fe33b68c08d52b12090edde80e4166,451.3477,90.664,0.0,21.9844,499.9794,71.8126,1,0.0,19.9838,1088
motion,m60,0.2,0.1162,,,10.6086,100.2917,0.0001,1,1233,0.1133,10.0073,6d61e891775b419671dc7202861feaaf50fe33b68c08d52b12090edde80e4166,350.8658,71.5915,0.0,21.9844,387.8504,56.3966,1,0.0,19.9838,1088
motion,m60,0.3,0.1035,,,11.7873,75.5867,0.0,1,1233,0.0999,10.0073,6d61e891775b419671dc7202861feaaf50fe33b68c08d52b12090edde80e4166,189.3252,39.7791,0.0,21.9844,231.2406,25.6197,1,0.0,17.9854,1088
motion,m60,0.4,0.0839,,,3.9477,68.2241,0.0,1,1233,0.096,10.0073,6d61e891775b419671dc7202861feaaf50fe33b68c08d52b12090edde80e4166,154.9606,33.0022,0.0,21.9844,99.657,134.3348,1,0.0,43.0376,1088
motion,m60,0.5,0.0989,,,13.6361,63.4721,0.0,0,1233,0.0929,10.0073,6d61e891775b419671dc7202861feaaf50fe33b68c08d52b12090edde80e4166,132.7351,28.435,0.0,21.9844,127.5177,127.5177,1,0.0,31.9741,1088
motion,m60,0.7,0.0965,0,0,12.4101,57.2276,0.0,0,1233,0.0884,10.0073,6d61e891775b419671dc7202861feaaf50fe33b68c08d52b12090edde80e4166,110.4538,23.8537,0.0,21.9844,183.0214,28.624,0,0.0,19.9838,1088
motion,m60,1.0,0.0838,0,0,12.7184,51.0959,0.0,0,1233,0.0844,10.0073,6d61e891775b419671dc7202861feaaf50fe33b68c08d52b12090edde80e4166,99.6612,21.6717,0.0,21.9844,90.2438,80.3175,0,0.0,34.7476,1088
scale,m60,18,0.1293,,,9.8778,330.3788,0.0003,1,1010,0.1299,10.0048,6d61e891775b419671dc7202861feaaf50fe33b68c08d52b12090edde80e4166,1295.4223,127.3209,0.0,18.0083,1276.8121,122.8246,1,0.0,18.0,891
scale,m60,15,0.133,,,10.727,472.8388,0.0002,1,841,0.1304,10.006,6d61e891775b419671dc7202861feaaf50fe33b68c08d52b12090edde80e4166,2117.1641,112.5951,0.0,14.995,2246.6213,96.5208,1,0.0,13.9834,742
scale,m60,12,0.1278,,,10.0149,666.4483,0.0002,1,673,0.1283,10.0097,6d61e891775b419671dc7202861feaaf50fe33b68c08d52b12090edde80e4166,3660.8922,94.1146,0.0,11.9996,3622.8202,91.7622,1,0.0,11.9822,594
scale,m60,10,0.1246,,,9.7977,809.4752,0.0002,1,561,0.1264,10.0068,6d61e891775b419671dc7202861feaaf50fe33b68c08d52b12090edde80e4166,5415.2987,75.6077,0.0,10.0026,5111.853,72.7534,1,0.0,9.9822,495
scale,m60,8,0.174,,,2.2747,964.5632,0.0002,0,449,0.1203,10.0023,6d61e891775b419671dc7202861feaaf50fe33b68c08d52b12090edde80e4166,7163.4635,33.978,0.0,8.0057,2161.2487,799.8687,1,0.0039,26.9696,396
scale,m60,6,0.1575,,,2.6409,1100.8117,0.0001,0,337,0.1095,9.9949,6d61e891775b419671dc7202861feaaf50fe33b68c08d52b12090edde80e4166,7859.8289,16.5619,0.0,6.0087,3484.9773,388.5842,1,0.0022,18.0943,297
blur,m61,0.02,0.1421,,,4.0,48.0139,0.0077,0,1600,0.0945,0.7976,ada829bd5984e91d19733de1f6d55d083f228592acfc6f2e7826461457a67fdb,45.9419,69.0477,0.0,40.592,70.1604,434.8713,1,0.0,66.6667,1200
blur,m61,0.04,0.1289,,,3.6364,15.3391,0.0076,0,1600,0.0877,0.7976,ada829bd5984e91d19733de1f6d55d083f228592acfc6f2e7826461457a67fdb,10.803,19.3682,0.0,40.592,16.8814,239.0017,1,0.0,73.3333,1200
blur,m61,0.06,0.1169,,,3.3333,5.1566,0.0075,0,1600,0.0826,0.7976,ada829bd5984e91d19733de1f6d55d083f228592acfc6f2e7826461457a67fdb,4.0682,5.5686,0.0,40.592,7.2357,145.3833,1,0.0,80.0,1200
blur,m61,0.08,0.0911,0,0,7.3714,2.212,0.0074,0,1600,0.0793,0.7976,ada829bd5984e91d19733de1f6d55d083f228592acfc6f2e7826461457a67fdb,2.2463,2.1107,0.0,40.592,3.5252,5.2245,0,0.0,43.4305,1200
blur,m61,0.1,0.0736,0,0,7.6667,1.1557,0.0073,0,1600,0.077,0.7976,ada829bd5984e91d19733de1f6d55d083f228592acfc6f2e7826461457a67fdb,1.7321,1.1064,0.0,40.592,2.5768,2.2158,0,0.0,41.8605,1200
blur,m61,0.13,,0,0,,0.5721,0.0071,,1600,0.0744,0.7976,ada829bd5984e91d19733de1f6d55d083f228592acfc6f2e7826461457a67fdb,1.3846,0.6006,0.0,40.592,,,0,,,1200
blur,m61,0.16,,0,0,,0.3736,0.0069,,1600,0.0724,0.7976,ada829bd5984e91d19733de1f6d55d083f228592acfc6f2e7826461457a67fdb,1.2855,0.4297,0.0,40.592,,,0,,,1200
blur,m61,0.2,,0,0,,0.2639,0.0066,,1600,0.0701,0.7976,ada829bd5984e91d19733de1f6d55d083f228592acfc6f2e7826461457a67fdb,1.2131,0.3403,0.0,40.592,,,0,,,1200
blur,m61,0.25,,0,0,,0.216,0.0062,,1600,0.0678,0.7976,ada829bd5984e91d19733de1f6d55d083f228592acfc6f2e7826461457a67fdb,1.2469,0.3006,0.0,40.592,,,0,,,1200
blur,m61,0.3,,0,0,,0.1948,0.0057,,1600,0.0656,0.7976,ada829bd5984e91d19733de1f6d55d083f228592acfc6f2e7826461457a67fdb,1.2477,0.2919,0.0,40.592,,,0,,,1200
edge,m61,0.5,0.1483,,,4.0045,85.2508,0.0078,0,1600,0.099,0.502,ada829bd5984e91d19733de1f6d55d083f228592acfc6f2e7826461457a67fdb,145.9077,138.2746,0.0,40.592,202.6494,652.372,1,0.0,66.6667,1188
edge,m61,0.25,0.1313,,,7.9177,85.9197,0.0078,0,1600,0.099,0.2556,ada829bd5984e91d19733de1f6d55d083f228592acfc6f2e7826461457a67fdb,145.9077,138.2746,0.0,40.592,331.9501,327.232,1,0.0,40.8883,1178
edge,m61,0.1,0.147,,,3.6322,86.274,0.0079,0,1600,0.0988,0.1078,ada829bd5984e91d19733de1f6d55d083f228592acfc6f2e7826461457a67fdb,146.5394,139.6501,0.0,40.592,191.4028,757.4489,1,0.0,73.3333,1172
edge,m61,0.0,0.1315,,,7.9821,86.3755,0.0079,0,1600,0.0987,0.0093,ada829bd5984e91d19733de1f6d55d083f228592acfc6f2e7826461457a67fdb,146.9657,139.4975,0.0,40.592,334.3973,329.8657,1,0.0,40.5778,1168
edge,m61,-0.5,0.1273,,,8.4519,87.3958,0.0081,0,1600,0.0959,0.0,ada829bd5984e91d19733de1f6d55d083f228592acfc6f2e7826461457a67fdb,147.1336,139.4824,0.0,40.592,330.8854,279.7535,1,0.0,38.4483,1147
edge,m61,-1.0,0.1483,,,4.0012,87.6884,0.0082,0,1600,0.0932,0.0,ada829bd5984e91d19733de1f6d55d083f228592acfc6f2e7826461457a67fdb,146.3314,137.775,0.0,40.592,202.6494,652.372,1,0.0,66.6667,1127
edge,m61,-2.0,0.1473,,,3.6341,88.3211,0.0085,0,1600,0.09,0.0,ada829bd5984e91d19733de1f6d55d083f228592acfc6f2e7826461457a67fdb,145.2542,135.2278,0.0,40.592,193.453,768.5108,1,0.0,73.3333,1086
glare,m61,0.3,0.115,,,8.5749,58.873,0.008,0,1600,0.1045,0.7976,ada829bd5984e91d19733de1f6d55d083f228592acfc6f2e7826461457a67fdb,94.6536,90.3523,0.0,40.592,260.4736,219.7635,1,0.0,37.799,1200
glare,m61,0.5,0.1079,,,4.0,44.8996,0.0082,0,1600,0.1119,0.7976,ada829bd5984e91d19733de1f6d55d083f228592acfc6f2e7826461457a67fdb,66.7881,64.5073,0.0,40.592,93.2922,297.5459,1,0.0,66.6667,1200
glare,m61,0.7,0.1001,,,4.0,33.4981,0.0087,0,1600,0.1217,0.7976,ada829bd5984e91d19733de1f6d55d083f228592acfc6f2e7826461457a67fdb,44.5036,43.7023,0.0,40.592,61.5948,195.5904,1,0.0002,66.6667,1200
glare,m61,0.85,0.0933,,,8.6088,26.5994,0.0091,0,1600,0.1302,0.7976,ada829bd5984e91d19733de1f6d55d083f228592acfc6f2e7826461457a67fdb,31.5446,31.3776,0.0,40.592,173.1987,136.0457,1,0.0,37.6585,1200
glare,m61,1.0,0.1018,,,4.0,21.1565,0.0248,0,1600,0.1397,0.7976,ada829bd5984e91d19733de1f6d55d083f228592acfc6f2e7826461457a67fdb,21.621,21.8499,0.2044,40.592,27.6198,86.5136,1,0.0004,66.6667,1200
glare,m61,1.5,0.0718,0,0,8.0806,10.7983,0.2008,0,1600,0.0981,0.7976,ada829bd5984e91d19733de1f6d55d083f228592acfc6f2e7826461457a67fdb,5.9268,5.9718,0.6465,40.592,97.0296,88.8856,0,0.0,40.1122,1200
glare,m61,2.5,0.0456,0,0,8.2276,3.7351,0.4047,0,1600,0.0134,0.7976,ada829bd5984e91d19733de1f6d55d083f228592acfc6f2e7826461457a67fdb,0.1366,0.0588,0.9461,40.592,19.0394,15.8895,0,0.0,39.4364,1200
glare,m61,4.0,,0,0,,1.1939,0.5913,,1600,0.0,0.7976,ada829bd5984e91d19733de1f6d55d083f228592acfc6f2e7826461457a67fdb,0.0,0.0,1.0,40.592,,,0,,,1200
motion,m61,0.05,0.1469,,,4.0,73.9139,0.0077,0,1600,0.0978,0.7976,ada829bd5984e91d19733de1f6d55d083f228592acfc6f2e7826461457a67fdb,99.0596,111.5494,0.0,40.592,161.8924,612.0952,1,0.0,66.6667,1200
motion,m61,0.1,0.143,,,4.0,52.7931,0.0077,0,1600,0.0946,0.7976,ada829bd5984e91d19733de1f6d55d083f228592acfc6f2e7826461457a67fdb,59.5593,67.1046,0.0,40.592,121.7649,505.3952,1,0.0,66.6667,1200
motion,m61,0.15,0.1378,,,3.6364,40.7454,0.0077,0,1600,0.0914,0.7976,ada829bd5984e91d19733de1f6d55d083f228592acfc6f2e7826461457a67fdb,44.778,45.6158,0.0,40.592,102.1132,513.7596,1,0.0,73.3333,1200
motion,m61,0.2,0.1331,,,3.6364,34.22,0.0077,0,1600,0.0887,0.7976,ada829bd5984e91d19733de1f6d55d083f228592acfc6f2e7826461457a67fdb,37.5235,34.8019,0.0,40.592,93.3402,447.0748,1,0.0,73.3333,1200
motion,m61,0.3,0.1245,,,3.6364,28.3468,0.0076,0,1600,0.0851,0.7976,ada829bd5984e91d19733de1f6d55d083f228592acfc6f2e7826461457a67fdb,30.3124,25.302,0.0,40.592,83.2541,374.6657,1,0.0,73.3333,1200
motion,m61,0.4,0.1177,0,0,3.2849,25.5289,0.0075,0,1600,0.0828,0.7976,ada829bd5984e91d19733de1f6d55d083f228592acfc6f2e7826461457a67fdb,26.8089,20.9482,0.0,40.592,80.5343,389.0345,0,0.0,81.1483,1200
motion,m61,0.5,0.1084,0,0,4.0,23.7443,0.0075,0,1600,0.0814,0.7976,ada829bd5984e91d19733de1f6d55d083f228592acfc6f2e7826461457a67fdb,24.5358,18.1873,0.0,40.592,74.0202,253.0818,0,0.0,66.6667,1200
motion,m61,0.7,,0,0,,21.6325,0.0073,,1600,0.0802,0.7976,ada829bd5984e91d19733de1f6d55d083f228592acfc6f2e7826461457a67fdb,22.428,16.2065,0.0,40.592,,,0,,,1200
motion,m61,1.0,,0,0,,19.5693,0.007,,1600,0.0789,0.7976,ada829bd5984e91d19733de1f6d55d083f228592acfc6f2e7826461457a67fdb,20.3787,14.3529,0.0,40.592,,,0,,,1200
scale,m61,40,0.145,,,3.3312,85.5817,0.0077,0,1577,0.099,0.7971,ada829bd5984e91d19733de1f6d55d083f228592acfc6f2e7826461457a67fdb,157.3527,155.7931,0.0,40.0085,180.9698,846.461,1,0.0,78.85,1182
scale,m61,32,0.1449,,,3.3342,84.6161,0.0077,0,1261,0.0989,0.7978,ada829bd5984e91d19733de1f6d55d083f228592acfc6f2e7826461457a67fdb,261.2192,261.2192,0.0,31.9916,322.332,823.3005,1,0.0,63.05,946
scale,m61,26,0.1342,,,7.8796,73.1063,0.0077,0,1025,0.1001,0.7979,ada829bd5984e91d19733de1f6d55d083f228592acfc6f2e7826461457a67fdb,423.751,123.8318,0.0,26.0042,812.7153,246.9024,1,0.0,26.3479,769
scale,m61,22,0.1191,,,7.9091,191.924,0.0077,0,867,0.098,0.7973,ada829bd5984e91d19733de1f6d55d083f228592acfc6f2e7826461457a67fdb,525.5809,93.8424,0.0,21.9958,1010.0118,181.1103,1,0.0,21.9747,650
scale,m61,18,0.1348,,,8.0,282.0182,0.0077,0,709,0.0978,0.798,ada829bd5984e91d19733de1f6d55d083f228592acfc6f2e7826461457a67fdb,752.5589,70.1978,0.0,17.9873,1580.3363,157.0008,1,0.0,17.9746,532
scale,m61,15,0.144,,,7.149,391.6242,0.0077,0,591,0.098,0.7971,ada829bd5984e91d19733de1f6d55d083f228592acfc6f2e7826461457a67fdb,1093.3288,54.5485,0.0,14.9937,2089.1778,152.0354,1,0.0,16.445,443
scale,m61,12,0.149,0,0,7.2532,548.287,0.0077,0,473,0.0955,0.7982,ada829bd5984e91d19733de1f6d55d083f228592acfc6f2e7826461457a67fdb,1546.1948,37.1954,0.0,12.0,2958.409,104.4046,0,0.0,13.1281,355
scale,m61,10,0.1554,0,0,6.6667,678.1052,0.0077,0,394,0.0935,0.7989,ada829bd5984e91d19733de1f6d55d083f228592acfc6f2e7826461457a67fdb,1935.2518,25.9218,0.0,9.9958,3327.0917,83.757,0,0.0,12.0,296
scale,m61,8,0.1388,0,0,8.0,789.0104,0.0076,0,315,0.0924,0.7968,ada829bd5984e91d19733de1f6d55d083f228592acfc6f2e7826461457a67fdb,2069.5753,11.4372,0.0,7.9916,4358.18,28.3456,0,0.0,7.9747,236
scale,m61,6,,0,0,,843.114,0.0077,,236,0.088,0.7976,ada829bd5984e91d19733de1f6d55d083f228592acfc6f2e7826461457a67fdb,1723.0457,3.9405,0.0,5.9873,,,0,,,177
blur,m63,0.02,0.2803,,,3.6731,210.49,0.0,1,3375,0.2803,3.6604,6f7e3edd2b87dc7655cf669741089ba55d883956e37813ba17ff31fe0ca47669,13.9955,1127.0903,0.0,114.2775,13.9955,1120.5105,1,0.0,113.9326,2995
blur,m63,0.04,0.2285,,,3.6309,53.2866,0.0,1,3375,0.2288,3.6604,6f7e3edd2b87dc7655cf669741089ba55d883956e37813ba17ff31fe0ca47669,4.2327,344.5462,0.0,114.2775,4.2337,350.3546,1,0.0,114.9886,2995
blur,m63,0.06,0.1641,,,-0.044,15.0541,0.0,0,3375,0.1819,3.6604,6f7e3edd2b87dc7655cf669741089ba55d883956e37813ba17ff31fe0ca47669,2.3073,101.888,0.0,114.2775,1.4556,29.9415,1,0.0,109.0502,2995
blur,m63,0.08,0.0895,,,0.6976,4.8475,0.0,0,3375,0.1471,3.6604,6f7e3edd2b87dc7655cf669741089ba55d883956e37813ba17ff31fe0ca47669,1.7826,29.6811,0.0,114.2775,1.0209,12.8358,1,0.0,315.4634,2995
blur,m63,0.1,0.0866,0,0,0.9132,1.9012,0.0,0,3375,0.1227,3.6604,6f7e3edd2b87dc7655cf669741089ba55d883956e37813ba17ff31fe0ca47669,1.6613,9.57,0.0,114.2775,1.0089,8.5713,0,0.0,320.2763,2995
blur,m63,0.13,0.0884,0,0,1.3103,0.6822,0.0,0,3375,0.0977,3.6604,6f7e3edd2b87dc7655cf669741089ba55d883956e37813ba17ff31fe0ca47669,1.6041,2.4403,0.0,114.2775,1.0134,4.4164,0,0.0,312.9818,2995
blur,m63,0.16,0.0651,0,0,1.3191,0.3474,0.0,0,3375,0.0802,3.6604,6f7e3edd2b87dc7655cf669741089ba55d883956e37813ba17ff31fe0ca47669,1.5707,0.9111,0.0,114.2775,0.9494,2.8723,0,0.0,312.8148,2995
blur,m63,0.2,0.0592,0,0,1.381,0.2007,0.0,0,3375,0.0641,3.6604,6f7e3edd2b87dc7655cf669741089ba55d883956e37813ba17ff31fe0ca47669,1.4378,0.3463,0.0,114.2775,0.8451,1.4522,0,0.0,295.3125,2995
blur,m63,0.25,,0,0,,0.1377,0.0,,3375,0.0525,3.6604,6f7e3edd2b87dc7655cf669741089ba55d883956e37813ba17ff31fe0ca47669,1.3258,0.1316,0.0,114.2775,,,0,,,2995
blur,m63,0.3,,0,0,,0.1114,0.0,,3375,0.0467,3.6604,6f7e3edd2b87dc7655cf669741089ba55d883956e37813ba17ff31fe0ca47669,1.1606,0.0921,0.0,114.2775,,,0,,,2995
edge,m63,2.0,0.0711,,,0.3041,629.5466,0.0,0,3375,0.3115,1.9981,6f7e3edd2b87dc7655cf669741089ba55d883956e37813ba17ff31fe0ca47669,278.5452,2627.9631,0.0,114.2775,19.2632,79.1732,1,0.0,302.82,1931
edge,m63,1.0,0.0722,,,0.1064,644.2681,0.0,0,3375,0.3115,1.0006,6f7e3edd2b87dc7655cf669741089ba55d883956e37813ba17ff31fe0ca47669,278.5452,2627.9631,0.0,114.2775,19.4169,79.6742,1,0.0,309.672,1817
edge,m63,0.5,0.078,,,0.0475,649.1739,0.0,0,3375,0.3115,0.5018,6f7e3edd2b87dc7655cf669741089ba55d883956e37813ba17ff31fe0ca47669,278.5452,2627.9631,0.0,114.2775,19.3927,78.727,1,0.0,298.5076,1760
edge,m63,0.25,0.3116,,,0.2844,654.2484,0.0,1,3375,0.3115,0.248,6f7e3edd2b87dc7655cf669741089ba55d883956e37813ba17ff31fe0ca47669,278.5452,2627.9631,0.0,114.2775,278.8017,2624.0633,1,0.0,114.1206,1731
edge,m63,0.1,0.3122,,,0.155,655.3883,0.0,1,3375,0.3122,0.0993,6f7e3edd2b87dc7655cf669741089ba55d883956e37813ba17ff31fe0ca47669,280.3943,2651.3645,0.0,114.2775,280.3451,2657.9826,1,0.0,114.2488,1714
edge,m63,0.0,0.3126,,,0.0694,656.6563,0.0,1,3375,0.3126,0.003,6f7e3edd2b87dc7655cf669741089ba55d883956e37813ba17ff31fe0ca47669,281.7331,2674.2972,0.0,114.2775,281.6821,2676.6828,1,0.0,114.1442,1703
edge,m63,-0.5,0.103,0,0,0.1742,666.9515,0.0,0,3375,0.3123,0.0,6f7e3edd2b87dc7655cf669741089ba55d883956e37813ba17ff31fe0ca47669,274.8713,2649.4963,0.0,114.2775,19.2188,77.5916,0,0.0,307.3432,1646
edge,m63,-1.0,0.3103,0,0,0.0302,671.0988,0.0,0,3375,0.312,0.0,6f7e3edd2b87dc7655cf669741089ba55d883956e37813ba17ff31fe0ca47669,272.2009,2611.9907,0.0,114.2775,264.9188,2210.6129,0,0.0,107.7916,1588
edge,m63,-2.0,0.3113,0,0,0.4203,672.4705,0.0,0,3375,0.3118,0.0,6f7e3edd2b87dc7655cf669741089ba55d883956e37813ba17ff31fe0ca47669,269.571,2593.097,0.0,114.2775,261.8647,1580.9805,0,0.0,93.2049,1474
glare,m63,0.3,0.2446,,,3.6568,509.3277,0.0001,1,3375,0.2446,3.6604,6f7e3edd2b87dc7655cf669741089ba55d883956e37813ba17ff31fe0ca47669,173.5382,1609.6176,0.0,114.2775,173.5382,1609.6176,1,0.0,114.3702,2995
glare,m63,0.5,0.2038,,,3.6568,480.2778,0.0001,1,3375,0.2038,3.6604,6f7e3edd2b87dc7655cf669741089ba55d883956e37813ba17ff31fe0ca47669,117.9727,1081.9032,0.0,114.2775,117.9727,1081.9032,1,0.0,114.3702,2995
glare,m63,0.7,0.1686,,,3.6568,456.2496,0.0001,1,3375,0.1686,3.6604,6f7e3edd2b87dc7655cf669741089ba55d883956e37813ba17ff31fe0ca47669,75.2547,676.8611,0.0,114.2775,75.2547,676.8611,1,0.0,114.3702,2995
glare,m63,0.85,0.1484,,,3.6568,441.4782,0.0001,1,3375,0.1484,3.6604,6f7e3edd2b87dc7655cf669741089ba55d883956e37813ba17ff31fe0ca47669,51.5385,454.4699,0.0003,114.2775,51.5385,454.4699,1,0.0003,114.3702,2995
glare,m63,1.0,0.2361,0,0,0.0526,429.4474,0.006,0,3375,0.1362,3.6604,6f7e3edd2b87dc7655cf669741089ba55d883956e37813ba17ff31fe0ca47669,34.8694,300.0054,0.2269,114.2775,140.8553,796.5385,0,0.0,93.2049,2995
glare,m63,1.5,0.2361,0,0,0.0526,403.7874,0.0373,0,3375,0.0858,3.6604,6f7e3edd2b87dc7655cf669741089ba55d883956e37813ba17ff31fe0ca47669,10.3772,83.1941,0.648,114.2775,140.8553,796.5385,0,0.0,93.2049,2995
glare,m63,2.5,0.2361,0,0,0.0526,378.1053,0.0741,0,3375,0.0169,3.6604,6f7e3edd2b87dc7655cf669741089ba55d883956e37813ba17ff31fe0ca47669,0.4006,2.0977,0.9377,114.2775,140.8553,796.5385,0,0.0,93.2049,2995
glare,m63,4.0,0.2361,0,0,0.0526,359.5658,0.1024,0,3375,0.0,3.6604,6f7e3edd2b87dc7655cf669741089ba55d883956e37813ba17ff31fe0ca47669,0.0,0.0,1.0,114.2775,140.8553,796.5385,0,0.0,93.2049,2995
motion,m63,0.05,0.3007,,,3.661,399.82,0.0,1,3375,0.3007,3.6604,6f7e3edd2b87dc7655cf669741089ba55d883956e37813ba17ff31fe0ca47669,71.8472,1952.1097,0.0,114.2775,71.8472,1952.1097,1,0.0,114.2649,2995
motion,m63,0.1,0.285,,,3.6649,267.8513,0.0,1,3375,0.285,3.6604,6f7e3edd2b87dc7655cf669741089ba55d883956e37813ba17ff31fe0ca47669,48.6834,1384.6412,0.0,114.2775,48.6834,1379.9565,1,0.0,114.1409,2995
motion,m63,0.15,0.2013,0,0,0.0526,199.0957,0.0,0,3375,0.266,3.6604,6f7e3edd2b87dc7655cf669741089ba55d883956e37813ba17ff31fe0ca47669,38.8185,1064.7679,0.0,114.2775,10.3705,177.7168,0,0.0,93.2049,2995
motion,m63,0.2,0.1934,0,0,0.0356,166.7847,0.0,0,3375,0.2509,3.6604,6f7e3edd2b87dc7655cf669741089ba55d883956e37813ba17ff31fe0ca47669,33.4962,892.7273,0.0,114.2775,8.3695,93.8864,0,0.0,82.5549,2995
motion,m63,0.3,0.0624,0,0,1.253,141.5159,0.0,0,3375,0.2355,3.6604,6f7e3edd2b87dc7655cf669741089ba55d883956e37813ba17ff31fe0ca47669,28.5562,779.8961,0.0,114.2775,1.9945,28.1668,0,0.0,326.0073,2995
motion,m63,0.4,0.0666,0,0,1.2028,128.2127,0.0,0,3375,0.2271,3.6604,6f7e3edd2b87dc7655cf669741089ba55d883956e37813ba17ff31fe0ca47669,25.3235,726.6537,0.0,114.2775,1.848,22.1879,0,0.0,328.4269,2995
motion,m63,0.5,0.0888,0,0,1.1491,120.5376,0.0,0,3375,0.2214,3.6604,6f7e3edd2b87dc7655cf669741089ba55d883956e37813ba17ff31fe0ca47669,23.0707,687.7659,0.0,114.2775,1.7677,17.0685,0,0.0,294.3314,2995
motion,m63,0.7,,0,0,,110.5158,0.0,,3375,0.215,3.6604,6f7e3edd2b87dc7655cf669741089ba55d883956e37813ba17ff31fe0ca47669,19.5025,643.4599,0.0,114.2775,,,0,,,2995
motion,m63,1.0,,0,0,,100.294,0.0,,3375,0.2093,3.6604,6f7e3edd2b87dc7655cf669741089ba55d883956e37813ba17ff31fe0ca47669,15.5824,586.5918,0.0,114.2775,,,0,,,2995
scale,m63,48,0.3116,,,3.6647,569.818,0.0001,1,1418,0.3115,3.6604,6f7e3edd2b87dc7655cf669741089ba55d883956e37813ba17ff31fe0ca47669,1715.4089,2642.8647,0.0,48.0135,1719.1687,2594.6626,1,0.0,47.9588,1258
scale,m63,40,0.3128,,,3.8022,558.9311,0.0001,1,1181,0.31,3.6604,6f7e3edd2b87dc7655cf669741089ba55d883956e37813ba17ff31fe0ca47669,2583.1069,2644.7712,0.0,39.9887,2582.0957,2442.2926,1,0.0,38.9155,1048
scale,m63,32,0.3099,,,4.2857,1067.9996,0.0001,1,945,0.3098,3.6604,6f7e3edd2b87dc7655cf669741089ba55d883956e37813ba17ff31fe0ca47669,4229.0097,4229.0097,0.0,31.9977,3938.3406,1555.7616,1,0.0,27.9704,839
scale,m63,26,0.3069,,,3.5781,1618.2931,0.0002,1,768,0.3096,3.6604,6f7e3edd2b87dc7655cf669741089ba55d883956e37813ba17ff31fe0ca47669,6305.5563,2004.7236,0.0,26.0045,6336.2799,2128.7695,1,0.0,26.3959,681
scale,m63,22,0.3091,,,4.1,2197.8137,0.0002,1,650,0.307,3.6604,6f7e3edd2b87dc7655cf669741089ba55d883956e37813ba17ff31fe0ca47669,8549.6804,1660.7744,0.0,22.009,8267.7185,1203.6294,1,0.0,20.0,577
scale,m63,18,0.3076,,,4.8571,3136.8855,0.0002,1,532,0.3025,3.6604,6f7e3edd2b87dc7655cf669741089ba55d883956e37813ba17ff31fe0ca47669,12758.7481,1336.7323,0.0,18.0135,12779.964,603.5345,1,0.0,14.0,472
scale,m63,15,0.3007,,,3.5105,4258.4646,0.0002,1,443,0.301,3.6604,6f7e3edd2b87dc7655cf669741089ba55d883956e37813ba17ff31fe0ca47669,19099.4327,1146.682,0.0,15.0,19019.06,1250.6489,1,0.0,15.5614,393
scale,m63,12,0.2914,0,0,3.6667,5734.427,0.0003,0,354,0.292,3.6604,6f7e3edd2b87dc7655cf669741089ba55d883956e37813ba17ff31fe0ca47669,28199.5293,803.5749,0.0005,11.9864,27828.5203,809.96,0,0.0005,12.0,314
scale,m63,10,0.2388,0,0,1.2041,6624.1669,0.0003,0,295,0.2777,3.6604,6f7e3edd2b87dc7655cf669741089ba55d883956e37813ba17ff31fe0ca47669,34342.6399,553.9614,0.0,9.9887,26377.4692,347.4466,0,0.0059,9.9662,262
scale,m63,8,0.0912,0,0,1.2727,6917.1277,0.0003,0,236,0.2476,3.6604,6f7e3edd2b87dc7655cf669741089ba55d883956e37813ba17ff31fe0ca47669,34352.9058,205.594,0.0023,7.991,214.5747,37.8244,0,0.0,22.0,210
scale,m63,6,0.0637,0,0,1.375,6048.7828,0.0003,0,177,0.2036,3.6604,6f7e3edd2b87dc7655cf669741089ba55d883956e37813ba17ff31fe0ca47669,30083.6589,80.008,0.0,5.9932,379.8501,22.4389,0,0.0,15.9101,157
blur,m64,0.02,0.1426,,,7.2022,123.3001,0.0141,0,3454,0.0585,8.5425,2e967e936529efd449fe5d16fb3854dfa2422e182e8c56877f453380f1d3a6e3,3.1915,126.6392,0.0,113.2567,5.029,135.5807,1,0.0,93.1565,2999
blur,m64,0.04,0.1254,,,7.1943,25.504,0.0123,0,3454,0.0473,8.5425,2e967e936529efd449fe5d16fb3854dfa2422e182e8c56877f453380f1d3a6e3,1.1873,15.3019,0.0,113.2567,1.8258,24.0865,1,0.0,93.2713,2999
blur,m64,0.06,0.0402,,,8.0417,6.6959,0.0108,1,3454,0.0414,8.5425,2e967e936529efd449fe5d16fb3854dfa2422e182e8c56877f453380f1d3a6e3,1.1077,2.9546,0.0,113.2567,1.0831,3.5284,1,0.0,120.4884,2999
blur,m64,0.08,0.0391,,,7.8074,2.3741,0.0098,1,3454,0.0382,8.5425,2e967e936529efd449fe5d16fb3854dfa2422e182e8c56877f453380f1d3a6e3,1.2075,0.8446,0.0,113.2567,1.1492,1.0649,1,0.0,123.8855,2999
blur,m64,0.1,0.039,,,7.8364,1.0953,0.0089,1,3454,0.0363,8.5425,2e967e936529efd449fe5d16fb3854dfa2422e182e8c56877f453380f1d3a6e3,1.2382,0.3292,0.0,113.2567,1.1746,0.4067,1,0.0,123.1541,2999
blur,m64,0.13,,0,0,,0.4879,0.0079,,3454,0.0346,8.5425,2e967e936529efd449fe5d16fb3854dfa2422e182e8c56877f453380f1d3a6e3,0.9918,0.1555,0.0,113.2567,,,0,,,2999
blur,m64,0.16,,0,0,,0.293,0.0068,,3454,0.0335,8.5425,2e967e936529efd449fe5d16fb3854dfa2422e182e8c56877f453380f1d3a6e3,0.82,0.1316,0.0,113.2567,,,0,,,2999
blur,m64,0.2,,0,0,,0.1913,0.0061,,3454,0.0324,8.5425,2e967e936529efd449fe5d16fb3854dfa2422e182e8c56877f453380f1d3a6e3,0.6994,0.1273,0.0,113.2567,,,0,,,2999
blur,m64,0.25,,0,0,,0.14,0.0052,,3454,0.0314,8.5425,2e967e936529efd449fe5d16fb3854dfa2422e182e8c56877f453380f1d3a6e3,0.6236,0.1406,0.0,113.2567,,,0,,,2999
blur,m64,0.3,,0,0,,0.1206,0.0041,,3454,0.0304,8.5425,2e967e936529efd449fe5d16fb3854dfa2422e182e8c56877f453380f1d3a6e3,0.58,0.1325,0.0,113.2567,,,0,,,2999
edge,m64,2.0,0.1474,,,7.8636,465.394,0.0239,0,3454,0.0727,1.9967,2e967e936529efd449fe5d16fb3854dfa2422e182e8c56877f453380f1d3a6e3,53.2992,509.4227,0.0,113.2567,81.3537,380.9312,1,0.0,85.4913,2077
edge,m64,1.0,0.147,,,7.8731,472.6303,0.0253,0,3454,0.0727,0.9989,2e967e936529efd449fe5d16fb3854dfa2422e182e8c56877f453380f1d3a6e3,53.2992,509.4227,0.0,113.2567,81.3536,381.3004,1,0.0,85.4913,1964
edge,m64,0.5,0.1474,,,7.2789,476.5182,0.026,0,3454,0.0727,0.4957,2e967e936529efd449fe5d16fb3854dfa2422e182e8c56877f453380f1d3a6e3,53.2992,509.4227,0.0,113.2567,81.3537,380.9312,1,0.0,85.4913,1907
edge,m64,0.25,0.148,,,6.9746,477.9865,0.0264,0,3454,0.0727,0.2484,2e967e936529efd449fe5d16fb3854dfa2422e182e8c56877f453380f1d3a6e3,53.2992,509.4227,0.0,113.2567,81.4531,381.2906,1,0.0,85.4913,1879
edge,m64,0.1,0.1474,,,6.7512,479.3519,0.0267,0,3454,0.0736,0.0983,2e967e936529efd449fe5d16fb3854dfa2422e182e8c56877f453380f1d3a6e3,54.7509,525.9443,0.0,113.2567,81.3537,380.9312,1,0.0,85.4913,1862
edge,m64,0.0,0.1474,,,6.6304,479.7728,0.0268,0,3454,0.0742,0.0012,2e967e936529efd449fe5d16fb3854dfa2422e182e8c56877f453380f1d3a6e3,55.7003,534.187,0.0,113.2567,81.3537,380.9312,1,0.0,85.4913,1851
edge,m64,-0.5,0.148,0,0,5.9789,485.2573,0.0277,0,3454,0.0743,0.0,2e967e936529efd449fe5d16fb3854dfa2422e182e8c56877f453380f1d3a6e3,55.7142,524.1223,0.0,113.2567,81.4531,381.2906,0,0.0,85.4913,1794
edge,m64,-1.0,0.147,0,0,5.288,493.9937,0.0286,0,3454,0.0742,0.0,2e967e936529efd449fe5d16fb3854dfa2422e182e8c56877f453380f1d3a6e3,55.8378,529.5915,0.0,113.2567,81.3536,381.3004,0,0.0,85.4913,1738
edge,m64,-2.0,0.1479,0,0,3.9868,505.4219,0.0306,0,3454,0.0727,0.0,2e967e936529efd449fe5d16fb3854dfa2422e182e8c56877f453380f1d3a6e3,50.0856,502.1971,0.0,113.2567,81.3446,381.3274,0,0.0,85.4913,1624
glare,m64,0.3,0.1475,,,7.8606,352.8492,0.0166,0,3454,0.0675,8.5425,2e967e936529efd449fe5d16fb3854dfa2422e182e8c56877f453380f1d3a6e3,33.8388,311.8077,0.0,113.2567,81.4618,381.2756,1,0.0,85.4913,2999
glare,m64,0.5,0.1475,,,7.8606,350.8078,0.0166,0,3454,0.0777,8.5425,2e967e936529efd449fe5d16fb3854dfa2422e182e8c56877f453380f1d3a6e3,23.3386,208.4572,0.0,113.2567,81.4625,381.2744,1,0.0,85.4913,2999
glare,m64,0.7,0.1476,,,7.8606,349.0045,0.0166,0,3454,0.0953,8.5425,2e967e936529efd449fe5d16fb3854dfa2422e182e8c56877f453380f1d3a6e3,15.1126,128.7794,0.0,113.2567,81.4634,381.2318,1,0.0,85.4913,2999
glare,m64,0.85,0.1476,,,7.8606,347.8166,0.0166,0,3454,0.1115,8.5425,2e967e936529efd449fe5d16fb3854dfa2422e182e8c56877f453380f1d3a6e3,10.4548,84.508,0.0,113.2567,81.447,381.1039,1,0.0,85.4913,2999
glare,m64,1.0,0.1476,,,7.8606,346.7629,0.0173,0,3454,0.1291,8.5425,2e967e936529efd449fe5d16fb3854dfa2422e182e8c56877f453380f1d3a6e3,7.1514,53.1558,0.08,113.2567,81.4381,381.0711,1,0.0,85.4913,2999
glare,m64,1.5,0.1476,0,0,7.8606,344.0235,0.0257,0,3454,0.1093,8.5425,2e967e936529efd449fe5d16fb3854dfa2422e182e8c56877f453380f1d3a6e3,2.1035,11.8572,0.5698,113.2567,81.4342,381.0692,0,0.0,85.4913,2999
glare,m64,2.5,0.1475,0,0,7.8606,339.8954,0.0361,0,3454,0.0392,8.5425,2e967e936529efd449fe5d16fb3854dfa2422e182e8c56877f453380f1d3a6e3,0.2339,0.2365,0.8548,113.2567,81.4156,380.6669,0,0.0,85.4913,2999
glare,m64,4.0,0.1475,0,0,7.8606,335.5194,0.0456,0,3454,0.0,8.5425,2e967e936529efd449fe5d16fb3854dfa2422e182e8c56877f453380f1d3a6e3,0.0,0.0,1.0,113.2567,81.3833,380.4741,0,0.0,85.4913,2999
motion,m64,0.05,0.1438,,,7.8606,280.2573,0.0164,0,3454,0.0672,8.5425,2e967e936529efd449fe5d16fb3854dfa2422e182e8c56877f453380f1d3a6e3,19.6216,330.8462,0.0,113.2567,34.0565,259.1405,1,0.0,85.4913,2999
motion,m64,0.1,0.1412,,,7.802,215.5418,0.0159,0,3454,0.0611,8.5425,2e967e936529efd449fe5d16fb3854dfa2422e182e8c56877f453380f1d3a6e3,12.8432,190.017,0.0,113.2567,24.2147,182.6433,1,0.0,85.4913,2999
motion,m64,0.15,0.1435,,,7.3297,181.6356,0.0156,0,3454,0.0561,8.5425,2e967e936529efd449fe5d16fb3854dfa2422e182e8c56877f453380f1d3a6e3,9.956,133.9021,0.0,113.2567,21.8918,179.5611,1,0.0,91.0,2999
motion,m64,0.2,0.1348,,,8.2369,165.524,0.0154,0,3454,0.0528,8.5425,2e967e936529efd449fe5d16fb3854dfa2422e182e8c56877f453380f1d3a6e3,8.4199,109.318,0.0,113.2567,13.7751,97.0303,1,0.0,81.4426,2999
motion,m64,0.3,0.1817,,,4.6404,151.6002,0.0152,0,3454,0.0487,8.5425,2e967e936529efd449fe5d16fb3854dfa2422e182e8c56877f453380f1d3a6e3,6.7546,85.2229,0.0,113.2567,9.9069,405.3777,1,0.0,156.2638,2999
motion,m64,0.4,0.0412,,,8.4469,144.5696,0.0149,1,3454,0.0461,8.5425,2e967e936529efd449fe5d16fb3854dfa2422e182e8c56877f453380f1d3a6e3,5.7284,70.5926,0.0,113.2567,5.3379,71.1637,1,0.0,115.0315,2999
motion,m64,0.5,0.0377,,,9.2381,138.8201,0.0146,1,3454,0.044,8.5425,2e967e936529efd449fe5d16fb3854dfa2422e182e8c56877f453380f1d3a6e3,4.8945,59.3029,0.0,113.2567,5.2353,59.4487,1,0.0,105.4273,2999
motion,m64,0.7,,0,0,,131.29,0.0141,,3454,0.0418,8.5425,2e967e936529efd449fe5d16fb3854dfa2422e182e8c56877f453380f1d3a6e3,3.914,46.8297,0.0,113.2567,,,0,,,2999
motion,m64,1.0,,0,0,,121.7487,0.0133,,3454,0.04,8.5425,2e967e936529efd449fe5d16fb3854dfa2422e182e8c56877f453380f1d3a6e3,3.1401,37.4585,0.0,113.2567,,,0,,,2999
scale,m64,48,0.1565,,,7.2112,358.6063,0.0163,0,1464,0.0725,8.5425,2e967e936529efd449fe5d16fb3854dfa2422e182e8c56877f453380f1d3a6e3,436.245,513.1882,0.0,48.0046,629.4609,506.4242,1,0.0,39.4372,1271
scale,m64,40,0.1531,,,7.4305,350.8547,0.0162,0,1220,0.0715,8.5425,2e967e936529efd449fe5d16fb3854dfa2422e182e8c56877f453380f1d3a6e3,659.7735,503.8978,0.0,40.0038,902.4032,902.4032,1,0.0,32.0,1059
scale,m64,32,0.1453,,,7.9073,640.5968,0.016,0,976,0.0719,8.5425,2e967e936529efd449fe5d16fb3854dfa2422e182e8c56877f453380f1d3a6e3,1002.4132,1002.4132,0.0,32.003,1132.1232,251.4963,1,0.0,24.0,847
scale,m64,26,0.1516,,,7.6096,933.8654,0.0159,0,793,0.0683,8.5425,2e967e936529efd449fe5d16fb3854dfa2422e182e8c56877f453380f1d3a6e3,1303.0713,337.2297,0.0,26.0025,1449.3402,203.0502,1,0.0,19.9748,688
scale,m64,22,0.135,,,9.2836,1230.3864,0.0158,0,671,0.0694,8.5425,2e967e936529efd449fe5d16fb3854dfa2422e182e8c56877f453380f1d3a6e3,1542.3924,245.5961,0.0,22.0021,1522.1988,67.6934,1,0.0,13.9792,583
scale,m64,18,0.0718,,,5.1239,1624.8313,0.0153,1,549,0.0656,8.5425,2e967e936529efd449fe5d16fb3854dfa2422e182e8c56877f453380f1d3a6e3,1611.2865,129.5619,0.0,18.0017,819.1207,259.0207,1,0.0,29.4631,477
scale,m64,15,0.0709,,,5.2014,1971.5401,0.0152,1,457,0.0621,8.5425,2e967e936529efd449fe5d16fb3854dfa2422e182e8c56877f453380f1d3a6e3,1588.812,71.9687,0.0,14.985,862.2633,165.1236,1,0.0,24.1519,397
scale,m64,12,0.0731,,,4.3348,2351.5801,0.0146,1,366,0.0536,8.5425,2e967e936529efd449fe5d16fb3854dfa2422e182e8c56877f453380f1d3a6e3,1612.743,33.428,0.0,12.0011,705.3551,112.9614,1,0.0,22.7129,318
scale,m64,10,0.0648,,,7.0,2561.1278,0.0139,1,305,0.0527,8.5425,2e967e936529efd449fe5d16fb3854dfa2422e182e8c56877f453380f1d3a6e3,1547.2301,17.7376,0.0,10.0009,1226.7484,24.7417,1,0.0,11.9608,265
scale,m64,8,0.2033,0,0,4.1667,2574.1626,0.014,0,244,0.0542,8.5425,2e967e936529efd449fe5d16fb3854dfa2422e182e8c56877f453380f1d3a6e3,1378.2277,6.0657,0.0,8.0008,13207.2272,327.9657,0,0.0,12.0,212
scale,m64,6,0.2356,0,0,3.0,2494.0915,0.0125,0,183,0.0396,8.5425,2e967e936529efd449fe5d16fb3854dfa2422e182e8c56877f453380f1d3a6e3,1125.0225,2.2902,0.0,6.0006,10828.303,264.7142,0,0.0,11.9348,159
blur,m65,0.02,0.112,,,12.9422,163.1414,0.0008,0,4032,0.1941,14.4384,4b097b40cda613076647ebeb78710504cfb784942971b31cc0385ea0339d5ee5,10.092,277.4646,0.0,87.6154,26.1476,91.3995,1,0.0,47.093,3024
blur,m65,0.04,0.1735,,,13.4375,40.0692,0.0001,1,4032,0.1771,14.4384,4b097b40cda613076647ebeb78710504cfb784942971b31cc0385ea0339d5ee5,2.8784,74.4442,0.0,87.6154,2.7583,88.3821,1,0.0,93.7674,3024
blur,m65,0.06,0.1552,,,12.5302,12.0888,0.0,1,4032,0.1608,14.4384,4b097b40cda613076647ebeb78710504cfb784942971b31cc0385ea0339d5ee5,1.7537,26.6911,0.0,87.6154,1.5827,38.6875,1,0.0,100.5492,3024
blur,m65,0.08,0.1401,,,12.6471,4.9038,0.0,1,4032,0.1468,14.4384,4b097b40cda613076647ebeb78710504cfb784942971b31cc0385ea0339d5ee5,1.4841,10.6588,0.0,87.6154,1.3542,15.6445,1,0.0,99.6279,3024
blur,m65,0.1,0.1265,,,11.9444,2.3929,0.0,1,4032,0.1356,14.4384,4b097b40cda613076647ebeb78710504cfb784942971b31cc0385ea0339d5ee5,1.4161,4.3601,0.0,87.6154,1.2705,7.7032,1,0.0,105.4884,3024
blur,m65,0.13,,0,0,,1.0561,0.0,,4032,0.1225,14.4384,4b097b40cda613076647ebeb78710504cfb784942971b31cc0385ea0339d5ee5,1.5178,1.3011,0.0,87.6154,,,0,,,3024
blur,m65,0.16,,0,0,,0.5871,0.0,,4032,0.1117,14.4384,4b097b40cda613076647ebeb78710504cfb784942971b31cc0385ea0339d5ee5,1.4891,0.5306,0.0,87.6154,,,0,,,3024
blur,m65,0.2,,0,0,,0.3377,0.0,,4032,0.099,14.4384,4b097b40cda613076647ebeb78710504cfb784942971b31cc0385ea0339d5ee5,1.5257,0.2654,0.0,87.6154,,,0,,,3024
blur,m65,0.25,,0,0,,0.2119,0.0,,4032,0.0852,14.4384,4b097b40cda613076647ebeb78710504cfb784942971b31cc0385ea0339d5ee5,1.1882,0.199,0.0,87.6154,,,0,,,3024
blur,m65,0.3,,0,0,,0.157,0.0,,4032,0.0735,14.4384,4b097b40cda613076647ebeb78710504cfb784942971b31cc0385ea0339d5ee5,1.1148,0.1409,0.0,87.6154,,,0,,,3024
edge,m65,2.0,0.1465,,,13.0651,336.2726,0.0001,0,4032,0.2049,1.9954,4b097b40cda613076647ebeb78710504cfb784942971b31cc0385ea0339d5ee5,92.9323,676.6001,0.0,87.6154,438.1669,858.3163,1,0.0,47.093,1922
edge,m65,1.0,0.1469,,,13.0298,336.6252,0.0001,0,4032,0.2049,1.0024,4b097b40cda613076647ebeb78710504cfb784942971b31cc0385ea0339d5ee5,92.9323,676.6001,0.0,87.6154,439.3073,857.6101,1,0.0,47.093,1835
edge,m65,0.5,0.1466,,,13.0499,338.4054,0.0001,0,4032,0.2049,0.5002,4b097b40cda613076647ebeb78710504cfb784942971b31cc0385ea0339d5ee5,92.9323,676.6001,0.0,87.6154,437.9888,855.9715,1,0.0,47.093,1791
edge,m65,0.25,0.1318,,,14.9166,337.7284,0.0001,0,4032,0.2049,0.2491,4b097b40cda613076647ebeb78710504cfb784942971b31cc0385ea0339d5ee5,92.9323,676.6001,0.0,87.6154,451.5261,631.1669,1,0.0,41.2326,1769
edge,m65,0.1,0.1466,,,13.0508,339.8056,0.0001,0,4032,0.2043,0.1007,4b097b40cda613076647ebeb78710504cfb784942971b31cc0385ea0339d5ee5,93.4003,692.2431,0.0,87.6154,437.9888,855.9715,1,0.0,47.093,1756
edge,m65,0.0,0.1469,,,13.0273,341.9099,0.0001,0,4032,0.2036,0.0,4b097b40cda613076647ebeb78710504cfb784942971b31cc0385ea0339d5ee5,94.9717,698.7403,0.0,87.6154,439.3073,857.6101,1,0.0,47.093,1747
edge,m65,-0.5,0.1467,,,13.0483,342.8718,0.0001,0,4032,0.202,0.0,4b097b40cda613076647ebeb78710504cfb784942971b31cc0385ea0339d5ee5,100.1547,732.3504,0.0,87.6154,439.4096,860.5961,1,0.0,47.093,1703
edge,m65,-1.0,0.1469,0,0,13.0323,340.1887,0.0001,0,4032,0.1993,0.0,4b097b40cda613076647ebeb78710504cfb784942971b31cc0385ea0339d5ee5,100.0613,734.2534,0.0,87.6154,439.3073,857.6101,0,0.0,47.093,1660
edge,m65,-2.0,0.1465,0,0,13.0783,332.3083,0.0001,0,4032,0.1943,0.0,4b097b40cda613076647ebeb78710504cfb784942971b31cc0385ea0339d5ee5,100.751,713.2325,0.0,87.6154,438.1669,858.3163,0,0.0,47.093,1572
glare,m65,0.3,0.1327,,,14.9239,340.618,0.002,0,4032,0.1561,14.4384,4b097b40cda613076647ebeb78710504cfb784942971b31cc0385ea0339d5ee5,57.3153,405.8824,0.0,87.6154,460.6701,644.6243,1,0.0,41.2326,3024
glare,m65,0.5,0.1327,,,14.9239,337.3001,0.002,0,4032,0.1288,14.4384,4b097b40cda613076647ebeb78710504cfb784942971b31cc0385ea0339d5ee5,38.4561,267.0019,0.0,87.6154,460.6701,644.6243,1,0.0,41.2326,3024
glare,m65,0.7,0.1327,,,14.9239,334.5102,0.002,0,4032,0.1093,14.4384,4b097b40cda613076647ebeb78710504cfb784942971b31cc0385ea0339d5ee5,24.0886,160.7952,0.0,87.6154,460.6701,644.6243,1,0.0,41.2326,3024
glare,m65,0.85,0.1327,,,14.9239,332.7623,0.002,0,4032,0.1031,14.4384,4b097b40cda613076647ebeb78710504cfb784942971b31cc0385ea0339d5ee5,16.2026,103.3264,0.0,87.6154,460.6701,644.6243,1,0.0,41.2326,3024
glare,m65,1.0,0.1327,,,14.9239,331.3097,0.0028,0,4032,0.1053,14.4384,4b097b40cda613076647ebeb78710504cfb784942971b31cc0385ea0339d5ee5,10.7406,64.2883,0.1378,87.6154,460.6701,644.6243,1,0.0,41.2326,3024
glare,m65,1.5,0.1327,0,0,14.9239,327.9268,0.0089,0,4032,0.0723,14.4384,4b097b40cda613076647ebeb78710504cfb784942971b31cc0385ea0339d5ee5,3.0199,14.0611,0.5973,87.6154,460.6701,644.6243,0,0.0,41.2326,3024
glare,m65,2.5,0.1327,0,0,14.9239,323.4834,0.0164,0,4032,0.02,14.4384,4b097b40cda613076647ebeb78710504cfb784942971b31cc0385ea0339d5ee5,0.3288,0.4791,0.8933,87.6154,460.5055,644.4361,0,0.0,41.2326,3024
glare,m65,4.0,0.1326,0,0,14.9239,318.7949,0.0234,0,4032,0.0,14.4384,4b097b40cda613076647ebeb78710504cfb784942971b31cc0385ea0339d5ee5,0.0,0.0,1.0,87.6154,459.7362,643.0942,0,0.0,41.2326,3024
motion,m65,0.05,0.1193,,,14.9239,292.4346,0.0017,0,4032,0.202,14.4384,4b097b40cda613076647ebeb78710504cfb784942971b31cc0385ea0339d5ee5,38.6611,529.4033,0.0,87.6154,191.8662,323.0151,1,0.0,41.2326,3024
motion,m65,0.1,0.1935,,,14.55,182.6857,0.0012,1,4032,0.1948,14.4384,4b097b40cda613076647ebeb78710504cfb784942971b31cc0385ea0339d5ee5,20.8592,309.3116,0.0,87.6154,21.7832,319.1809,1,0.0,86.9515,3024
motion,m65,0.15,0.1827,,,13.545,140.1463,0.001,1,4032,0.1886,14.4384,4b097b40cda613076647ebeb78710504cfb784942971b31cc0385ea0339d5ee5,15.9301,231.101,0.0,87.6154,15.3147,264.606,1,0.0,92.9641,3024
motion,m65,0.2,0.1722,,,12.6471,117.6287,0.0008,1,4032,0.1811,14.4384,4b097b40cda613076647ebeb78710504cfb784942971b31cc0385ea0339d5ee5,12.5078,179.2402,0.0,87.6154,11.2774,228.1432,1,0.0,99.6279,3024
motion,m65,0.3,0.163,,,13.0667,101.7316,0.0006,1,4032,0.17,14.4384,4b097b40cda613076647ebeb78710504cfb784942971b31cc0385ea0339d5ee5,9.6409,136.9463,0.0,87.6154,8.9254,168.5524,1,0.0,95.9635,3024
motion,m65,0.4,0.0649,,,8.6,91.1551,0.0005,0,4032,0.1604,14.4384,4b097b40cda613076647ebeb78710504cfb784942971b31cc0385ea0339d5ee5,7.6795,105.1676,0.0,87.6154,18.081,71.3557,1,0.0,58.6046,3024
motion,m65,0.5,0.0674,0,0,21.375,83.9708,0.0003,0,4032,0.1542,14.4384,4b097b40cda613076647ebeb78710504cfb784942971b31cc0385ea0339d5ee5,6.4748,86.2274,0.0,87.6154,11.8701,26.6889,0,0.0,46.8837,3024
motion,m65,0.7,,0,0,,74.2818,0.0002,,4032,0.1458,14.4384,4b097b40cda613076647ebeb78710504cfb784942971b31cc0385ea0339d5ee5,5.069,64.8097,0.0,87.6154,,,0,,,3024
motion,m65,1.0,,0,0,,64.0296,0.0,,4032,0.1389,14.4384,4b097b40cda613076647ebeb78710504cfb784942971b31cc0385ea0339d5ee5,4.0863,51.0131,0.0,87.6154,,,0,,,3024
scale,m65,48,0.1315,,,14.6666,351.4669,0.002,0,2209,0.2047,14.4406,4b097b40cda613076647ebeb78710504cfb784942971b31cc0385ea0339d5ee5,403.9395,664.8864,0.0,48.0016,2461.7804,503.2107,1,0.0,22.9896,1657
scale,m65,40,0.1286,,,15.0027,353.1918,0.002,0,1841,0.2047,14.4411,4b097b40cda613076647ebeb78710504cfb784942971b31cc0385ea0339d5ee5,637.9528,677.6077,0.0,40.0049,3641.3243,373.4359,1,0.0,18.7311,1381
scale,m65,32,0.1442,,,12.9824,350.5157,0.002,0,1473,0.2045,14.4286,4b097b40cda613076647ebeb78710504cfb784942971b31cc0385ea0339d5ee5,1098.9719,1098.9719,0.0,32.0083,4932.0089,373.4939,1,0.0,17.1395,1104
scale,m65,26,0.1194,,,15.1624,337.0827,0.002,0,1197,0.2042,14.4264,4b097b40cda613076647ebeb78710504cfb784942971b31cc0385ea0339d5ee5,1756.3843,531.2436,0.0,26.0108,6613.9769,147.1613,1,0.0,11.99,897
scale,m65,22,0.1413,,,12.8164,665.3916,0.002,0,1012,0.2034,14.4384,4b097b40cda613076647ebeb78710504cfb784942971b31cc0385ea0339d5ee5,2478.8076,431.9361,0.0,21.9908,7131.3561,168.727,1,0.0,12.0,759
scale,m65,18,0.1926,,,12.8793,807.1608,0.002,1,828,0.2023,14.4384,4b097b40cda613076647ebeb78710504cfb784942971b31cc0385ea0339d5ee5,3556.1933,330.2555,0.0,17.9924,3259.2131,408.3074,1,0.0,20.0,621
scale,m65,15,0.2047,,,14.7143,911.8392,0.0017,1,690,0.2025,14.4524,4b097b40cda613076647ebeb78710504cfb784942971b31cc0385ea0339d5ee5,5030.2612,242.8786,0.0,14.9937,5278.2942,214.6581,1,0.0,14.0,518
scale,m65,12,0.19,,,12.4286,967.1136,0.0009,1,552,0.1984,14.4384,4b097b40cda613076647ebeb78710504cfb784942971b31cc0385ea0339d5ee5,6806.8158,158.6563,0.0,11.995,5989.0664,236.9177,1,0.0,14.0,414
scale,m65,10,0.1833,,,11.5406,983.2458,0.0004,1,460,0.1957,14.4384,4b097b40cda613076647ebeb78710504cfb784942971b31cc0385ea0339d5ee5,8998.7663,122.4109,0.0,9.9958,7170.1272,198.8339,1,0.0,12.4375,345
scale,m65,8,0.1737,,,4.25,1063.7641,0.0003,0,368,0.1906,14.4384,4b097b40cda613076647ebeb78710504cfb784942971b31cc0385ea0339d5ee5,12701.4549,60.053,0.0,7.9966,836.1673,52.2622,1,0.0,16.0,276
scale,m65,6,0.1624,,,9.2885,1179.8015,0.0003,0,276,0.1787,14.4384,4b097b40cda613076647ebeb78710504cfb784942971b31cc0385ea0339d5ee5,16709.9068,35.9379,0.0,5.9975,12087.3834,29.7526,1,0.0,6.0,207
blur,m66,0.02,0.108,,,6.8309,57.8177,0.0,1,4160,0.1081,6.769,37306bb0ef4f8fd140632591f0c4cc8705e6bd746aea2ef3ced9c3b08f7c6ed9,6.3837,258.2099,0.0,101.5456,6.3867,251.9866,1,0.0,100.6703,3120
blur,m66,0.04,0.0798,,,2.2252,19.0423,0.0,0,4160,0.0872,6.769,37306bb0ef4f8fd140632591f0c4cc8705e6bd746aea2ef3ced9c3b08f7c6ed9,2.2776,55.5393,0.0,101.5456,1.3519,24.694,1,0.0,122.029,3120
blur,m66,0.06,0.0736,,,6.5716,6.9051,0.0,1,4160,0.0724,6.769,37306bb0ef4f8fd140632591f0c4cc8705e6bd746aea2ef3ced9c3b08f7c6ed9,1.6101,12.4267,0.0,101.5456,1.5911,13.8524,1,0.0,104.5939,3120
blur,m66,0.08,0.0525,0,0,8.7692,3.1176,0.0,0,4160,0.0634,6.769,37306bb0ef4f8fd140632591f0c4cc8705e6bd746aea2ef3ced9c3b08f7c6ed9,1.4271,3.3377,0.0,101.5456,1.5617,1.3094,0,0.0,78.6046,3120
blur,m66,0.1,,0,0,,1.6704,0.0,,4160,0.0579,6.769,37306bb0ef4f8fd140632591f0c4cc8705e6bd746aea2ef3ced9c3b08f7c6ed9,1.4493,1.1259,0.0,101.5456,,,0,,,3120
blur,m66,0.13,,0,0,,0.819,0.0,,4160,0.0531,6.769,37306bb0ef4f8fd140632591f0c4cc8705e6bd746aea2ef3ced9c3b08f7c6ed9,1.3081,0.3151,0.0,101.5456,,,0,,,3120
blur,m66,0.16,,0,0,,0.487,0.0,,4160,0.0503,6.769,37306bb0ef4f8fd140632591f0c4cc8705e6bd746aea2ef3ced9c3b08f7c6ed9,1.1585,0.1624,0.0,101.5456,,,0,,,3120
blur,m66,0.2,,0,0,,0.2998,0.0,,4160,0.0479,6.769,37306bb0ef4f8fd140632591f0c4cc8705e6bd746aea2ef3ced9c3b08f7c6ed9,1.0134,0.1042,0.0,101.5456,,,0,,,3120
blur,m66,0.25,,0,0,,0.2001,0.0,,4160,0.0461,6.769,37306bb0ef4f8fd140632591f0c4cc8705e6bd746aea2ef3ced9c3b08f7c6ed9,0.904,0.0742,0.0,101.5456,,,0,,,3120
blur,m66,0.3,,0,0,,0.1568,0.0,,4160,0.045,6.769,37306bb0ef4f8fd140632591f0c4cc8705e6bd746aea2ef3ced9c3b08f7c6ed9,0.8111,0.0578,0.0,101.5456,,,0,,,3120
edge,m66,2.0,0.123,,,2.0001,114.9917,0.0,1,4160,0.123,1.9954,37306bb0ef4f8fd140632591f0c4cc8705e6bd746aea2ef3ced9c3b08f7c6ed9,68.0765,591.2082,0.0,101.5456,67.6965,590.8264,1,0.0,101.8073,1686
edge,m66,1.0,0.1228,,,1.0598,117.556,0.0,1,4160,0.123,1.0008,37306bb0ef4f8fd140632591f0c4cc8705e6bd746aea2ef3ced9c3b08f7c6ed9,68.0765,591.2082,0.0,101.5456,67.0245,576.0314,1,0.0,100.8442,1585
edge,m66,0.5,0.1224,,,0.5867,118.5144,0.0,1,4160,0.123,0.4986,37306bb0ef4f8fd140632591f0c4cc8705e6bd746aea2ef3ced9c3b08f7c6ed9,68.0765,591.2082,0.0,101.5456,66.463,559.4926,1,0.0,99.7935,1534
edge,m66,0.25,0.1227,,,0.3391,119.2887,0.0,1,4160,0.123,0.2524,37306bb0ef4f8fd140632591f0c4cc8705e6bd746aea2ef3ced9c3b08f7c6ed9,68.0765,591.2082,0.0,101.5456,67.0919,579.3223,1,0.0,100.8492,1509
edge,m66,0.1,0.1225,,,0.1057,119.101,0.0,1,4160,0.1231,0.1047,37306bb0ef4f8fd140632591f0c4cc8705e6bd746aea2ef3ced9c3b08f7c6ed9,68.5775,600.8515,0.0,101.5456,66.582,556.8298,1,0.0,99.5027,1494
edge,m66,0.0,0.1228,,,0.1005,119.1079,0.0,1,4160,0.1233,0.0,37306bb0ef4f8fd140632591f0c4cc8705e6bd746aea2ef3ced9c3b08f7c6ed9,69.0179,604.0924,0.0,101.5456,67.1368,565.1053,1,0.0,99.7985,1483
edge,m66,-0.5,0.1227,0,0,0.0406,119.7867,0.0,0,4160,0.1236,0.0,37306bb0ef4f8fd140632591f0c4cc8705e6bd746aea2ef3ced9c3b08f7c6ed9,68.7434,617.4748,0.0,101.5456,66.5397,548.8615,0,0.0,98.3477,1433
edge,m66,-1.0,0.1215,0,0,0.0399,120.7844,0.0,0,4160,0.1233,0.0,37306bb0ef4f8fd140632591f0c4cc8705e6bd746aea2ef3ced9c3b08f7c6ed9,68.579,629.8637,0.0,101.5456,64.9721,514.9374,0,0.0,95.1749,1382
edge,m66,-2.0,0.1195,0,0,0.0359,121.4709,0.0,0,4160,0.123,0.0,37306bb0ef4f8fd140632591f0c4cc8705e6bd746aea2ef3ced9c3b08f7c6ed9,66.642,616.8738,0.0,101.5456,60.7184,424.6623,0,0.0,91.3019,1280
glare,m66,0.3,0.0971,,,6.7705,98.2082,0.0,1,4160,0.0971,6.769,37306bb0ef4f8fd140632591f0c4cc8705e6bd746aea2ef3ced9c3b08f7c6ed9,43.9206,359.5488,0.0,101.5456,43.9206,359.5488,1,0.0,101.526,3120
glare,m66,0.5,0.0836,,,6.4334,94.2377,0.0,1,4160,0.0828,6.769,37306bb0ef4f8fd140632591f0c4cc8705e6bd746aea2ef3ced9c3b08f7c6ed9,30.247,239.3619,0.0,101.5456,30.6709,278.0847,1,0.0,106.7685,3120
glare,m66,0.7,0.0736,,,6.59,91.0483,0.0,1,4160,0.073,6.769,37306bb0ef4f8fd140632591f0c4cc8705e6bd746aea2ef3ced9c3b08f7c6ed9,19.8648,147.9468,0.0005,101.5456,20.0385,159.1015,1,0.0005,104.291,3120
glare,m66,0.85,0.0701,,,6.4989,89.1592,0.0001,1,4160,0.0693,6.769,37306bb0ef4f8fd140632591f0c4cc8705e6bd746aea2ef3ced9c3b08f7c6ed9,13.9919,97.132,0.0107,101.5456,14.1485,107.9676,1,0.0103,105.7096,3120
glare,m66,1.0,0.0616,0,0,13.3077,87.7283,0.0034,1,4160,0.0697,6.769,37306bb0ef4f8fd140632591f0c4cc8705e6bd746aea2ef3ced9c3b08f7c6ed9,9.6411,62.4751,0.2568,101.5456,8.455,31.7624,0,0.1325,78.6046,3120
glare,m66,1.5,0.097,0,0,2.3,85.1652,0.0192,0,4160,0.0481,6.769,37306bb0ef4f8fd140632591f0c4cc8705e6bd746aea2ef3ced9c3b08f7c6ed9,3.0214,16.181,0.6488,101.5456,26.744,139.7538,0,0.0,120.9302,3120
glare,m66,2.5,0.0976,0,0,2.2752,83.1094,0.038,0,4160,0.0109,6.769,37306bb0ef4f8fd140632591f0c4cc8705e6bd746aea2ef3ced9c3b08f7c6ed9,0.233,0.4366,0.9396,101.5456,26.6732,141.1398,0,0.0,122.0121,3120
glare,m66,4.0,0.0966,0,0,2.273,81.6461,0.0556,0,4160,0.0,6.769,37306bb0ef4f8fd140632591f0c4cc8705e6bd746aea2ef3ced9c3b08f7c6ed9,0.0,0.0,1.0,101.5456,26.5743,139.8533,0,0.0,122.109,3120
motion,m66,0.05,0.1186,,,6.7586,88.7744,0.0,1,4160,0.1186,6.769,37306bb0ef4f8fd140632591f0c4cc8705e6bd746aea2ef3ced9c3b08f7c6ed9,24.5022,474.8293,0.0,101.5456,24.5022,476.9781,1,0.0,101.7037,3120
motion,m66,0.1,0.1105,,,6.6773,62.9741,0.0,1,4160,0.1103,6.769,37306bb0ef4f8fd140632591f0c4cc8705e6bd746aea2ef3ced9c3b08f7c6ed9,16.8595,317.4234,0.0,101.5456,16.7156,325.2802,1,0.0,102.9423,3120
motion,m66,0.15,0.0824,,,2.25,49.7091,0.0,0,4160,0.1035,6.769,37306bb0ef4f8fd140632591f0c4cc8705e6bd746aea2ef3ced9c3b08f7c6ed9,14.2207,249.3227,0.0,101.5456,2.9762,41.596,1,0.0,120.9302,3120
motion,m66,0.2,0.0633,,,14.5159,44.0419,0.0,0,4160,0.0989,6.769,37306bb0ef4f8fd140632591f0c4cc8705e6bd746aea2ef3ced9c3b08f7c6ed9,13.0411,226.3538,0.0,101.5456,3.1438,11.5639,1,0.0,67.0635,3120
motion,m66,0.3,0.0572,,,13.3662,38.6767,0.0,0,4160,0.0938,6.769,37306bb0ef4f8fd140632591f0c4cc8705e6bd746aea2ef3ced9c3b08f7c6ed9,11.6251,202.8455,0.0,101.5456,2.4962,10.2576,1,0.0,73.254,3120
motion,m66,0.4,0.0758,0,0,9.5,35.9694,0.0,0,4160,0.0909,6.769,37306bb0ef4f8fd140632591f0c4cc8705e6bd746aea2ef3ced9c3b08f7c6ed9,10.6664,190.8724,0.0,101.5456,3.9315,26.9879,0,0.0,72.5581,3120
motion,m66,0.5,,0,0,,34.44,0.0,,4160,0.0896,6.769,37306bb0ef4f8fd140632591f0c4cc8705e6bd746aea2ef3ced9c3b08f7c6ed9,10.0874,184.6688,0.0,101.5456,,,0,,,3120
motion,m66,0.7,,0,0,,32.3426,0.0,,4160,0.0879,6.769,37306bb0ef4f8fd140632591f0c4cc8705e6bd746aea2ef3ced9c3b08f7c6ed9,9.034,174.6525,0.0,101.5456,,,0,,,3120
motion,m66,1.0,,0,0,,30.1084,0.0,,4160,0.0861,6.769,37306bb0ef4f8fd140632591f0c4cc8705e6bd746aea2ef3ced9c3b08f7c6ed9,7.8369,160.6164,0.0,101.5456,,,0,,,3120
scale,m66,48,0.1227,,,6.8439,107.2992,0.0,1,1966,0.123,6.7713,37306bb0ef4f8fd140632591f0c4cc8705e6bd746aea2ef3ced9c3b08f7c6ed9,327.9004,593.7692,0.0,47.9901,327.0632,582.2975,1,0.0,47.393,1475
scale,m66,40,0.1232,,,6.6739,107.9264,0.0,1,1639,0.123,6.7677,37306bb0ef4f8fd140632591f0c4cc8705e6bd746aea2ef3ced9c3b08f7c6ed9,528.9749,606.7104,0.0,40.008,531.3878,630.8774,1,0.0,40.5603,1229
scale,m66,32,0.1227,,,6.7011,107.0171,0.0,1,1311,0.1228,6.7673,37306bb0ef4f8fd140632591f0c4cc8705e6bd746aea2ef3ced9c3b08f7c6ed9,927.85,927.85,0.0,32.0015,924.9544,653.4925,1,0.0,32.4101,983
scale,m66,26,0.1217,,,6.738,102.999,0.0,1,1065,0.1221,6.7712,37306bb0ef4f8fd140632591f0c4cc8705e6bd746aea2ef3ced9c3b08f7c6ed9,1492.4992,478.6104,0.0,25.9967,1521.1034,495.8228,1,0.0,26.0261,799
scale,m66,22,0.1211,,,6.4265,222.6615,0.0,1,901,0.121,6.7716,37306bb0ef4f8fd140632591f0c4cc8705e6bd746aea2ef3ced9c3b08f7c6ed9,2136.9935,404.4951,0.0,21.9934,2134.9417,471.5741,1,0.0,22.9719,676
scale,m66,18,0.0966,,,2.3718,321.7181,0.0,0,737,0.1185,6.7721,37306bb0ef4f8fd140632591f0c4cc8705e6bd746aea2ef3ced9c3b08f7c6ed9,2963.5949,308.8315,0.0,17.9902,488.5403,78.5703,1,0.0,20.8648,553
scale,m66,15,0.071,,,14.6,422.8972,0.0,0,615,0.1154,6.7654,37306bb0ef4f8fd140632591f0c4cc8705e6bd746aea2ef3ced9c3b08f7c6ed9,3758.1904,211.1935,0.0,15.0122,1747.9175,23.4926,1,0.0,9.9838,461
scale,m66,12,0.1085,,,7.9784,569.0188,0.0,1,492,0.1085,6.769,37306bb0ef4f8fd140632591f0c4cc8705e6bd746aea2ef3ced9c3b08f7c6ed9,4347.3185,116.464,0.0,12.0097,4743.8546,68.3644,1,0.0,10.0,369
scale,m66,10,,0,0,,696.9543,0.0,,410,0.1015,6.758,37306bb0ef4f8fd140632591f0c4cc8705e6bd746aea2ef3ced9c3b08f7c6ed9,4761.8008,68.3876,0.0,10.0081,,,0,,,307
scale,m66,8,,0,0,,860.4309,0.0,,328,0.0921,6.769,37306bb0ef4f8fd140632591f0c4cc8705e6bd746aea2ef3ced9c3b08f7c6ed9,4416.6401,22.9669,0.0,8.0065,,,0,,,246
scale,m66,6,,0,0,,1086.1047,0.0,,246,0.079,6.7507,37306bb0ef4f8fd140632591f0c4cc8705e6bd746aea2ef3ced9c3b08f7c6ed9,3509.8897,8.7271,0.0,6.0049,,,0,,,184
blur,m68,0.02,0.109,,,5.1,53.4777,0.0003,1,1600,0.109,5.0998,254bbea508fa319de8a4850aee2180547cc989ace30983ff0d1095a58805b4d4,29.1012,77.4705,0.0,46.512,28.9922,77.0834,1,0.0,46.5116,1200
blur,m68,0.04,0.1004,,,5.1,13.23,0.0001,1,1600,0.1003,5.0998,254bbea508fa319de8a4850aee2180547cc989ace30983ff0d1095a58805b4d4,7.9623,23.9931,0.0,46.512,7.9333,23.8532,1,0.0,46.5116,1200
blur,m68,0.06,0.0925,,,5.1,4.4924,0.0,1,1600,0.0925,5.0998,254bbea508fa319de8a4850aee2180547cc989ace30983ff0d1095a58805b4d4,3.5814,7.7376,0.0,46.512,3.5737,7.6787,1,0.0,46.5116,1200
blur,m68,0.08,0.0849,,,4.9048,1.9506,0.0,1,1600,0.0859,5.0998,254bbea508fa319de8a4850aee2180547cc989ace30983ff0d1095a58805b4d4,2.3053,2.9007,0.0,46.512,2.2912,3.4689,1,0.0,48.8372,1200
blur,m68,0.1,0.079,,,5.0,1.069,0.0,1,1600,0.0803,5.0998,254bbea508fa319de8a4850aee2180547cc989ace30983ff0d1095a58805b4d4,1.907,1.3833,0.0,46.512,1.901,1.7133,1,0.0,48.8372,1200
blur,m68,0.13,,0,0,,0.5902,0.0,,1600,0.0728,5.0998,254bbea508fa319de8a4850aee2180547cc989ace30983ff0d1095a58805b4d4,1.7715,0.713,0.0,46.512,,,0,,,1200
blur,m68,0.16,,0,0,,0.4148,0.0,,1600,0.0665,5.0998,254bbea508fa319de8a4850aee2180547cc989ace30983ff0d1095a58805b4d4,1.7255,0.4928,0.0,46.512,,,0,,,1200
blur,m68,0.2,,0,0,,0.3088,0.0,,1600,0.06,5.0998,254bbea508fa319de8a4850aee2180547cc989ace30983ff0d1095a58805b4d4,1.64,0.3463,0.0,46.512,,,0,,,1200
blur,m68,0.25,,0,0,,0.2502,0.0,,1600,0.0549,5.0998,254bbea508fa319de8a4850aee2180547cc989ace30983ff0d1095a58805b4d4,1.6438,0.268,0.0,46.512,,,0,,,1200
blur,m68,0.3,,0,0,,0.2222,0.0,,1600,0.0522,5.0998,254bbea508fa319de8a4850aee2180547cc989ace30983ff0d1095a58805b4d4,1.5593,0.2469,0.0,46.512,,,0,,,1200
edge,m68,2.0,0.1159,,,2.0917,135.4951,0.0006,1,1600,0.114,1.9971,254bbea508fa319de8a4850aee2180547cc989ace30983ff0d1095a58805b4d4,156.3484,163.4184,0.0,46.512,164.3559,157.6279,1,0.0,44.4651,758
edge,m68,1.0,0.1159,,,1.0466,135.9901,0.0007,1,1600,0.114,1.0081,254bbea508fa319de8a4850aee2180547cc989ace30983ff0d1095a58805b4d4,156.3484,163.4184,0.0,46.512,164.3581,157.0075,1,0.0,44.4651,712
edge,m68,0.5,0.1159,,,0.5227,136.5718,0.0007,1,1600,0.114,0.4921,254bbea508fa319de8a4850aee2180547cc989ace30983ff0d1095a58805b4d4,156.3484,163.4184,0.0,46.512,164.3559,157.6279,1,0.0,44.4651,688
edge,m68,0.25,0.1159,,,0.3129,135.2104,0.0007,1,1600,0.114,0.2556,254bbea508fa319de8a4850aee2180547cc989ace30983ff0d1095a58805b4d4,156.3484,163.4184,0.0,46.512,165.0698,157.7369,1,0.0,44.4651,677
edge,m68,0.1,0.116,,,0.0523,133.1919,0.0007,1,1600,0.1142,0.1051,254bbea508fa319de8a4850aee2180547cc989ace30983ff0d1095a58805b4d4,158.6955,166.5835,0.0,46.512,166.8478,159.318,1,0.0,44.4651,670
edge,m68,0.0,0.1163,,,0.0521,131.9641,0.0007,1,1600,0.1144,0.0,254bbea508fa319de8a4850aee2180547cc989ace30983ff0d1095a58805b4d4,160.4267,167.1199,0.0,46.512,168.3079,161.8046,1,0.0,44.4651,665
edge,m68,-0.5,0.1153,0,0,0.0523,131.0668,0.0007,0,1600,0.1135,0.0,254bbea508fa319de8a4850aee2180547cc989ace30983ff0d1095a58805b4d4,155.0632,159.8463,0.0,46.512,162.7063,153.8136,0,0.0,44.4651,642
edge,m68,-1.0,0.1172,0,0,0.0521,131.1665,0.0008,0,1600,0.1153,0.0,254bbea508fa319de8a4850aee2180547cc989ace30983ff0d1095a58805b4d4,161.672,167.1936,0.0,46.512,169.6994,161.0091,0,0.0,44.4651,619
edge,m68,-2.0,0.1168,0,0,0.0523,118.6563,0.0008,0,1600,0.115,0.0,254bbea508fa319de8a4850aee2180547cc989ace30983ff0d1095a58805b4d4,151.365,156.7617,0.0,46.512,158.9612,151.8064,0,0.0,44.4651,572
glare,m68,0.3,0.0886,,,5.387,114.4717,0.0004,1,1600,0.0868,5.0998,254bbea508fa319de8a4850aee2180547cc989ace30983ff0d1095a58805b4d4,99.7024,102.2013,0.0,46.512,104.7402,98.7083,1,0.0,44.4651,1200
glare,m68,0.5,0.0745,,,5.1,108.182,0.0004,1,1600,0.0745,5.0998,254bbea508fa319de8a4850aee2180547cc989ace30983ff0d1095a58805b4d4,69.5886,70.2113,0.0,46.512,69.5886,70.2113,1,0.0,46.5116,1200
glare,m68,0.7,0.0684,,,4.8571,102.8299,0.0004,1,1600,0.0699,5.0998,254bbea508fa319de8a4850aee2180547cc989ace30983ff0d1095a58805b4d4,45.7238,45.3804,0.0,46.512,43.3658,47.5321,1,0.0,48.8372,1200
glare,m68,0.85,0.0725,,,5.1,99.416,0.0004,1,1600,0.0725,5.0998,254bbea508fa319de8a4850aee2180547cc989ace30983ff0d1095a58805b4d4,32.1538,31.4909,0.0,46.512,32.1538,31.4909,1,0.0,46.5116,1200
glare,m68,1.0,0.0747,0,0,10.2349,96.5234,0.0047,0,1600,0.0799,5.0998,254bbea508fa319de8a4850aee2180547cc989ace30983ff0d1095a58805b4d4,22.2265,21.6578,0.2145,46.512,25.6807,29.4418,0,0.0414,49.0451,1200
glare,m68,1.5,0.1196,0,0,8.5,89.6558,0.0343,0,1600,0.0568,5.0998,254bbea508fa319de8a4850aee2180547cc989ace30983ff0d1095a58805b4d4,6.583,6.3324,0.6405,46.512,411.639,210.0684,0,0.0,32.5581,1200
glare,m68,2.5,0.1171,0,0,8.5,81.9743,0.0734,0,1600,0.0101,5.0998,254bbea508fa319de8a4850aee2180547cc989ace30983ff0d1095a58805b4d4,0.1949,0.0638,0.9298,46.512,395.519,201.8143,0,0.0,32.5581,1200
glare,m68,4.0,0.1136,0,0,8.5,75.4876,0.1072,0,1600,0.0,5.0998,254bbea508fa319de8a4850aee2180547cc989ace30983ff0d1095a58805b4d4,0.0,0.0,1.0,46.512,371.8499,189.7315,0,0.0,32.5581,1200
motion,m68,0.05,0.113,,,5.1,110.4495,0.0004,1,1600,0.113,5.0998,254bbea508fa319de8a4850aee2180547cc989ace30983ff0d1095a58805b4d4,107.6234,141.4345,0.0,46.512,107.1646,140.8139,1,0.0,46.5116,1200
motion,m68,0.1,0.1085,,,5.1,75.3474,0.0004,1,1600,0.1085,5.0998,254bbea508fa319de8a4850aee2180547cc989ace30983ff0d1095a58805b4d4,58.7245,84.9515,0.0,46.512,58.4758,84.5284,1,0.0,46.5116,1200
motion,m68,0.15,0.1051,,,5.05,65.9268,0.0003,1,1600,0.105,5.0998,254bbea508fa319de8a4850aee2180547cc989ace30983ff0d1095a58805b4d4,45.3329,63.2442,0.0,46.512,44.8614,62.4474,1,0.0,46.5116,1200
motion,m68,0.2,0.1018,,,5.05,60.8339,0.0003,1,1600,0.1017,5.0998,254bbea508fa319de8a4850aee2180547cc989ace30983ff0d1095a58805b4d4,37.5389,50.158,0.0,46.512,37.1534,49.5645,1,0.0,46.5116,1200
motion,m68,0.3,0.095,,,5.15,54.816,0.0003,1,1600,0.095,5.0998,254bbea508fa319de8a4850aee2180547cc989ace30983ff0d1095a58805b4d4,27.798,35.347,0.0,46.512,27.6859,35.1661,1,0.0,46.5116,1200
motion,m68,0.4,0.0899,,,5.05,51.7425,0.0003,1,1600,0.0897,5.0998,254bbea508fa319de8a4850aee2180547cc989ace30983ff0d1095a58805b4d4,22.6278,28.7952,0.0,46.512,22.3131,28.3557,1,0.0,46.5116,1200
motion,m68,0.5,0.0852,,,4.8571,50.0349,0.0003,1,1600,0.086,5.0998,254bbea508fa319de8a4850aee2180547cc989ace30983ff0d1095a58805b4d4,19.8872,25.1453,0.0,46.512,18.6095,26.4985,1,0.0,48.8372,1200
motion,m68,0.7,0.0788,0,0,5.1,47.0052,0.0003,0,1600,0.0783,5.0998,254bbea508fa319de8a4850aee2180547cc989ace30983ff0d1095a58805b4d4,15.2826,19.0595,0.0,46.512,15.0846,18.7801,0,0.0,46.5116,1200
motion,m68,1.0,,0,0,,44.0451,0.0003,,1600,0.0726,5.0998,254bbea508fa319de8a4850aee2180547cc989ace30983ff0d1095a58805b4d4,11.6162,14.7022,0.0,46.512,,,0,,,1200
scale,m68,40,0.1141,,,5.1,124.22,0.0004,1,1376,0.1141,5.0998,254bbea508fa319de8a4850aee2180547cc989ace30983ff0d1095a58805b4d4,172.4259,159.556,0.0,40.0003,172.4259,159.556,1,0.0,40.0,1032
scale,m68,32,0.1142,,,5.1297,121.2119,0.0004,1,1101,0.1139,5.1014,254bbea508fa319de8a4850aee2180547cc989ace30983ff0d1095a58805b4d4,260.2641,260.2641,0.0,32.0061,259.5324,259.5324,1,0.0,31.971,826
scale,m68,26,0.1111,,,4.7073,254.7881,0.0004,1,894,0.1137,5.1036,254bbea508fa319de8a4850aee2180547cc989ace30983ff0d1095a58805b4d4,401.5878,126.5434,0.0,25.9886,365.4392,145.7811,1,0.0,28.0,671
scale,m68,22,0.1114,,,4.6728,321.598,0.0004,1,757,0.1139,5.1021,254bbea508fa319de8a4850aee2180547cc989ace30983ff0d1095a58805b4d4,593.101,108.3994,0.0,22.006,555.3616,132.3258,1,0.0,23.9683,568
scale,m68,18,0.1106,,,4.5073,436.4184,0.0004,1,619,0.1132,5.0971,254bbea508fa319de8a4850aee2180547cc989ace30983ff0d1095a58805b4d4,976.6328,92.1528,0.0,17.9943,889.941,120.3799,1,0.0,19.9677,464
scale,m68,15,0.1053,,,6.4832,553.6739,0.0003,1,516,0.1138,5.0998,254bbea508fa319de8a4850aee2180547cc989ace30983ff0d1095a58805b4d4,1546.5923,78.5466,0.0,15.0001,1425.8028,67.0409,1,0.0,16.0,387
scale,m68,12,0.1018,,,5.8713,727.2471,0.0003,1,413,0.1116,5.104,254bbea508fa319de8a4850aee2180547cc989ace30983ff0d1095a58805b4d4,2303.1626,51.8628,0.0,12.0059,1950.4376,74.5971,1,0.0,13.9662,310
scale,m68,10,0.1038,,,4.1667,875.5832,0.0002,1,344,0.1092,5.0998,254bbea508fa319de8a4850aee2180547cc989ace30983ff0d1095a58805b4d4,2921.3777,36.6075,0.0,10.0001,2306.4593,51.1946,1,0.0,12.0,258
scale,m68,8,0.0988,0,0,4.6167,1002.3936,0.0002,0,275,0.1063,5.0937,254bbea508fa319de8a4850aee2180547cc989ace30983ff0d1095a58805b4d4,3626.9213,15.9739,0.0,7.9942,3920.781,52.4406,0,0.0,9.9638,206
scale,m68,6,0.1048,0,0,4.3056,1128.8324,0.0003,0,206,0.1011,5.1163,254bbea508fa319de8a4850aee2180547cc989ace30983ff0d1095a58805b4d4,3896.1576,8.3822,0.0,5.9884,6319.6415,15.2186,0,0.0,6.0,155
blur,m69,0.02,0.1264,,,9.5387,153.9881,0.0136,1,2741,0.1349,5.7662,89f9b84a57901ec1c930b17c50fc382b819f3d7ac92b01cd2cfada23da61362f,20.9871,346.9792,0.0,74.6648,21.6041,333.6278,1,0.0,73.5356,1766
blur,m69,0.04,0.1074,,,10.2039,35.5912,0.0122,1,2741,0.1144,5.7662,89f9b84a57901ec1c930b17c50fc382b819f3d7ac92b01cd2cfada23da61362f,4.4921,72.2293,0.0,74.6648,4.7383,55.0328,1,0.0,68.3633,1766
blur,m69,0.06,0.0889,,,8.6872,9.6772,0.0112,1,2741,0.1,5.7662,89f9b84a57901ec1c930b17c50fc382b819f3d7ac92b01cd2cfada23da61362f,1.8418,16.8154,0.0,74.6648,1.7709,16.6682,1,0.0,78.439,1766
blur,m69,0.08,0.0789,,,8.5721,3.8328,0.0104,1,2741,0.0906,5.7662,89f9b84a57901ec1c930b17c50fc382b819f3d7ac92b01cd2cfada23da61362f,1.4084,4.9368,0.0,74.6648,1.4207,5.1935,1,0.0,79.9883,1766
blur,m69,0.1,0.0737,0,0,8.5143,1.8883,0.0097,0,2741,0.0839,5.7662,89f9b84a57901ec1c930b17c50fc382b819f3d7ac92b01cd2cfada23da61362f,1.3213,1.8095,0.0,74.6648,1.3781,2.0687,0,0.0,80.5178,1766
blur,m69,0.13,,0,0,,0.8697,0.0089,,2741,0.0767,5.7662,89f9b84a57901ec1c930b17c50fc382b819f3d7ac92b01cd2cfada23da61362f,1.4008,0.6219,0.0,74.6648,,,0,,,1766
blur,m69,0.16,,0,0,,0.512,0.0083,,2741,0.0715,5.7662,89f9b84a57901ec1c930b17c50fc382b819f3d7ac92b01cd2cfada23da61362f,1.3961,0.3177,0.0,74.6648,,,0,,,1766
blur,m69,0.2,,0,0,,0.3204,0.0076,,2741,0.0663,5.7662,89f9b84a57901ec1c930b17c50fc382b819f3d7ac92b01cd2cfada23da61362f,1.4571,0.1837,0.0,74.6648,,,0,,,1766
blur,m69,0.25,,0,0,,0.217,0.0067,,2741,0.0618,5.7662,89f9b84a57901ec1c930b17c50fc382b819f3d7ac92b01cd2cfada23da61362f,1.3421,0.1292,0.0,74.6648,,,0,,,1766
blur,m69,0.3,,0,0,,0.1707,0.0058,,2741,0.0584,5.7662,89f9b84a57901ec1c930b17c50fc382b819f3d7ac92b01cd2cfada23da61362f,1.163,0.1334,0.0,74.6648,,,0,,,1766
edge,m69,2.0,0.1451,,,2.1622,367.8513,0.0221,1,2741,0.1497,1.9996,89f9b84a57901ec1c930b17c50fc382b819f3d7ac92b01cd2cfada23da61362f,125.4711,816.8404,0.0,74.6648,131.0104,753.7165,1,0.0,69.8578,1206
edge,m69,1.0,0.1468,,,1.1124,371.5353,0.0235,1,2741,0.1497,0.9951,89f9b84a57901ec1c930b17c50fc382b819f3d7ac92b01cd2cfada23da61362f,125.4711,816.8404,0.0,74.6648,135.119,727.4786,1,0.0,68.0217,1131
edge,m69,0.5,0.1474,,,0.6461,374.4533,0.0242,1,2741,0.1497,0.4995,89f9b84a57901ec1c930b17c50fc382b819f3d7ac92b01cd2cfada23da61362f,125.4711,816.8404,0.0,74.6648,135.1473,725.8436,1,0.0,67.7282,1094
edge,m69,0.25,0.1447,,,0.2811,374.4583,0.0246,1,2741,0.1497,0.245,89f9b84a57901ec1c930b17c50fc382b819f3d7ac92b01cd2cfada23da61362f,125.4711,816.8404,0.0,74.6648,129.4301,747.5321,1,0.0,70.0514,1075
edge,m69,0.1,0.1481,,,0.1765,375.4691,0.0249,1,2741,0.1509,0.0977,89f9b84a57901ec1c930b17c50fc382b819f3d7ac92b01cd2cfada23da61362f,127.4969,830.7964,0.0,74.6648,136.4838,732.8748,1,0.0,67.7282,1064
edge,m69,0.0,0.1477,,,0.0542,374.4366,0.025,1,2741,0.1516,0.004,89f9b84a57901ec1c930b17c50fc382b819f3d7ac92b01cd2cfada23da61362f,128.8334,839.8666,0.0,74.6648,134.3797,768.8742,1,0.0,69.788,1057
edge,m69,-0.5,0.0382,0,0,12.8485,372.8395,0.0259,0,2741,0.1479,0.0,89f9b84a57901ec1c930b17c50fc382b819f3d7ac92b01cd2cfada23da61362f,125.4848,813.3678,0.0,74.6648,40.9641,1.1963,0,0.5538,12.3705,1019
edge,m69,-1.0,0.0299,0,0,6.1986,372.8502,0.0268,0,2741,0.1503,0.0,89f9b84a57901ec1c930b17c50fc382b819f3d7ac92b01cd2cfada23da61362f,129.7503,840.4187,0.0,74.6648,22.5678,5.5908,0,0.7071,24.3516,982
edge,m69,-2.0,0.0324,0,0,8.1579,365.8419,0.0288,0,2741,0.1463,0.0,89f9b84a57901ec1c930b17c50fc382b819f3d7ac92b01cd2cfada23da61362f,124.1754,796.4843,0.0,74.6648,27.9857,3.1538,0,0.6892,18.9931,907
glare,m69,0.3,0.116,,,9.6403,307.5316,0.0158,1,2741,0.1222,5.7662,89f9b84a57901ec1c930b17c50fc382b819f3d7ac92b01cd2cfada23da61362f,80.9514,515.8299,0.0,74.6648,76.2207,472.5294,1,0.0,72.7686,1766
glare,m69,0.5,0.102,,,9.7838,289.7903,0.0158,1,2741,0.1064,5.7662,89f9b84a57901ec1c930b17c50fc382b819f3d7ac92b01cd2cfada23da61362f,56.9482,358.4083,0.0,74.6648,51.2439,301.4943,1,0.0,71.7122,1766
glare,m69,0.7,0.0945,,,10.8941,274.3414,0.0158,1,2741,0.0936,5.7662,89f9b84a57901ec1c930b17c50fc382b819f3d7ac92b01cd2cfada23da61362f,38.1285,235.0247,0.0,74.6648,35.3799,145.8627,1,0.0,64.0377,1766
glare,m69,0.85,0.088,,,10.256,264.3002,0.0159,1,2741,0.0866,5.7662,89f9b84a57901ec1c930b17c50fc382b819f3d7ac92b01cd2cfada23da61362f,27.1478,164.7177,0.0,74.6648,22.0339,108.8162,1,0.0,68.0217,1766
glare,m69,1.0,0.0641,0,0,13.4368,255.6152,0.0239,0,2741,0.0826,5.7662,89f9b84a57901ec1c930b17c50fc382b819f3d7ac92b01cd2cfada23da61362f,18.8928,113.4237,0.3076,74.6648,221.6863,90.19,0,0.0,27.8881,1766
glare,m69,1.5,0.1258,0,0,11.7572,234.6004,0.0478,0,2741,0.0537,5.7662,89f9b84a57901ec1c930b17c50fc382b819f3d7ac92b01cd2cfada23da61362f,5.4456,31.4362,0.6629,74.6648,297.0596,250.8235,0,0.0,31.8721,1766
glare,m69,2.5,0.1227,0,0,11.7572,211.0027,0.0776,0,2741,0.0095,5.7662,89f9b84a57901ec1c930b17c50fc382b819f3d7ac92b01cd2cfada23da61362f,0.1857,0.2573,0.9393,74.6648,277.4954,234.1979,0,0.0,31.8721,1766
glare,m69,4.0,0.119,0,0,11.7145,192.1223,0.107,0,2741,0.0,5.7662,89f9b84a57901ec1c930b17c50fc382b819f3d7ac92b01cd2cfada23da61362f,0.0,0.0,1.0,74.6648,258.9856,258.9856,0,0.0,31.9883,1766
motion,m69,0.05,0.138,,,9.9845,279.3079,0.0155,1,2741,0.1438,5.7662,89f9b84a57901ec1c930b17c50fc382b819f3d7ac92b01cd2cfada23da61362f,57.2206,606.5799,0.0,74.6648,57.8791,535.3868,1,0.0,70.2469,1766
motion,m69,0.1,0.1291,,,10.3004,214.4694,0.015,1,2741,0.1352,5.7662,89f9b84a57901ec1c930b17c50fc382b819f3d7ac92b01cd2cfada23da61362f,37.7192,398.3053,0.0,74.6648,35.3664,304.5201,1,0.0,67.7282,1766
motion,m69,0.15,0.1169,,,10.3004,167.0139,0.0147,1,2741,0.1246,5.7662,89f9b84a57901ec1c930b17c50fc382b819f3d7ac92b01cd2cfada23da61362f,27.2017,264.2161,0.0,74.6648,23.2034,185.064,1,0.0,67.7282,1766
motion,m69,0.2,0.1075,,,10.1359,148.1305,0.0145,1,2741,0.1165,5.7662,89f9b84a57901ec1c930b17c50fc382b819f3d7ac92b01cd2cfada23da61362f,22.673,212.9541,0.0,74.6648,17.6018,138.0987,1,0.0,68.428,1766
motion,m69,0.3,0.1382,0,0,8.9166,134.2016,0.0142,0,2741,0.1069,5.7662,89f9b84a57901ec1c930b17c50fc382b819f3d7ac92b01cd2cfada23da61362f,18.3064,168.4085,0.0,74.6648,39.7593,46.852,0,0.0,36.2135,1766
motion,m69,0.4,0.0869,0,0,9.617,125.1232,0.0137,0,2741,0.0994,5.7662,89f9b84a57901ec1c930b17c50fc382b819f3d7ac92b01cd2cfada23da61362f,15.2031,138.4061,0.0,74.6648,9.4681,79.6904,0,0.0,71.7123,1766
motion,m69,0.5,,0,0,,120.4786,0.0134,,2741,0.0946,5.7662,89f9b84a57901ec1c930b17c50fc382b819f3d7ac92b01cd2cfada23da61362f,13.2504,118.6453,0.0,74.6648,,,0,,,1766
motion,m69,0.7,,0,0,,113.1867,0.0129,,2741,0.0881,5.7662,89f9b84a57901ec1c930b17c50fc382b819f3d7ac92b01cd2cfada23da61362f,10.5209,92.4792,0.0,74.6648,,,0,,,1766
motion,m69,1.0,0.0725,0,0,10.1938,105.3165,0.0123,0,2741,0.0834,5.7662,89f9b84a57901ec1c930b17c50fc382b819f3d7ac92b01cd2cfada23da61362f,8.0969,70.4039,0.0,74.6648,5.0324,27.5922,0,0.0,63.7442,1766
scale,m69,48,0.1446,,,9.9776,344.7155,0.0154,1,1762,0.1497,5.765,89f9b84a57901ec1c930b17c50fc382b819f3d7ac92b01cd2cfada23da61362f,413.9279,799.3572,0.0,47.9969,424.2052,765.3791,1,0.0,45.0773,1135
scale,m69,40,0.1436,,,9.607,342.8499,0.0152,1,1468,0.1497,5.7673,89f9b84a57901ec1c930b17c50fc382b819f3d7ac92b01cd2cfada23da61362f,682.9854,804.2761,0.0,39.9883,699.828,811.2905,1,0.0,39.0267,946
scale,m69,32,0.1441,,,9.9953,337.3661,0.0149,1,1175,0.1496,5.7659,89f9b84a57901ec1c930b17c50fc382b819f3d7ac92b01cd2cfada23da61362f,1253.496,1253.496,0.0,32.007,1356.9749,714.8033,1,0.0,29.9745,757
scale,m69,26,0.1265,,,12.9789,653.0882,0.0147,0,954,0.1492,5.7695,89f9b84a57901ec1c930b17c50fc382b819f3d7ac92b01cd2cfada23da61362f,2140.0773,678.2845,0.0,25.987,1985.1185,47.1361,1,0.0,10.0,615
scale,m69,22,0.1435,,,9.6271,912.9346,0.0144,1,808,0.148,5.7597,89f9b84a57901ec1c930b17c50fc382b819f3d7ac92b01cd2cfada23da61362f,3096.4703,541.0235,0.0,22.0099,3301.876,457.8352,1,0.0,20.356,520
scale,m69,18,0.1384,,,8.9319,1295.345,0.0142,1,661,0.1461,5.7679,89f9b84a57901ec1c930b17c50fc382b819f3d7ac92b01cd2cfada23da61362f,4453.8616,410.133,0.0,18.0056,4309.6548,451.7908,1,0.0,18.5782,426
scale,m69,15,0.1332,,,9.5221,1638.0105,0.0141,1,551,0.1416,5.7661,89f9b84a57901ec1c930b17c50fc382b819f3d7ac92b01cd2cfada23da61362f,5500.3521,274.6073,0.0,15.0092,5521.3678,257.8084,1,0.0,14.6548,355
scale,m69,12,0.1098,,,5.1356,1852.5211,0.0138,1,441,0.1358,5.7635,89f9b84a57901ec1c930b17c50fc382b819f3d7ac92b01cd2cfada23da61362f,6484.1282,150.5929,0.0,12.0128,3467.4649,254.7209,1,0.0,17.1152,284
scale,m69,10,0.1137,,,3.4948,1785.3687,0.0138,1,367,0.1303,5.7795,89f9b84a57901ec1c930b17c50fc382b819f3d7ac92b01cd2cfada23da61362f,7224.9816,91.2762,0.0,9.9971,4055.2595,213.4916,1,0.0,15.9565,237
scale,m69,8,,0,0,,1760.2875,0.013,,294,0.1225,5.7534,89f9b84a57901ec1c930b17c50fc382b819f3d7ac92b01cd2cfada23da61362f,7624.4325,33.9984,0.0,8.0086,,,0,,,189
scale,m69,6,,0,0,,1922.6522,0.0129,,220,0.1102,5.7766,89f9b84a57901ec1c930b17c50fc382b819f3d7ac92b01cd2cfada23da61362f,6537.0333,13.7212,0.0,5.9928,,,0,,,142
blur,m70,0.02,0.0776,,,19.5416,84.3706,0.0009,0,2816,0.0783,7.3498,19571c1106a56afdb8cd90c5b0600404f55da37341d5ded8ac67c7f81cf6b912,8.9256,181.2099,0.0,81.8611,13.0188,28.5893,1,0.0,42.0204,2112
blur,m70,0.04,0.0698,,,15.9199,17.3722,0.0004,0,2816,0.0639,7.3498,19571c1106a56afdb8cd90c5b0600404f55da37341d5ded8ac67c7f81cf6b912,1.9288,29.1431,0.0,81.8611,2.3583,6.2243,1,0.0,51.2253,2112
blur,m70,0.06,0.0463,0,0,13.3353,5.3966,0.0002,1,2816,0.0565,7.3498,19571c1106a56afdb8cd90c5b0600404f55da37341d5ded8ac67c7f81cf6b912,1.1473,4.757,0.0,81.8611,1.2967,2.243,0,0.0,62.0,2112
blur,m70,0.08,0.0395,0,0,13.2,2.3664,0.0001,0,2816,0.0523,7.3498,19571c1106a56afdb8cd90c5b0600404f55da37341d5ded8ac67c7f81cf6b912,1.0723,1.2869,0.0,81.8611,1.2116,0.67,0,0.0,61.3954,2112
blur,m70,0.1,,0,0,,1.2687,0.0,,2816,0.0494,7.3498,19571c1106a56afdb8cd90c5b0600404f55da37341d5ded8ac67c7f81cf6b912,1.0765,0.501,0.0,81.8611,,,0,,,2112
blur,m70,0.13,,0,0,,0.6476,0.0,,2816,0.0459,7.3498,19571c1106a56afdb8cd90c5b0600404f55da37341d5ded8ac67c7f81cf6b912,1.0784,0.2385,0.0,81.8611,,,0,,,2112
blur,m70,0.16,,0,0,,0.4059,0.0,,2816,0.0431,7.3498,19571c1106a56afdb8cd90c5b0600404f55da37341d5ded8ac67c7f81cf6b912,1.0332,0.1698,0.0,81.8611,,,0,,,2112
blur,m70,0.2,,0,0,,0.2627,0.0,,2816,0.0396,7.3498,19571c1106a56afdb8cd90c5b0600404f55da37341d5ded8ac67c7f81cf6b912,1.043,0.1372,0.0,81.8611,,,0,,,2112
blur,m70,0.25,,0,0,,0.1892,0.0,,2816,0.0355,7.3498,19571c1106a56afdb8cd90c5b0600404f55da37341d5ded8ac67c7f81cf6b912,1.0011,0.1367,0.0,81.8611,,,0,,,2112
blur,m70,0.3,,0,0,,0.1614,0.0,,2816,0.0318,7.3498,19571c1106a56afdb8cd90c5b0600404f55da37341d5ded8ac67c7f81cf6b912,0.92,0.1642,0.0,81.8611,,,0,,,2112
edge,m70,2.0,0.0953,,,0.5269,197.3866,0.0002,0,2816,0.0909,1.9996,19571c1106a56afdb8cd90c5b0600404f55da37341d5ded8ac67c7f81cf6b912,94.926,456.6479,0.0,81.8611,163.5716,271.2813,1,0.0,46.3872,1298
edge,m70,1.0,0.1682,,,0.6086,197.7142,0.0002,0,2816,0.0909,0.9979,19571c1106a56afdb8cd90c5b0600404f55da37341d5ded8ac67c7f81cf6b912,94.926,456.6479,0.0,81.8611,200.0255,650.9437,1,0.0005,74.0,1216
edge,m70,0.5,0.0844,,,0.7641,198.5669,0.0002,1,2816,0.0909,0.497,19571c1106a56afdb8cd90c5b0600404f55da37341d5ded8ac67c7f81cf6b912,94.926,456.6479,0.0,81.8611,83.6301,202.5956,1,0.0,58.1057,1175
edge,m70,0.25,0.1489,,,1.1943,197.7719,0.0002,0,2816,0.0909,0.2527,19571c1106a56afdb8cd90c5b0600404f55da37341d5ded8ac67c7f81cf6b912,94.926,456.6479,0.0,81.8611,196.1558,584.7196,1,0.0,75.0346,1155
edge,m70,0.1,0.1821,,,0.1995,197.5828,0.0002,0,2816,0.0916,0.0939,19571c1106a56afdb8cd90c5b0600404f55da37341d5ded8ac67c7f81cf6b912,97.0602,467.0583,0.0,81.8611,203.0667,737.1981,1,0.0005,80.574,1142
edge,m70,0.0,0.1352,,,0.9855,196.4985,0.0002,0,2816,0.0921,0.0,19571c1106a56afdb8cd90c5b0600404f55da37341d5ded8ac67c7f81cf6b912,98.4136,473.5968,0.0,81.8611,180.8469,441.7435,1,0.0,66.3675,1134
edge,m70,-0.5,0.1373,0,0,0.4106,191.8518,0.0002,0,2816,0.0933,0.0,19571c1106a56afdb8cd90c5b0600404f55da37341d5ded8ac67c7f81cf6b912,98.9557,481.814,0.0,81.8611,183.8312,471.4721,0,0.0,68.6727,1093
edge,m70,-1.0,0.1369,0,0,0.0576,185.414,0.0002,0,2816,0.0934,0.0,19571c1106a56afdb8cd90c5b0600404f55da37341d5ded8ac67c7f81cf6b912,100.4553,482.2035,0.0,81.8611,188.0783,479.7846,0,0.0,67.2819,1052
edge,m70,-2.0,0.1087,0,0,6.3331,176.2533,0.0002,0,2816,0.0981,0.0,19571c1106a56afdb8cd90c5b0600404f55da37341d5ded8ac67c7f81cf6b912,113.4614,550.5725,0.0,81.8611,200.1199,162.4137,0,0.0,36.4138,971
glare,m70,0.3,0.0878,,,19.9189,218.5015,0.0017,0,2816,0.0748,7.3498,19571c1106a56afdb8cd90c5b0600404f55da37341d5ded8ac67c7f81cf6b912,62.8593,294.4045,0.0,81.8611,154.7419,194.9539,1,0.0,41.3023,2112
glare,m70,0.5,0.0825,,,19.9189,214.5278,0.0017,0,2816,0.0665,7.3498,19571c1106a56afdb8cd90c5b0600404f55da37341d5ded8ac67c7f81cf6b912,45.2324,207.9019,0.0,81.8611,142.417,179.6408,1,0.0,41.3023,2112
glare,m70,0.7,0.0776,,,19.9189,210.9702,0.0017,0,2816,0.061,7.3498,19571c1106a56afdb8cd90c5b0600404f55da37341d5ded8ac67c7f81cf6b912,31.0155,139.4103,0.0,81.8611,130.8653,165.2239,1,0.0,41.3023,2112
glare,m70,0.85,0.0741,,,19.9189,208.5767,0.0017,0,2816,0.0598,7.3498,19571c1106a56afdb8cd90c5b0600404f55da37341d5ded8ac67c7f81cf6b912,22.676,99.2448,0.0,81.8611,122.6938,155.0262,1,0.0,41.3023,2112
glare,m70,1.0,0.0708,0,0,19.9189,206.3957,0.0061,0,2816,0.0603,7.3498,19571c1106a56afdb8cd90c5b0600404f55da37341d5ded8ac67c7f81cf6b912,16.1511,69.1323,0.2928,81.8611,115.1117,145.5316,0,0.0,41.3023,2112
glare,m70,1.5,0.0621,0,0,19.9189,200.5027,0.0203,0,2816,0.0414,7.3498,19571c1106a56afdb8cd90c5b0600404f55da37341d5ded8ac67c7f81cf6b912,4.6945,18.2488,0.6439,81.8611,91.6571,116.5423,0,0.0,41.3023,2112
glare,m70,2.5,0.058,0,0,19.9189,192.5431,0.0383,0,2816,0.009,7.3498,19571c1106a56afdb8cd90c5b0600404f55da37341d5ded8ac67c7f81cf6b912,0.1755,0.1381,0.9251,81.8611,58.1075,74.5252,0,0.0733,41.3023,2112
glare,m70,4.0,0.1364,0,0,7.1354,185.6223,0.0555,0,2816,0.0,7.3498,19571c1106a56afdb8cd90c5b0600404f55da37341d5ded8ac67c7f81cf6b912,0.0,0.0,1.0,81.8611,154.253,411.2257,0,0.0,70.4922,2112
motion,m70,0.05,0.089,,,20.5949,175.1973,0.0013,0,2816,0.0871,7.3498,19571c1106a56afdb8cd90c5b0600404f55da37341d5ded8ac67c7f81cf6b912,51.1476,359.876,0.0,81.8611,77.4227,111.5218,1,0.0,39.9131,2112
motion,m70,0.1,0.0814,,,22.0549,111.0788,0.0009,0,2816,0.0798,7.3498,19571c1106a56afdb8cd90c5b0600404f55da37341d5ded8ac67c7f81cf6b912,37.391,222.743,0.0,81.8611,45.9373,51.8502,1,0.0,37.3023,2112
motion,m70,0.15,0.0747,,,22.0549,84.2777,0.0006,0,2816,0.0739,7.3498,19571c1106a56afdb8cd90c5b0600404f55da37341d5ded8ac67c7f81cf6b912,31.3654,161.2106,0.0,81.8611,32.6695,36.5387,1,0.0,37.3023,2112
motion,m70,0.2,0.0554,,,12.869,73.6857,0.0005,1,2816,0.0701,7.3498,19571c1106a56afdb8cd90c5b0600404f55da37341d5ded8ac67c7f81cf6b912,28.0358,139.2801,0.0,81.8611,18.1775,53.298,1,0.0,63.2785,2112
motion,m70,0.3,0.048,0,0,13.7637,62.7442,0.0003,1,2816,0.065,7.3498,19571c1106a56afdb8cd90c5b0600404f55da37341d5ded8ac67c7f81cf6b912,23.1247,114.4313,0.0,81.8611,14.7465,35.606,0,0.0,58.2802,2112
motion,m70,0.4,,0,0,,57.555,0.0002,,2816,0.0622,7.3498,19571c1106a56afdb8cd90c5b0600404f55da37341d5ded8ac67c7f81cf6b912,20.087,99.7028,0.0,81.8611,,,0,,,2112
motion,m70,0.5,,0,0,,54.0038,0.0002,,2816,0.0603,7.3498,19571c1106a56afdb8cd90c5b0600404f55da37341d5ded8ac67c7f81cf6b912,17.6598,89.1304,0.0,81.8611,,,0,,,2112
motion,m70,0.7,,0,0,,48.8781,0.0001,,2816,0.0572,7.3498,19571c1106a56afdb8cd90c5b0600404f55da37341d5ded8ac67c7f81cf6b912,14.4099,74.1478,0.0,81.8611,,,0,,,2112
motion,m70,1.0,,0,0,,43.2618,0.0001,,2816,0.0532,7.3498,19571c1106a56afdb8cd90c5b0600404f55da37341d5ded8ac67c7f81cf6b912,10.8304,58.8274,0.0,81.8611,,,0,,,2112
scale,m70,48,0.0962,,,20.9347,229.9675,0.0016,0,1651,0.0908,7.3484,19571c1106a56afdb8cd90c5b0600404f55da37341d5ded8ac67c7f81cf6b912,285.855,448.4255,0.0,47.9946,708.0104,149.0047,1,0.0,23.0299,1238
scale,m70,40,0.0943,,,20.0928,226.9719,0.0016,0,1376,0.0907,7.3498,19571c1106a56afdb8cd90c5b0600404f55da37341d5ded8ac67c7f81cf6b912,424.0136,451.4565,0.0,40.0003,1032.347,136.8601,1,0.0,19.9767,1032
scale,m70,32,0.0994,0,0,23.0,223.9247,0.0015,0,1101,0.0902,7.3521,19571c1106a56afdb8cd90c5b0600404f55da37341d5ded8ac67c7f81cf6b912,719.7126,719.7126,0.0,32.0061,1907.2143,78.1445,0,0.0,13.9873,826
scale,m70,26,0.1661,,,4.4717,509.264,0.0014,0,894,0.0899,7.3553,19571c1106a56afdb8cd90c5b0600404f55da37341d5ded8ac67c7f81cf6b912,1199.5153,370.256,0.0,25.9886,1934.8352,375.7263,1,0.0013,22.3264,671
scale,m70,22,0.1705,0,0,4.2,673.0156,0.0014,0,757,0.0888,7.3531,19571c1106a56afdb8cd90c5b0600404f55da37341d5ded8ac67c7f81cf6b912,1710.7128,303.0429,0.0,22.006,2609.0775,359.3507,0,0.0006,19.9736,568
scale,m70,18,0.0919,,,27.3775,879.0602,0.0012,0,619,0.0865,7.3459,19571c1106a56afdb8cd90c5b0600404f55da37341d5ded8ac67c7f81cf6b912,2370.0029,225.2527,0.0,17.9943,3821.9568,8.8117,1,0.0,5.9903,464
scale,m70,15,0.1763,,,5.9954,1011.2769,0.0012,0,516,0.0834,7.3498,19571c1106a56afdb8cd90c5b0600404f55da37341d5ded8ac67c7f81cf6b912,2789.649,136.0769,0.0,15.0001,4437.1835,243.9398,1,0.0,15.2416,387
scale,m70,12,0.2026,0,0,3.0,1065.4128,0.0011,0,413,0.0761,7.3558,19571c1106a56afdb8cd90c5b0600404f55da37341d5ded8ac67c7f81cf6b912,2577.4504,54.7045,0.0,12.0059,4798.9377,206.3091,0,0.0,13.9662,310
scale,m70,10,0.0774,0,0,9.0,1131.9988,0.0008,0,344,0.0715,7.3498,19571c1106a56afdb8cd90c5b0600404f55da37341d5ded8ac67c7f81cf6b912,2397.2109,26.9756,0.0,10.0001,3006.0664,13.0467,0,0.0,8.0,258
scale,m70,8,0.2224,0,0,3.8333,1328.4058,0.0006,0,275,0.0669,7.3409,19571c1106a56afdb8cd90c5b0600404f55da37341d5ded8ac67c7f81cf6b912,2159.7331,8.7413,0.0,7.9942,4293.1116,114.9056,0,0.0,11.9565,206
scale,m70,6,,0,0,,1639.9986,0.0009,,206,0.0609,7.3736,19571c1106a56afdb8cd90c5b0600404f55da37341d5ded8ac67c7f81cf6b912,1614.2641,3.1467,0.0,5.9884,,,0,,,155
blur,m71,0.02,0.225,,,6.969,37.1795,0.0,1,2112,0.2249,6.9284,ba719fb29cf9c7a432725d9b21083087ab11d6c4942c7415c7bd8ec2484015f5,7.1283,448.0794,0.0,112.1261,7.139,448.1234,1,0.0,111.5185,2816
blur,m71,0.04,0.1961,,,6.4521,8.0629,0.0,1,2112,0.1972,6.9284,ba719fb29cf9c7a432725d9b21083087ab11d6c4942c7415c7bd8ec2484015f5,2.9825,156.6677,0.0,112.1261,2.9471,192.1703,1,0.0,119.186,2816
blur,m71,0.06,0.169,,,6.3855,2.6514,0.0,1,2112,0.1693,6.9284,ba719fb29cf9c7a432725d9b21083087ab11d6c4942c7415c7bd8ec2484015f5,2.0354,55.6636,0.0,112.1261,1.9849,69.6831,1,0.0,120.3747,2816
blur,m71,0.08,0.1514,,,6.1787,1.1764,0.0,1,2112,0.1464,6.9284,ba719fb29cf9c7a432725d9b21083087ab11d6c4942c7415c7bd8ec2484015f5,1.7368,19.2043,0.0,112.1261,1.6621,26.6991,1,0.0,124.408,2816
blur,m71,0.1,0.1326,,,6.2379,0.6601,0.0,1,2112,0.128,6.9284,ba719fb29cf9c7a432725d9b21083087ab11d6c4942c7415c7bd8ec2484015f5,1.6455,7.772,0.0,112.1261,1.5644,10.751,1,0.0,123.2791,2816
blur,m71,0.13,,0,0,,0.3647,0.0,,2112,0.1057,6.9284,ba719fb29cf9c7a432725d9b21083087ab11d6c4942c7415c7bd8ec2484015f5,1.5844,2.8238,0.0,112.1261,,,0,,,2816
blur,m71,0.16,,0,0,,0.243,0.0,,2112,0.0888,6.9284,ba719fb29cf9c7a432725d9b21083087ab11d6c4942c7415c7bd8ec2484015f5,1.566,1.1637,0.0,112.1261,,,0,,,2816
blur,m71,0.2,,0,0,,0.1755,0.0,,2112,0.0734,6.9284,ba719fb29cf9c7a432725d9b21083087ab11d6c4942c7415c7bd8ec2484015f5,1.4108,0.4356,0.0,112.1261,,,0,,,2816
blur,m71,0.25,,0,0,,0.1444,0.0,,2112,0.0618,6.9284,ba719fb29cf9c7a432725d9b21083087ab11d6c4942c7415c7bd8ec2484015f5,1.3738,0.1788,0.0,112.1261,,,0,,,2816
blur,m71,0.3,,0,0,,0.1311,0.0,,2112,0.0555,6.9284,ba719fb29cf9c7a432725d9b21083087ab11d6c4942c7415c7bd8ec2484015f5,1.2599,0.1078,0.0,112.1261,,,0,,,2816
edge,m71,2.0,0.2478,,,2.1848,117.1045,0.0008,1,2112,0.242,1.9972,ba719fb29cf9c7a432725d9b21083087ab11d6c4942c7415c7bd8ec2484015f5,206.677,1160.3222,0.0,112.1261,215.3472,1115.1029,1,0.0,105.2309,2021
edge,m71,1.0,0.2488,,,1.1071,117.4307,0.0007,1,2112,0.242,0.9984,ba719fb29cf9c7a432725d9b21083087ab11d6c4942c7415c7bd8ec2484015f5,206.677,1160.3222,0.0,112.1261,218.5877,1140.8006,1,0.0,105.2495,1909
edge,m71,0.5,0.2503,,,0.6173,116.2467,0.0006,1,2112,0.242,0.4989,ba719fb29cf9c7a432725d9b21083087ab11d6c4942c7415c7bd8ec2484015f5,206.677,1160.3222,0.0,112.1261,222.4403,1129.5097,1,0.0,104.3721,1853
edge,m71,0.25,0.2519,,,0.3331,115.5671,0.0006,1,2112,0.242,0.2492,ba719fb29cf9c7a432725d9b21083087ab11d6c4942c7415c7bd8ec2484015f5,206.677,1160.3222,0.0,112.1261,226.2643,1099.3866,1,0.0,101.3023,1825
edge,m71,0.1,0.2529,,,0.1818,115.5208,0.0006,1,2112,0.2445,0.0976,ba719fb29cf9c7a432725d9b21083087ab11d6c4942c7415c7bd8ec2484015f5,212.945,1205.9075,0.0,112.1261,229.1047,1114.0368,1,0.0,101.3023,1808
edge,m71,0.0,0.2542,,,0.059,115.4663,0.0006,1,2112,0.2462,0.0,ba719fb29cf9c7a432725d9b21083087ab11d6c4942c7415c7bd8ec2484015f5,217.2273,1226.9835,0.0,112.1261,233.0759,1150.4481,1,0.0,102.2122,1797
edge,m71,-0.5,0.2488,0,0,0.1758,112.933,0.0005,0,2112,0.2417,0.0,ba719fb29cf9c7a432725d9b21083087ab11d6c4942c7415c7bd8ec2484015f5,216.5548,1198.4787,0.0,112.1261,229.2022,1139.6202,0,0.0,103.1965,1741
edge,m71,-1.0,0.2475,0,0,0.2583,110.6835,0.0004,0,2112,0.241,0.0,ba719fb29cf9c7a432725d9b21083087ab11d6c4942c7415c7bd8ec2484015f5,212.3456,1192.9944,0.0,112.1261,223.3902,1141.372,0,0.0,104.7969,1685
edge,m71,-2.0,,0,0,,103.962,0.0003,,2112,0.2502,0.0,ba719fb29cf9c7a432725d9b21083087ab11d6c4942c7415c7bd8ec2484015f5,218.7853,1334.0402,0.0,112.1261,,,0,,,1573
glare,m71,0.3,0.2062,,,7.0762,138.7949,0.0007,1,2112,0.2044,6.9284,ba719fb29cf9c7a432725d9b21083087ab11d6c4942c7415c7bd8ec2484015f5,130.9603,726.8238,0.0,112.1261,132.1733,722.6837,1,0.0,109.6707,2816
glare,m71,0.5,0.1903,,,7.1849,133.5987,0.0008,1,2112,0.1887,6.9284,ba719fb29cf9c7a432725d9b21083087ab11d6c4942c7415c7bd8ec2484015f5,90.3866,499.0422,0.0,112.1261,91.888,484.1541,1,0.0,108.1189,2816
glare,m71,0.7,0.183,,,7.3077,129.2177,0.0008,1,2112,0.1827,6.9284,ba719fb29cf9c7a432725d9b21083087ab11d6c4942c7415c7bd8ec2484015f5,58.4346,320.2077,0.0,112.1261,59.8796,309.6456,1,0.0,106.4186,2816
glare,m71,0.85,0.1846,,,7.3077,126.4323,0.0008,1,2112,0.1854,6.9284,ba719fb29cf9c7a432725d9b21083087ab11d6c4942c7415c7bd8ec2484015f5,40.3566,218.3925,0.0001,112.1261,41.1533,210.1842,1,0.0001,106.4186,2816
glare,m71,1.0,0.1934,,,7.1977,124.0741,0.0027,1,2112,0.1938,6.9284,ba719fb29cf9c7a432725d9b21083087ab11d6c4942c7415c7bd8ec2484015f5,26.9937,143.7011,0.1041,112.1261,27.1159,139.3356,1,0.1084,107.9397,2816
glare,m71,1.5,0.0647,0,0,15.4244,118.7149,0.0136,0,2112,0.1623,6.9284,ba719fb29cf9c7a432725d9b21083087ab11d6c4942c7415c7bd8ec2484015f5,7.1917,34.7893,0.5511,112.1261,45.491,108.1408,0,0.0,60.4787,2816
glare,m71,2.5,0.0449,0,0,19.6059,112.9563,0.0273,0,2112,0.067,6.9284,ba719fb29cf9c7a432725d9b21083087ab11d6c4942c7415c7bd8ec2484015f5,0.5302,0.4944,0.8347,112.1261,29.7662,40.5869,0,0.0,47.8926,2816
glare,m71,4.0,0.0399,0,0,18.9605,107.9238,0.0404,0,2112,0.0005,6.9284,ba719fb29cf9c7a432725d9b21083087ab11d6c4942c7415c7bd8ec2484015f5,0.0028,0.0027,0.9998,112.1261,21.6,31.3088,0,0.0119,49.4186,2816
motion,m71,0.05,0.2371,,,7.1075,101.347,0.0007,1,2112,0.2346,6.9284,ba719fb29cf9c7a432725d9b21083087ab11d6c4942c7415c7bd8ec2484015f5,45.77,755.0078,0.0,112.1261,46.1195,733.5769,1,0.0,109.2195,2816
motion,m71,0.1,0.2266,,,7.1012,80.2549,0.0006,1,2112,0.2243,6.9284,ba719fb29cf9c7a432725d9b21083087ab11d6c4942c7415c7bd8ec2484015f5,30.2111,478.6212,0.0,112.1261,30.4132,461.0072,1,0.0,109.3093,2816
motion,m71,0.15,0.2099,,,6.8708,71.8801,0.0005,1,2112,0.2102,6.9284,ba719fb29cf9c7a432725d9b21083087ab11d6c4942c7415c7bd8ec2484015f5,23.4195,340.3288,0.0,112.1261,26.968,343.863,1,0.0,112.4487,2816
motion,m71,0.2,0.1989,,,7.0,67.8758,0.0005,1,2112,0.1986,6.9284,ba719fb29cf9c7a432725d9b21083087ab11d6c4942c7415c7bd8ec2484015f5,19.9695,257.8817,0.0,112.1261,21.2347,248.93,1,0.0,110.5116,2816
motion,m71,0.3,0.1781,,,6.7698,62.3996,0.0005,1,2112,0.1782,6.9284,ba719fb29cf9c7a432725d9b21083087ab11d6c4942c7415c7bd8ec2484015f5,15.1102,164.5259,0.0,112.1261,20.8234,180.816,1,0.0,114.0104,2816
motion,m71,0.4,0.1749,,,6.3538,58.9803,0.0004,1,2112,0.1674,6.9284,ba719fb29cf9c7a432725d9b21083087ab11d6c4942c7415c7bd8ec2484015f5,12.7369,132.2009,0.0,112.1261,25.7343,226.2267,1,0.0,120.9318,2816
motion,m71,0.5,,0,0,,56.1123,0.0004,,2112,0.1586,6.9284,ba719fb29cf9c7a432725d9b21083087ab11d6c4942c7415c7bd8ec2484015f5,10.7412,108.3907,0.0,112.1261,,,0,,,2816
motion,m71,0.7,,0,0,,51.3969,0.0003,,2112,0.1482,6.9284,ba719fb29cf9c7a432725d9b21083087ab11d6c4942c7415c7bd8ec2484015f5,8.4614,88.0201,0.0,112.1261,,,0,,,2816
motion,m71,1.0,,0,0,,45.511,0.0002,,2112,0.1392,6.9284,ba719fb29cf9c7a432725d9b21083087ab11d6c4942c7415c7bd8ec2484015f5,6.8512,74.2401,0.0,112.1261,,,0,,,2816
scale,m71,48,0.2411,,,6.9167,145.7896,0.0006,1,904,0.2411,6.9284,ba719fb29cf9c7a432725d9b21083087ab11d6c4942c7415c7bd8ec2484015f5,985.4864,1143.6047,0.0,47.9934,974.6924,1152.8717,1,0.0,48.0,1206
scale,m71,40,0.2397,,,6.8393,256.2205,0.0005,1,753,0.2411,6.9284,ba719fb29cf9c7a432725d9b21083087ab11d6c4942c7415c7bd8ec2484015f5,1337.0795,1148.6038,0.0,39.9768,1319.077,1158.2052,1,0.0,40.2772,1005
scale,m71,32,0.2386,,,6.2972,365.7966,0.0005,1,603,0.2404,6.9284,ba719fb29cf9c7a432725d9b21083087ab11d6c4942c7415c7bd8ec2484015f5,1982.2894,1982.2894,0.0,32.0133,1934.4321,1363.2182,1,0.0,34.8094,804
scale,m71,26,0.2408,,,6.2338,500.4628,0.0004,1,490,0.24,6.9284,ba719fb29cf9c7a432725d9b21083087ab11d6c4942c7415c7bd8ec2484015f5,2834.1709,870.8091,0.0,26.0141,2723.4632,1074.1708,1,0.0,28.5129,653
scale,m71,22,0.2732,,,5.4933,636.7769,0.0004,1,414,0.2391,6.9284,ba719fb29cf9c7a432725d9b21083087ab11d6c4942c7415c7bd8ec2484015f5,3732.0013,678.033,0.0,21.9793,3781.7919,1303.3154,1,0.0,27.1971,553
scale,m71,18,0.2619,,,5.9158,835.3323,0.0004,1,339,0.2385,6.9284,ba719fb29cf9c7a432725d9b21083087ab11d6c4942c7415c7bd8ec2484015f5,5433.9898,521.2149,0.0,17.9975,5179.1431,752.9448,1,0.0,20.5137,452
scale,m71,15,0.2711,,,5.2382,1054.1212,0.0003,1,283,0.2362,6.9284,ba719fb29cf9c7a432725d9b21083087ab11d6c4942c7415c7bd8ec2484015f5,8368.4447,444.7165,0.0,15.0245,7625.1939,958.1121,1,0.0,19.276,377
scale,m71,12,0.2382,,,7.0,1370.9285,0.0001,1,226,0.2355,6.9284,ba719fb29cf9c7a432725d9b21083087ab11d6c4942c7415c7bd8ec2484015f5,14444.1169,344.3636,0.0,11.9983,14559.5012,379.5838,1,0.0,12.0,301
scale,m71,10,,0,0,,1654.3884,0.0,,188,0.2283,6.9284,ba719fb29cf9c7a432725d9b21083087ab11d6c4942c7415c7bd8ec2484015f5,20437.4829,275.2494,0.0,9.9809,,,0,,,251
scale,m71,8,,0,0,,2002.9812,0.0001,,151,0.2188,6.9284,ba719fb29cf9c7a432725d9b21083087ab11d6c4942c7415c7bd8ec2484015f5,27591.5272,128.7596,0.0,8.0166,,,0,,,201
scale,m71,6,,0,0,,2507.0051,0.0006,,113,0.1973,6.9284,ba719fb29cf9c7a432725d9b21083087ab11d6c4942c7415c7bd8ec2484015f5,23144.02,49.007,0.0,5.9992,,,0,,,151
blur,m73,0.02,0.1946,,,24.4174,370.4398,0.0003,1,3500,0.2452,15.6428,ba5190752fde5d7badbc5df6df05091c87b35eb77c21e8c04a5066225782a685,43.5533,612.7324,0.0,73.255,100.129,597.6628,1,0.0,54.38,3600
blur,m73,0.04,0.1489,,,25.4,99.7014,0.0001,1,3500,0.2148,15.6428,ba5190752fde5d7badbc5df6df05091c87b35eb77c21e8c04a5066225782a685,9.1141,173.8288,0.0,73.255,12.4016,67.991,1,0.0,52.3169,3600
blur,m73,0.06,0.1214,,,22.9179,28.253,0.0,0,3500,0.1855,15.6428,ba5190752fde5d7badbc5df6df05091c87b35eb77c21e8c04a5066225782a685,3.987,60.867,0.0,73.255,2.939,13.1886,1,0.0,57.8619,3600
blur,m73,0.08,0.1058,,,2.9003,10.2731,0.0,0,3500,0.1621,15.6428,ba5190752fde5d7badbc5df6df05091c87b35eb77c21e8c04a5066225782a685,2.4206,20.7673,0.0,73.255,1.4368,44.2228,1,0.0,176.1701,3600
blur,m73,0.1,0.1383,,,13.6255,4.6434,0.0,1,3500,0.144,15.6428,ba5190752fde5d7badbc5df6df05091c87b35eb77c21e8c04a5066225782a685,1.9524,7.7436,0.0,73.255,1.9021,12.2131,1,0.0,84.1016,3600
blur,m73,0.13,0.1697,0,0,2.2268,1.9277,0.0,0,3500,0.1236,15.6428,ba5190752fde5d7badbc5df6df05091c87b35eb77c21e8c04a5066225782a685,1.7886,2.4807,0.0,73.255,1.1072,25.4832,0,0.0,227.3559,3600
blur,m73,0.16,,0,0,,1.0039,0.0,,3500,0.1085,15.6428,ba5190752fde5d7badbc5df6df05091c87b35eb77c21e8c04a5066225782a685,1.7132,0.9911,0.0,73.255,,,0,,,3600
blur,m73,0.2,,0,0,,0.515,0.0,,3500,0.0944,15.6428,ba5190752fde5d7badbc5df6df05091c87b35eb77c21e8c04a5066225782a685,1.6043,0.3866,0.0,73.255,,,0,,,3600
blur,m73,0.25,,0,0,,0.2809,0.0,,3500,0.0828,15.6428,ba5190752fde5d7badbc5df6df05091c87b35eb77c21e8c04a5066225782a685,1.5208,0.2018,0.0,73.255,,,0,,,3600
blur,m73,0.3,,0,0,,0.1861,0.0,,3500,0.0757,15.6428,ba5190752fde5d7badbc5df6df05091c87b35eb77c21e8c04a5066225782a685,1.4817,0.1477,0.0,73.255,,,0,,,3600
edge,m73,2.0,0.2391,,,11.4626,890.6621,0.0006,1,3500,0.2663,2.0055,ba5190752fde5d7badbc5df6df05091c87b35eb77c21e8c04a5066225782a685,605.2059,1863.5435,0.0,73.255,1338.8318,2005.635,1,0.0,51.4059,2601
edge,m73,1.0,0.2394,,,9.9668,894.7378,0.0006,1,3500,0.2663,0.9954,ba5190752fde5d7badbc5df6df05091c87b35eb77c21e8c04a5066225782a685,605.2059,1863.5435,0.0,73.255,1342.9688,1997.2762,1,0.0,51.5189,2527
edge,m73,0.5,0.2391,,,9.3263,896.2381,0.0006,1,3500,0.2663,0.5039,ba5190752fde5d7badbc5df6df05091c87b35eb77c21e8c04a5066225782a685,605.2059,1863.5435,0.0,73.255,1338.8322,1973.0507,1,0.0,51.2384,2491
edge,m73,0.25,0.2377,,,8.9343,902.4584,0.0006,1,3500,0.2663,0.2446,ba5190752fde5d7badbc5df6df05091c87b35eb77c21e8c04a5066225782a685,605.2059,1863.5435,0.0,73.255,1318.6173,1932.1912,1,0.0,51.2384,2472
edge,m73,0.1,0.2394,,,8.7031,900.9645,0.0006,1,3500,0.2669,0.0944,ba5190752fde5d7badbc5df6df05091c87b35eb77c21e8c04a5066225782a685,613.9195,1893.3952,0.0,73.255,1342.9688,1997.2762,1,0.0,51.408,2461
edge,m73,0.0,0.2376,,,8.6268,900.2544,0.0006,1,3500,0.2673,0.0,ba5190752fde5d7badbc5df6df05091c87b35eb77c21e8c04a5066225782a685,619.5261,1910.6639,0.0,73.255,1318.6586,1954.5246,1,0.0,51.2384,2454
edge,m73,-0.5,0.2377,0,0,7.7245,893.5887,0.0006,1,3500,0.2678,0.0,ba5190752fde5d7badbc5df6df05091c87b35eb77c21e8c04a5066225782a685,623.1402,1901.5921,0.0,73.255,1334.2272,2119.6789,0,0.0,52.5693,2417
edge,m73,-1.0,0.2381,0,0,7.0498,883.5088,0.0006,1,3500,0.268,0.0,ba5190752fde5d7badbc5df6df05091c87b35eb77c21e8c04a5066225782a685,616.8683,1886.3433,0.0,73.255,1318.3976,1954.2622,0,0.0,51.2384,2381
edge,m73,-2.0,0.2391,0,0,5.7546,862.9862,0.0006,1,3500,0.2695,0.0,ba5190752fde5d7badbc5df6df05091c87b35eb77c21e8c04a5066225782a685,610.005,1839.2569,0.0,73.255,1338.8322,1973.0507,0,0.0,51.2384,2308
glare,m73,0.3,0.1953,,,24.5253,641.733,0.0005,1,3500,0.2069,15.6428,ba5190752fde5d7badbc5df6df05091c87b35eb77c21e8c04a5066225782a685,366.337,1119.8009,0.0,73.255,916.3777,1518.5234,1,0.0,54.1455,3600
glare,m73,0.5,0.1691,,,24.3766,590.9926,0.0005,1,3500,0.1706,15.6428,ba5190752fde5d7badbc5df6df05091c87b35eb77c21e8c04a5066225782a685,242.1876,736.5745,0.0,73.255,676.0296,1127.631,1,0.0,54.4691,3600
glare,m73,0.7,0.146,,,24.1123,548.3041,0.0005,1,3500,0.1394,15.6428,ba5190752fde5d7badbc5df6df05091c87b35eb77c21e8c04a5066225782a685,148.1629,445.7598,0.0,73.255,484.7815,815.7331,1,0.0,55.054,3600
glare,m73,0.85,0.1309,,,24.1123,521.6202,0.0005,1,3500,0.1217,15.6428,ba5190752fde5d7badbc5df6df05091c87b35eb77c21e8c04a5066225782a685,96.8749,288.2569,0.0,73.255,361.9225,607.3925,1,0.0,55.054,3600
glare,m73,1.0,0.1199,0,0,23.837,499.4667,0.0029,1,3500,0.1118,15.6428,ba5190752fde5d7badbc5df6df05091c87b35eb77c21e8c04a5066225782a685,61.7849,182.093,0.2436,73.255,266.5087,449.031,0,0.0,55.6768,3600
glare,m73,1.5,0.2374,0,0,20.7778,451.7512,0.0172,0,3500,0.0671,15.6428,ba5190752fde5d7badbc5df6df05091c87b35eb77c21e8c04a5066225782a685,14.8041,43.0469,0.6433,73.255,780.1953,1010.6576,0,0.0,47.0852,3600
glare,m73,2.5,0.231,0,0,20.7778,405.9399,0.0334,0,3500,0.0088,15.6428,ba5190752fde5d7badbc5df6df05091c87b35eb77c21e8c04a5066225782a685,0.1807,0.1492,0.9474,73.255,724.8661,939.4794,0,0.0,47.0852,3600
glare,m73,4.0,0.2312,0,0,23.5,370.9007,0.0493,0,3500,0.0,15.6428,ba5190752fde5d7badbc5df6df05091c87b35eb77c21e8c04a5066225782a685,0.0,0.0,1.0,73.255,722.3472,759.7465,0,0.0,41.8535,3600
motion,m73,0.05,0.2199,,,24.777,566.5826,0.0004,1,3500,0.2573,15.6428,ba5190752fde5d7badbc5df6df05091c87b35eb77c21e8c04a5066225782a685,200.1144,1162.341,0.0,73.255,423.0571,1352.8401,1,0.0,53.6064,3600
motion,m73,0.1,0.2001,,,25.4,379.7671,0.0002,1,3500,0.246,15.6428,ba5190752fde5d7badbc5df6df05091c87b35eb77c21e8c04a5066225782a685,122.1977,690.7714,0.0,73.255,254.4825,708.5054,1,0.0,52.3169,3600
motion,m73,0.15,0.1758,,,23.8332,251.2451,0.0002,1,3500,0.2303,15.6428,ba5190752fde5d7badbc5df6df05091c87b35eb77c21e8c04a5066225782a685,88.6262,466.8929,0.0,73.255,167.6091,491.0009,1,0.0,55.6856,3600
motion,m73,0.2,0.1686,,,28.1829,198.1204,0.0001,0,3500,0.2152,15.6428,ba5190752fde5d7badbc5df6df05091c87b35eb77c21e8c04a5066225782a685,69.3822,338.6404,0.0,73.255,132.6323,253.9947,1,0.0,47.151,3600
motion,m73,0.3,0.1949,,,15.6455,158.1774,0.0,1,3500,0.1954,15.6428,ba5190752fde5d7badbc5df6df05091c87b35eb77c21e8c04a5066225782a685,51.8667,234.2185,0.0,73.255,51.5463,232.7801,1,0.0,73.2436,3600
motion,m73,0.4,0.1819,0,1,15.7169,139.202,0.0,0,3500,0.183,15.6428,ba5190752fde5d7badbc5df6df05091c87b35eb77c21e8c04a5066225782a685,42.2506,185.691,0.0,73.255,41.9908,184.5121,0,0.0,73.2436,3600
motion,m73,0.5,0.1674,0,0,11.4593,126.6444,0.0,0,3500,0.1726,15.6428,ba5190752fde5d7badbc5df6df05091c87b35eb77c21e8c04a5066225782a685,35.2581,150.5639,0.0,73.255,37.4749,385.9182,0,0.0,100.0,3600
motion,m73,0.7,0.1584,0,0,11.407,113.7711,0.0,0,3500,0.163,15.6428,ba5190752fde5d7badbc5df6df05091c87b35eb77c21e8c04a5066225782a685,29.0312,120.6478,0.0,73.255,31.0289,318.104,0,0.0,100.0,3600
motion,m73,1.0,,0,0,,102.6926,0.0,,3500,0.158,15.6428,ba5190752fde5d7badbc5df6df05091c87b35eb77c21e8c04a5066225782a685,24.3382,103.2927,0.0,73.255,,,0,,,3600
scale,m73,48,0.2323,,,24.3966,728.6246,0.0005,1,2293,0.2651,15.6461,ba5190752fde5d7badbc5df6df05091c87b35eb77c21e8c04a5066225782a685,1454.9831,1786.5818,0.0,47.9925,2740.9274,2167.5601,1,0.0,35.6563,2359
scale,m73,40,0.2317,,,24.9729,731.4321,0.0005,1,1911,0.2645,15.646,ba5190752fde5d7badbc5df6df05091c87b35eb77c21e8c04a5066225782a685,2172.7162,1810.7421,0.0,39.9972,4166.3353,1827.872,1,0.0,29.0536,1966
scale,m73,32,0.229,,,24.3811,725.7838,0.0005,1,1529,0.263,15.646,ba5190752fde5d7badbc5df6df05091c87b35eb77c21e8c04a5066225782a685,3300.6359,3300.6359,0.0,32.002,6891.6906,1566.7855,1,0.0,23.791,1573
scale,m73,26,0.2292,,,26.2222,699.9354,0.0005,1,1242,0.2598,15.6491,ba5190752fde5d7badbc5df6df05091c87b35eb77c21e8c04a5066225782a685,4535.8711,1285.595,0.0,25.9951,11236.21,1047.5046,1,0.0,18.0,1278
scale,m73,22,0.2398,,,33.3333,670.7131,0.0005,1,1051,0.2576,15.6424,ba5190752fde5d7badbc5df6df05091c87b35eb77c21e8c04a5066225782a685,5726.6907,965.2308,0.0,21.9974,18823.5286,451.303,1,0.0,11.9886,1081
scale,m73,18,0.2181,,,27.1667,1549.5478,0.0006,1,860,0.2543,15.6504,ba5190752fde5d7badbc5df6df05091c87b35eb77c21e8c04a5066225782a685,7262.4131,668.4463,0.0,17.9998,20135.1485,454.8873,1,0.0,12.0,885
scale,m73,15,0.2045,,,27.2,1789.6959,0.0005,1,717,0.2509,15.6325,ba5190752fde5d7badbc5df6df05091c87b35eb77c21e8c04a5066225782a685,9664.0925,492.9933,0.0,15.0068,22711.9357,285.0898,1,0.0,9.9861,737
scale,m73,12,0.2475,,,15.5271,1994.8487,0.0006,1,573,0.2479,15.6595,ba5190752fde5d7badbc5df6df05091c87b35eb77c21e8c04a5066225782a685,15028.251,372.3031,0.0,11.9929,14789.8062,373.1215,1,0.0,11.9791,590
scale,m73,10,0.1697,,,2.4144,2050.0821,0.0007,0,478,0.2449,15.6219,ba5190752fde5d7badbc5df6df05091c87b35eb77c21e8c04a5066225782a685,21496.9378,300.6152,0.0,10.0045,863.0222,309.828,1,0.0,27.7935,491
scale,m73,8,0.1223,,,2.5983,2070.4672,0.0007,0,382,0.2335,15.6462,ba5190752fde5d7badbc5df6df05091c87b35eb77c21e8c04a5066225782a685,27901.0744,133.373,0.0,7.9953,1176.141,196.2842,1,0.0,21.3017,393
scale,m73,6,0.1082,0,0,3.0,2014.6507,0.0004,0,287,0.2114,15.6322,ba5190752fde5d7badbc5df6df05091c87b35eb77c21e8c04a5066225782a685,25779.6504,58.814,0.0,6.0069,2040.8538,112.6312,0,0.0,13.9514,295
blur,m74,0.02,0.0674,,,6.4277,51.6144,0.0011,1,1600,0.0687,6.012,e901312ec37a31bd8b8bcd722e00c1d4d3e6c1be1444785c426d04eac0cada44,37.1846,142.0103,0.0,54.016,33.3303,105.482,1,0.0,50.6236,1200
blur,m74,0.04,0.0543,,,6.9563,7.73,0.0007,1,1600,0.0562,6.012,e901312ec37a31bd8b8bcd722e00c1d4d3e6c1be1444785c426d04eac0cada44,4.973,20.1134,0.0,54.016,4.906,11.6914,1,0.0,46.7056,1200
blur,m74,0.06,0.048,,,6.3636,2.2933,0.0005,1,1600,0.0488,6.012,e901312ec37a31bd8b8bcd722e00c1d4d3e6c1be1444785c426d04eac0cada44,2.2779,4.4784,0.0,54.016,2.2674,3.6388,1,0.0,51.1628,1200
blur,m74,0.08,0.0459,,,5.52,1.0363,0.0003,1,1600,0.044,6.012,e901312ec37a31bd8b8bcd722e00c1d4d3e6c1be1444785c426d04eac0cada44,1.777,1.4321,0.0,54.016,1.7049,1.5872,1,0.0,58.1395,1200
blur,m74,0.1,0.0418,,,5.7917,0.6245,0.0001,1,1600,0.0405,6.012,e901312ec37a31bd8b8bcd722e00c1d4d3e6c1be1444785c426d04eac0cada44,1.6666,0.6038,0.0,54.016,1.6156,0.5943,1,0.0,55.814,1200
blur,m74,0.13,,0,0,,0.4085,0.0,,1600,0.0369,6.012,e901312ec37a31bd8b8bcd722e00c1d4d3e6c1be1444785c426d04eac0cada44,1.6185,0.3113,0.0,54.016,,,0,,,1200
blur,m74,0.16,,0,0,,0.3246,0.0,,1600,0.0339,6.012,e901312ec37a31bd8b8bcd722e00c1d4d3e6c1be1444785c426d04eac0cada44,1.5429,0.2345,0.0,54.016,,,0,,,1200
blur,m74,0.2,,0,0,,0.2768,0.0,,1600,0.0306,6.012,e901312ec37a31bd8b8bcd722e00c1d4d3e6c1be1444785c426d04eac0cada44,1.2525,0.2206,0.0,54.016,,,0,,,1200
blur,m74,0.25,,0,0,,0.2508,0.0,,1600,0.0273,6.012,e901312ec37a31bd8b8bcd722e00c1d4d3e6c1be1444785c426d04eac0cada44,1.0226,0.2111,0.0,54.016,,,0,,,1200
blur,m74,0.3,,0,0,,0.239,0.0,,1600,0.0244,6.012,e901312ec37a31bd8b8bcd722e00c1d4d3e6c1be1444785c426d04eac0cada44,0.9267,0.2086,0.0,54.016,,,0,,,1200
edge,m74,2.0,0.0805,,,2.4177,266.5124,0.0029,1,1600,0.0831,1.9947,e901312ec37a31bd8b8bcd722e00c1d4d3e6c1be1444785c426d04eac0cada44,656.536,498.7252,0.0,54.016,562.9385,345.6677,1,0.0,44.8145,983
edge,m74,1.0,0.0812,,,1.3069,273.8487,0.0031,1,1600,0.0831,0.995,e901312ec37a31bd8b8bcd722e00c1d4d3e6c1be1444785c426d04eac0cada44,656.536,498.7252,0.0,54.016,579.4795,333.1665,1,0.0,42.2966,929
edge,m74,0.5,0.0806,,,0.6526,277.6075,0.0032,1,1600,0.0831,0.4951,e901312ec37a31bd8b8bcd722e00c1d4d3e6c1be1444785c426d04eac0cada44,656.536,498.7252,0.0,54.016,568.5019,347.2158,1,0.0,44.9537,902
edge,m74,0.25,0.0808,,,0.3484,279.6664,0.0032,1,1600,0.0831,0.2544,e901312ec37a31bd8b8bcd722e00c1d4d3e6c1be1444785c426d04eac0cada44,656.536,498.7252,0.0,54.016,572.9954,341.8321,1,0.0,44.2619,889
edge,m74,0.1,0.0813,,,0.1977,280.4069,0.0033,1,1600,0.0842,0.1063,e901312ec37a31bd8b8bcd722e00c1d4d3e6c1be1444785c426d04eac0cada44,676.1196,509.7829,0.0,54.016,573.705,333.0838,1,0.0,43.1928,881
edge,m74,0.0,0.0818,,,0.0312,280.8876,0.0033,1,1600,0.0851,0.0,e901312ec37a31bd8b8bcd722e00c1d4d3e6c1be1444785c426d04eac0cada44,691.6084,525.2865,0.0,54.016,585.8232,369.3272,1,0.0,45.2534,875
edge,m74,-0.5,0.1104,0,0,8.93,279.835,0.0034,0,1600,0.0853,0.0,e901312ec37a31bd8b8bcd722e00c1d4d3e6c1be1444785c426d04eac0cada44,672.3135,510.9596,0.0,54.016,184.4381,72.3764,0,0.0,30.5934,848
edge,m74,-1.0,0.1088,0,0,11.1078,279.3289,0.0034,0,1600,0.0871,0.0,e901312ec37a31bd8b8bcd722e00c1d4d3e6c1be1444785c426d04eac0cada44,690.0421,518.6054,0.0,54.016,213.5319,47.142,0,0.0,24.5981,821
edge,m74,-2.0,0.1076,0,0,11.8422,278.1452,0.0037,0,1600,0.0874,0.0,e901312ec37a31bd8b8bcd722e00c1d4d3e6c1be1444785c426d04eac0cada44,689.7454,512.026,0.0,54.016,224.5905,40.8869,0,0.0,23.1328,767
glare,m74,0.3,0.0653,,,7.4502,237.1732,0.0027,1,1600,0.0678,6.012,e901312ec37a31bd8b8bcd722e00c1d4d3e6c1be1444785c426d04eac0cada44,415.0083,312.8387,0.0,54.016,355.6026,209.787,1,0.0,43.6234,1200
glare,m74,0.5,0.0622,,,7.477,234.3539,0.0027,1,1600,0.0649,6.012,e901312ec37a31bd8b8bcd722e00c1d4d3e6c1be1444785c426d04eac0cada44,289.1566,215.9996,0.0,54.016,241.4244,137.3928,1,0.0,43.4687,1200
glare,m74,0.7,0.0661,,,7.4956,231.9128,0.0027,1,1600,0.069,6.012,e901312ec37a31bd8b8bcd722e00c1d4d3e6c1be1444785c426d04eac0cada44,189.383,140.5975,0.0,54.016,154.607,88.4227,1,0.0,43.3482,1200
glare,m74,0.85,0.0735,,,6.9949,230.3251,0.0027,1,1600,0.0761,6.012,e901312ec37a31bd8b8bcd722e00c1d4d3e6c1be1444785c426d04eac0cada44,133.1038,97.9078,0.0,54.016,107.2756,66.4467,1,0.0,46.435,1200
glare,m74,1.0,0.0827,1,1,8.0848,228.9826,0.0039,0,1600,0.0857,6.012,e901312ec37a31bd8b8bcd722e00c1d4d3e6c1be1444785c426d04eac0cada44,92.2478,67.306,0.1171,54.016,74.1583,38.6395,0,0.158,40.2047,1200
glare,m74,1.5,0.1109,0,0,9.2859,225.6663,0.0127,0,1600,0.0717,6.012,e901312ec37a31bd8b8bcd722e00c1d4d3e6c1be1444785c426d04eac0cada44,29.0885,20.5001,0.5785,54.016,193.2509,70.9847,0,0.0,29.4616,1200
glare,m74,2.5,0.1112,0,0,10.9232,221.857,0.0238,0,1600,0.0262,6.012,e901312ec37a31bd8b8bcd722e00c1d4d3e6c1be1444785c426d04eac0cada44,1.5467,0.7908,0.8585,54.016,598.4694,248.4274,0,0.0096,33.0,1200
glare,m74,4.0,0.1109,0,0,9.2859,218.5779,0.0339,0,1600,0.0,6.012,e901312ec37a31bd8b8bcd722e00c1d4d3e6c1be1444785c426d04eac0cada44,0.0,0.0,1.0,54.016,193.2509,70.9847,0,0.0,29.4616,1200
motion,m74,0.05,0.0748,,,7.1673,165.7338,0.002,1,1600,0.0769,6.012,e901312ec37a31bd8b8bcd722e00c1d4d3e6c1be1444785c426d04eac0cada44,233.3625,332.3194,0.0,54.016,214.3641,227.6668,1,0.0,45.3324,1200
motion,m74,0.1,0.0695,,,7.1284,122.7147,0.0017,1,1600,0.0713,6.012,e901312ec37a31bd8b8bcd722e00c1d4d3e6c1be1444785c426d04eac0cada44,145.5551,212.8505,0.0,54.016,137.7355,151.7842,1,0.0,45.5636,1200
motion,m74,0.15,0.0637,,,6.9242,96.634,0.0014,1,1600,0.0651,6.012,e901312ec37a31bd8b8bcd722e00c1d4d3e6c1be1444785c426d04eac0cada44,100.5792,140.1097,0.0,54.016,97.7895,107.6982,1,0.0,46.8818,1200
motion,m74,0.2,0.06,,,6.0492,84.3186,0.0013,1,1600,0.0608,6.012,e901312ec37a31bd8b8bcd722e00c1d4d3e6c1be1444785c426d04eac0cada44,79.4204,109.2251,0.0,54.016,74.164,100.6532,1,0.0,53.2633,1200
motion,m74,0.3,0.0556,,,5.8054,72.841,0.001,1,1600,0.0561,6.012,e901312ec37a31bd8b8bcd722e00c1d4d3e6c1be1444785c426d04eac0cada44,60.273,82.2845,0.0,54.016,55.4095,72.9005,1,0.0,55.0505,1200
motion,m74,0.4,0.0487,,,7.1746,64.4289,0.0008,1,1600,0.0525,6.012,e901312ec37a31bd8b8bcd722e00c1d4d3e6c1be1444785c426d04eac0cada44,47.4954,65.3352,0.0,54.016,42.6602,41.8147,1,0.0,44.6658,1200
motion,m74,0.5,0.0477,,,6.3972,59.2803,0.0006,1,1600,0.0503,6.012,e901312ec37a31bd8b8bcd722e00c1d4d3e6c1be1444785c426d04eac0cada44,40.1042,55.4766,0.0,54.016,36.0412,41.8302,1,0.0,49.7897,1200
motion,m74,0.7,,0,0,,50.5531,0.0003,,1600,0.0472,6.012,e901312ec37a31bd8b8bcd722e00c1d4d3e6c1be1444785c426d04eac0cada44,29.8965,42.1716,0.0,54.016,,,0,,,1200
motion,m74,1.0,,0,0,,41.4895,0.0001,,1600,0.0449,6.012,e901312ec37a31bd8b8bcd722e00c1d4d3e6c1be1444785c426d04eac0cada44,21.4751,31.6823,0.0,54.016,,,0,,,1200
scale,m74,48,0.0816,,,6.5068,238.4924,0.0022,1,1422,0.0825,6.0092,e901312ec37a31bd8b8bcd722e00c1d4d3e6c1be1444785c426d04eac0cada44,568.1313,502.313,0.0,48.0067,535.0803,435.2713,1,0.0,44.5984,1066
scale,m74,40,0.079,,,5.994,225.9513,0.0021,1,1185,0.082,6.0137,e901312ec37a31bd8b8bcd722e00c1d4d3e6c1be1444785c426d04eac0cada44,677.1595,493.7927,0.0,40.0056,565.9537,412.7596,1,0.0,39.8262,889
scale,m74,32,0.078,,,5.9916,484.4476,0.0019,1,948,0.0808,6.012,e901312ec37a31bd8b8bcd722e00c1d4d3e6c1be1444785c426d04eac0cada44,926.9925,926.9925,0.0,32.0045,750.6127,750.6127,1,0.0,32.0,711
scale,m74,26,0.0777,,,5.3653,548.8119,0.0016,1,770,0.0793,6.0172,e901312ec37a31bd8b8bcd722e00c1d4d3e6c1be1444785c426d04eac0cada44,1210.6774,329.5233,0.0,25.9952,1105.9131,428.078,1,0.0,29.2618,578
scale,m74,22,0.0756,,,5.9878,603.3041,0.0015,1,652,0.0783,6.012,e901312ec37a31bd8b8bcd722e00c1d4d3e6c1be1444785c426d04eac0cada44,1535.6191,253.8737,0.0,22.0115,1292.4189,215.1747,1,0.0,22.0,489
scale,m74,18,0.0735,,,5.4101,661.6131,0.0014,1,533,0.0751,6.0158,e901312ec37a31bd8b8bcd722e00c1d4d3e6c1be1444785c426d04eac0cada44,1654.064,148.0767,0.0,17.9941,1472.3434,183.272,1,0.0,19.9625,400
scale,m74,15,0.0697,,,5.6082,716.2554,0.0012,1,444,0.0716,6.012,e901312ec37a31bd8b8bcd722e00c1d4d3e6c1be1444785c426d04eac0cada44,1720.7925,84.5356,0.0,14.9894,1480.6538,65.3727,1,0.0,16.0,333
scale,m74,12,0.0651,,,7.1933,780.0269,0.0012,1,355,0.0676,6.0289,e901312ec37a31bd8b8bcd722e00c1d4d3e6c1be1444785c426d04eac0cada44,1805.5611,40.6507,0.0,11.9848,1794.9249,22.0514,1,0.0,9.9719,267
scale,m74,10,0.0615,1,1,2.6167,833.1507,0.001,0,296,0.0648,6.012,e901312ec37a31bd8b8bcd722e00c1d4d3e6c1be1444785c426d04eac0cada44,1742.684,21.9516,0.0,9.993,1441.7497,228.7003,0,0.0,22.7424,222
scale,m74,8,,0,0,,890.1313,0.0009,,237,0.0595,6.0205,e901312ec37a31bd8b8bcd722e00c1d4d3e6c1be1444785c426d04eac0cada44,1739.2406,8.181,0.0,8.0011,,,0,,,178
scale,m74,6,,0,0,,976.003,0.0006,,178,0.0521,5.9895,e901312ec37a31bd8b8bcd722e00c1d4d3e6c1be1444785c426d04eac0cada44,1375.5062,3.2484,0.0,6.0093,,,0,,,133
blur,m75,0.02,0.0936,,,6.0482,103.0807,0.0001,1,3150,0.093,6.3506,d8c3b7e9cd3b235e3da7e106b95dec6ec3a8a43d09316f5d904f3f27151babeb,8.7978,240.5358,0.0,91.5705,8.7048,271.0168,1,0.0,96.1483,2088
blur,m75,0.04,0.0764,,,5.7577,20.8848,0.0,1,3150,0.077,6.3506,d8c3b7e9cd3b235e3da7e106b95dec6ec3a8a43d09316f5d904f3f27151babeb,1.8644,35.5111,0.0,91.5705,1.8486,46.785,1,0.0,101.0,2088
blur,m75,0.06,0.0687,,,5.4694,5.5204,0.0,1,3150,0.0676,6.3506,d8c3b7e9cd3b235e3da7e106b95dec6ec3a8a43d09316f5d904f3f27151babeb,1.2377,7.3627,0.0,91.5705,1.2466,12.6559,1,0.0,105.4855,2088
blur,m75,0.08,0.0622,,,5.4694,1.9667,0.0,1,3150,0.0618,6.3506,d8c3b7e9cd3b235e3da7e106b95dec6ec3a8a43d09316f5d904f3f27151babeb,1.2352,2.1148,0.0,91.5705,1.2282,3.6886,1,0.0,105.4855,2088
blur,m75,0.1,0.0563,,,5.9894,0.9177,0.0,1,3150,0.0577,6.3506,d8c3b7e9cd3b235e3da7e106b95dec6ec3a8a43d09316f5d904f3f27151babeb,1.2642,0.8275,0.0,91.5705,1.2361,0.9543,1,0.0,96.3285,2088
blur,m75,0.13,0.0584,0,0,5.546,0.4324,0.0,0,3150,0.0535,6.3506,d8c3b7e9cd3b235e3da7e106b95dec6ec3a8a43d09316f5d904f3f27151babeb,1.3344,0.3074,0.0,91.5705,1.1988,0.457,0,0.0,100.7267,2088
blur,m75,0.16,,0,0,,0.2675,0.0,,3150,0.0505,6.3506,d8c3b7e9cd3b235e3da7e106b95dec6ec3a8a43d09316f5d904f3f27151babeb,1.2128,0.1798,0.0,91.5705,,,0,,,2088
blur,m75,0.2,,0,0,,0.1814,0.0,,3150,0.0474,6.3506,d8c3b7e9cd3b235e3da7e106b95dec6ec3a8a43d09316f5d904f3f27151babeb,1.0587,0.14,0.0,91.5705,,,0,,,2088
blur,m75,0.25,,0,0,,0.1401,0.0,,3150,0.0446,6.3506,d8c3b7e9cd3b235e3da7e106b95dec6ec3a8a43d09316f5d904f3f27151babeb,0.9438,0.1403,0.0,91.5705,,,0,,,2088
blur,m75,0.3,,0,0,,0.1244,0.0,,3150,0.0429,6.3506,d8c3b7e9cd3b235e3da7e106b95dec6ec3a8a43d09316f5d904f3f27151babeb,0.8127,0.1636,0.0,91.5705,,,0,,,2088
edge,m75,2.0,0.1094,,,1.9054,312.7147,0.0004,1,3150,0.1088,2.0042,d8c3b7e9cd3b235e3da7e106b95dec6ec3a8a43d09316f5d904f3f27151babeb,248.8148,713.1227,0.0,91.5705,243.3792,775.6628,1,0.0,96.1483,1690
edge,m75,1.0,0.1088,,,1.0001,326.7851,0.0004,1,3150,0.1088,0.9995,d8c3b7e9cd3b235e3da7e106b95dec6ec3a8a43d09316f5d904f3f27151babeb,248.8148,713.1227,0.0,91.5705,248.8148,713.1227,1,0.0,91.5698,1598
edge,m75,0.5,0.1094,,,0.4762,331.4892,0.0004,1,3150,0.1088,0.4972,d8c3b7e9cd3b235e3da7e106b95dec6ec3a8a43d09316f5d904f3f27151babeb,248.8148,713.1227,0.0,91.5705,243.3802,776.1401,1,0.0,96.1483,1552
edge,m75,0.25,0.1087,,,0.3,336.7169,0.0004,1,3150,0.1088,0.246,d8c3b7e9cd3b235e3da7e106b95dec6ec3a8a43d09316f5d904f3f27151babeb,248.8148,713.1227,0.0,91.5705,249.8236,717.0059,1,0.0,91.5698,1529
edge,m75,0.1,0.1086,,,0.1501,337.9556,0.0004,1,3150,0.1086,0.1041,d8c3b7e9cd3b235e3da7e106b95dec6ec3a8a43d09316f5d904f3f27151babeb,251.9087,722.4017,0.0,91.5705,251.9087,722.4017,1,0.0,91.5698,1516
edge,m75,0.0,0.1089,,,0.0476,338.6789,0.0004,1,3150,0.1085,0.0,d8c3b7e9cd3b235e3da7e106b95dec6ec3a8a43d09316f5d904f3f27151babeb,254.389,730.0597,0.0,91.5705,248.8353,794.0467,1,0.0,96.1483,1506
edge,m75,-0.5,0.1092,0,0,0.0499,346.0175,0.0004,0,3150,0.1094,0.0,d8c3b7e9cd3b235e3da7e106b95dec6ec3a8a43d09316f5d904f3f27151babeb,258.1917,744.0594,0.0,91.5705,257.645,738.3991,0,0.0,91.5698,1461
edge,m75,-1.0,0.1104,0,0,0.0498,350.7232,0.0004,0,3150,0.1106,0.0,d8c3b7e9cd3b235e3da7e106b95dec6ec3a8a43d09316f5d904f3f27151babeb,261.8369,758.5525,0.0,91.5705,261.2523,752.6222,0,0.0,91.5698,1415
edge,m75,-2.0,0.1131,0,0,0.15,354.7975,0.0005,0,3150,0.1132,0.0,d8c3b7e9cd3b235e3da7e106b95dec6ec3a8a43d09316f5d904f3f27151babeb,266.6744,776.7296,0.0,91.5705,266.3484,780.4275,0,0.0,91.5698,1323
glare,m75,0.3,0.0912,,,6.3506,233.9716,0.0003,1,3150,0.0912,6.3506,d8c3b7e9cd3b235e3da7e106b95dec6ec3a8a43d09316f5d904f3f27151babeb,151.8408,438.2792,0.0,91.5705,151.8408,438.2792,1,0.0,91.5698,2088
glare,m75,0.5,0.0819,,,6.3506,215.0752,0.0003,1,3150,0.0819,6.3506,d8c3b7e9cd3b235e3da7e106b95dec6ec3a8a43d09316f5d904f3f27151babeb,101.0056,294.4896,0.0,91.5705,101.0056,294.4896,1,0.0,91.5698,2088
glare,m75,0.7,0.0758,,,6.3506,199.15,0.0003,1,3150,0.0758,6.3506,d8c3b7e9cd3b235e3da7e106b95dec6ec3a8a43d09316f5d904f3f27151babeb,62.6198,184.2727,0.0,91.5705,62.6198,184.2727,1,0.0,91.5698,2088
glare,m75,0.85,0.0898,,,6.3506,189.1859,0.0003,0,3150,0.0737,6.3506,d8c3b7e9cd3b235e3da7e106b95dec6ec3a8a43d09316f5d904f3f27151babeb,41.5373,123.2147,0.0002,91.5705,47.275,157.5746,1,0.0002,91.5698,2088
glare,m75,1.0,0.1393,0,0,5.1065,180.9147,0.009,0,3150,0.0742,6.3506,d8c3b7e9cd3b235e3da7e106b95dec6ec3a8a43d09316f5d904f3f27151babeb,26.9749,81.1003,0.2809,91.5705,499.6399,1178.6794,0,0.0,89.2599,2088
glare,m75,1.5,0.1393,0,0,5.1065,162.7474,0.0508,0,3150,0.0502,6.3506,d8c3b7e9cd3b235e3da7e106b95dec6ec3a8a43d09316f5d904f3f27151babeb,7.5324,21.6045,0.6635,91.5705,499.6399,1178.6794,0,0.0,89.2599,2088
glare,m75,2.5,0.1393,0,0,5.1065,145.8024,0.103,0,3150,0.0083,6.3506,d8c3b7e9cd3b235e3da7e106b95dec6ec3a8a43d09316f5d904f3f27151babeb,0.1749,0.1725,0.9538,91.5705,499.6399,1178.6794,0,0.0,89.2599,2088
glare,m75,4.0,0.1393,0,0,5.1065,135.207,0.1505,0,3150,0.0,6.3506,d8c3b7e9cd3b235e3da7e106b95dec6ec3a8a43d09316f5d904f3f27151babeb,0.0,0.0,1.0,91.5705,499.6399,1178.6794,0,0.0,89.2599,2088
motion,m75,0.05,0.1009,,,6.3506,194.0235,0.0002,1,3150,0.1009,6.3506,d8c3b7e9cd3b235e3da7e106b95dec6ec3a8a43d09316f5d904f3f27151babeb,48.1031,454.9811,0.0,91.5705,48.1031,454.9811,1,0.0,91.5698,2088
motion,m75,0.1,0.0916,,,6.3506,129.7831,0.0001,1,3150,0.0918,6.3506,d8c3b7e9cd3b235e3da7e106b95dec6ec3a8a43d09316f5d904f3f27151babeb,25.8165,235.2729,0.0,91.5705,25.9135,236.1212,1,0.0,91.5698,2088
motion,m75,0.15,0.0847,,,6.0482,96.6154,0.0,1,3150,0.0837,6.3506,d8c3b7e9cd3b235e3da7e106b95dec6ec3a8a43d09316f5d904f3f27151babeb,17.5759,151.6339,0.0,91.5705,18.0325,172.5978,1,0.0,96.1483,2088
motion,m75,0.2,0.0801,,,6.0424,85.2352,0.0,1,3150,0.0791,6.3506,d8c3b7e9cd3b235e3da7e106b95dec6ec3a8a43d09316f5d904f3f27151babeb,14.3392,124.2253,0.0,91.5705,14.7329,141.2384,1,0.0,96.2413,2088
motion,m75,0.3,0.0729,,,5.9472,72.0526,0.0,1,3150,0.0724,6.3506,d8c3b7e9cd3b235e3da7e106b95dec6ec3a8a43d09316f5d904f3f27151babeb,10.483,91.5818,0.0,91.5705,10.7042,103.444,1,0.0,96.2413,2088
motion,m75,0.4,0.0677,,,6.5083,64.1961,0.0,1,3150,0.0677,6.3506,d8c3b7e9cd3b235e3da7e106b95dec6ec3a8a43d09316f5d904f3f27151babeb,8.2427,72.3433,0.0,91.5705,8.3765,68.0361,1,0.0,87.2413,2088
motion,m75,0.5,0.0621,0,0,5.8943,59.2967,0.0,0,3150,0.065,6.3506,d8c3b7e9cd3b235e3da7e106b95dec6ec3a8a43d09316f5d904f3f27151babeb,7.0661,61.3074,0.0,91.5705,6.7414,66.7757,0,0.0,96.3285,2088
motion,m75,0.7,0.0728,0,0,6.6118,52.6357,0.0,0,3150,0.0621,6.3506,d8c3b7e9cd3b235e3da7e106b95dec6ec3a8a43d09316f5d904f3f27151babeb,5.7781,51.4537,0.0,91.5705,7.5525,57.6628,0,0.0,82.4128,2088
motion,m75,1.0,,0,0,,45.1389,0.0,,3150,0.0593,6.3506,d8c3b7e9cd3b235e3da7e106b95dec6ec3a8a43d09316f5d904f3f27151babeb,4.7179,44.7395,0.0,91.5705,,,0,,,2088
scale,m75,48,0.1085,,,6.0384,272.0717,0.0003,1,1651,0.108,6.3542,d8c3b7e9cd3b235e3da7e106b95dec6ec3a8a43d09316f5d904f3f27151babeb,547.2832,715.6872,0.0,47.9946,542.0276,773.511,1,0.0,50.3939,1095
scale,m75,40,0.1076,,,6.0476,271.1021,0.0003,1,1376,0.1078,6.35,d8c3b7e9cd3b235e3da7e106b95dec6ec3a8a43d09316f5d904f3f27151babeb,775.57,712.4037,0.0,40.0003,755.2474,775.0001,1,0.0,42.0,912
scale,m75,32,0.1079,,,5.9466,256.2937,0.0002,1,1101,0.1073,6.3523,d8c3b7e9cd3b235e3da7e106b95dec6ec3a8a43d09316f5d904f3f27151babeb,1236.4211,1236.4211,0.0,32.0061,1199.9561,781.6001,1,0.0,33.9691,730
scale,m75,26,0.1076,,,5.8473,581.7866,0.0002,1,894,0.1065,6.355,d8c3b7e9cd3b235e3da7e106b95dec6ec3a8a43d09316f5d904f3f27151babeb,1891.1859,550.6232,0.0,25.9886,1833.6876,639.2544,1,0.0,28.0,593
scale,m75,22,0.1104,,,5.7576,763.4585,0.0002,1,757,0.1047,6.3534,d8c3b7e9cd3b235e3da7e106b95dec6ec3a8a43d09316f5d904f3f27151babeb,2469.4192,406.2676,0.0,22.006,2455.2032,538.8241,1,0.0,23.9683,502
scale,m75,18,0.1122,,,5.0991,989.9672,0.0001,1,619,0.1013,6.3458,d8c3b7e9cd3b235e3da7e106b95dec6ec3a8a43d09316f5d904f3f27151babeb,2967.9636,271.464,0.0,17.9943,3073.2614,501.7828,1,0.0,21.9645,410
scale,m75,15,0.0977,,,5.875,1160.1532,0.0001,1,516,0.097,6.35,d8c3b7e9cd3b235e3da7e106b95dec6ec3a8a43d09316f5d904f3f27151babeb,3222.89,155.3304,0.0,15.0001,3094.828,140.3947,1,0.0,16.0,342
scale,m75,12,0.0925,,,5.4417,1303.2842,0.0001,1,413,0.0922,6.3562,d8c3b7e9cd3b235e3da7e106b95dec6ec3a8a43d09316f5d904f3f27151babeb,3359.5518,74.4473,0.0,12.0059,2912.5313,114.4232,1,0.0,13.9662,274
scale,m75,10,0.0953,,,7.75,1386.1941,0.0001,1,344,0.088,6.35,d8c3b7e9cd3b235e3da7e106b95dec6ec3a8a43d09316f5d904f3f27151babeb,3550.1322,43.1737,0.0,10.0001,4575.8277,20.8757,1,0.0,8.0,228
scale,m75,8,0.0807,,,6.0218,1406.3205,0.0,1,275,0.0821,6.3407,d8c3b7e9cd3b235e3da7e106b95dec6ec3a8a43d09316f5d904f3f27151babeb,3298.063,14.6489,0.0,7.9942,3192.1666,15.9547,1,0.0,7.971,182
scale,m75,6,0.081,0,0,5.9681,1267.9895,0.0,0,206,0.0749,6.3716,d8c3b7e9cd3b235e3da7e106b95dec6ec3a8a43d09316f5d904f3f27151babeb,2965.3198,6.5533,0.0,5.9884,3885.4057,26.5212,0,0.0,8.2897,137
blur,m76,0.02,0.1634,,,5.6824,154.1675,0.0036,1,4624,0.1644,5.632,ca0d8b173225c28556cbc295baa8d4fffe7cb3a2a4585e5a6a4d53d1070432b2,3.5216,464.7825,0.0,157.3547,3.4893,444.6187,1,0.0,154.8214,3472
blur,m76,0.04,0.0833,,,2.3725,21.0298,0.0022,0,4624,0.1427,5.632,ca0d8b173225c28556cbc295baa8d4fffe7cb3a2a4585e5a6a4d53d1070432b2,1.7589,85.77,0.0,157.3547,1.5316,337.114,1,0.0,313.5303,3472
blur,m76,0.06,0.0692,,,2.2941,5.517,0.0016,0,4624,0.1283,5.632,ca0d8b173225c28556cbc295baa8d4fffe7cb3a2a4585e5a6a4d53d1070432b2,1.5239,18.4326,0.0,157.3547,1.4641,140.9527,1,0.0,327.5333,3472
blur,m76,0.08,0.0585,,,2.2941,2.1474,0.0013,0,4624,0.1187,5.632,ca0d8b173225c28556cbc295baa8d4fffe7cb3a2a4585e5a6a4d53d1070432b2,1.4841,5.2977,0.0,157.3547,1.4222,55.2188,1,0.0,327.5333,3472
blur,m76,0.1,0.0621,0,0,2.0652,1.033,0.0009,0,4624,0.1116,5.632,ca0d8b173225c28556cbc295baa8d4fffe7cb3a2a4585e5a6a4d53d1070432b2,1.4685,2.0608,0.0,157.3547,1.3471,26.7807,0,0.0,365.5011,3472
blur,m76,0.13,0.0489,0,0,2.2576,0.457,0.0005,0,4624,0.1038,5.632,ca0d8b173225c28556cbc295baa8d4fffe7cb3a2a4585e5a6a4d53d1070432b2,1.4591,0.6537,0.0,157.3547,1.2166,5.3137,0,0.0,331.8711,3472
blur,m76,0.16,0.0546,0,0,2.0,0.2718,0.0002,0,4624,0.0978,5.632,ca0d8b173225c28556cbc295baa8d4fffe7cb3a2a4585e5a6a4d53d1070432b2,1.3217,0.2849,0.0,157.3547,1.046,2.0408,0,0.0,366.0666,3472
blur,m76,0.2,,0,0,,0.185,0.0,,4624,0.0913,5.632,ca0d8b173225c28556cbc295baa8d4fffe7cb3a2a4585e5a6a4d53d1070432b2,1.1959,0.1476,0.0,157.3547,,,0,,,3472
blur,m76,0.25,,0,0,,0.1484,0.0,,4624,0.0848,5.632,ca0d8b173225c28556cbc295baa8d4fffe7cb3a2a4585e5a6a4d53d1070432b2,1.0524,0.0957,0.0,157.3547,,,0,,,3472
blur,m76,0.3,,0,0,,0.1339,0.0,,4624,0.0799,5.632,ca0d8b173225c28556cbc295baa8d4fffe7cb3a2a4585e5a6a4d53d1070432b2,0.9402,0.0806,0.0,157.3547,,,0,,,3472
edge,m76,2.0,0.1947,,,2.0368,994.9705,0.0099,1,4624,0.1936,1.9969,ca0d8b173225c28556cbc295baa8d4fffe7cb3a2a4585e5a6a4d53d1070432b2,864.1116,1766.2201,0.0003,157.3547,831.1402,1708.8254,1,0.0,151.3241,2900
edge,m76,1.0,0.1909,,,1.087,1019.7028,0.0105,1,4624,0.1936,0.9992,ca0d8b173225c28556cbc295baa8d4fffe7cb3a2a4585e5a6a4d53d1070432b2,864.1116,1766.2201,0.0003,157.3547,773.1084,1493.398,1,0.0,142.1289,2743
edge,m76,0.5,0.1938,,,0.4236,1040.7484,0.0107,1,4624,0.1936,0.4971,ca0d8b173225c28556cbc295baa8d4fffe7cb3a2a4585e5a6a4d53d1070432b2,864.1116,1766.2201,0.0003,157.3547,801.5208,1716.1091,1,0.0,157.3087,2664
edge,m76,0.25,0.1953,,,0.2206,1050.0305,0.0108,1,4624,0.1936,0.2493,ca0d8b173225c28556cbc295baa8d4fffe7cb3a2a4585e5a6a4d53d1070432b2,864.1116,1766.2201,0.0003,157.3547,838.4213,1720.6416,1,0.0,150.3288,2625
edge,m76,0.1,0.1958,,,0.1337,1055.809,0.0109,1,4624,0.1955,0.1031,ca0d8b173225c28556cbc295baa8d4fffe7cb3a2a4585e5a6a4d53d1070432b2,880.5072,1775.0643,0.0003,157.3547,801.7277,1582.2893,1,0.0,149.0651,2602
edge,m76,0.0,0.1295,,,1.9307,1058.0291,0.0109,0,4624,0.1969,0.0014,ca0d8b173225c28556cbc295baa8d4fffe7cb3a2a4585e5a6a4d53d1070432b2,890.8129,1798.5951,0.0003,157.3547,461.6099,1417.4219,1,0.0,295.7209,2586
edge,m76,-0.5,0.1295,0,0,1.6592,1073.8535,0.0111,0,4624,0.1968,0.0,ca0d8b173225c28556cbc295baa8d4fffe7cb3a2a4585e5a6a4d53d1070432b2,903.2361,1859.8506,0.0003,157.3547,461.463,1418.0373,0,0.0,295.7209,2507
edge,m76,-1.0,0.1294,0,0,1.3835,1084.0367,0.0114,0,4624,0.1948,0.0,ca0d8b173225c28556cbc295baa8d4fffe7cb3a2a4585e5a6a4d53d1070432b2,914.9586,1906.727,0.0003,157.3547,462.1555,1428.761,0,0.0,295.7209,2428
edge,m76,-2.0,0.1305,0,0,0.8835,1100.3542,0.012,0,4624,0.1842,0.0,ca0d8b173225c28556cbc295baa8d4fffe7cb3a2a4585e5a6a4d53d1070432b2,908.8639,1844.7537,0.0004,157.3547,468.3513,1494.212,0,0.0,289.0,2271
glare,m76,0.3,0.1577,,,5.6765,819.8771,0.0083,1,4624,0.158,5.632,ca0d8b173225c28556cbc295baa8d4fffe7cb3a2a4585e5a6a4d53d1070432b2,551.1725,1103.0101,0.0003,157.3547,547.4171,1086.2943,1,0.0002,156.1393,3472
glare,m76,0.5,0.1428,,,5.6151,796.6639,0.0083,1,4624,0.1431,5.632,ca0d8b173225c28556cbc295baa8d4fffe7cb3a2a4585e5a6a4d53d1070432b2,385.7676,758.1501,0.0003,157.3547,387.147,757.4918,1,0.0003,157.8191,3472
glare,m76,0.7,0.1378,,,5.5539,776.6143,0.0084,1,4624,0.1376,5.632,ca0d8b173225c28556cbc295baa8d4fffe7cb3a2a4585e5a6a4d53d1070432b2,255.7174,489.4545,0.0003,157.3547,258.1977,499.0527,1,0.0003,159.531,3472
glare,m76,0.85,0.1421,,,5.374,763.6936,0.0084,1,4624,0.1408,5.632,ca0d8b173225c28556cbc295baa8d4fffe7cb3a2a4585e5a6a4d53d1070432b2,180.8228,337.7697,0.0003,157.3547,196.9866,357.636,1,0.0003,164.7853,3472
glare,m76,1.0,0.1524,0,0,2.3476,752.5715,0.0098,0,4624,0.1494,5.632,ca0d8b173225c28556cbc295baa8d4fffe7cb3a2a4585e5a6a4d53d1070432b2,125.8946,228.2803,0.1018,157.3547,396.3776,1271.9086,0,0.0,318.6291,3472
glare,m76,1.5,0.1545,0,0,2.3971,726.1895,0.0234,0,4624,0.1137,5.632,ca0d8b173225c28556cbc295baa8d4fffe7cb3a2a4585e5a6a4d53d1070432b2,39.6123,67.6668,0.5843,157.3547,416.7882,1268.7001,0,0.0,312.0196,3472
glare,m76,2.5,0.1895,0,0,2.5682,694.967,0.04,0,4624,0.034,5.632,ca0d8b173225c28556cbc295baa8d4fffe7cb3a2a4585e5a6a4d53d1070432b2,2.9697,4.4405,0.8719,157.3547,415.5523,1190.5091,0,0.0095,295.7209,3472
glare,m76,4.0,0.1088,0,0,25.58,667.5975,0.0557,0,4624,0.0,5.632,ca0d8b173225c28556cbc295baa8d4fffe7cb3a2a4585e5a6a4d53d1070432b2,0.0,0.0,1.0,157.3547,189.6193,73.1423,0,0.0,33.6046,3472
motion,m76,0.05,0.1767,,,5.7257,489.494,0.0059,1,4624,0.1774,5.632,ca0d8b173225c28556cbc295baa8d4fffe7cb3a2a4585e5a6a4d53d1070432b2,97.1235,996.1427,0.0,157.3547,94.2717,957.6624,1,0.0,154.8214,3472
motion,m76,0.1,0.1086,,,2.3617,290.3899,0.0053,0,4624,0.1629,5.632,ca0d8b173225c28556cbc295baa8d4fffe7cb3a2a4585e5a6a4d53d1070432b2,53.6875,448.0386,0.0,157.3547,60.9489,1008.4417,1,0.0,315.8837,3472
motion,m76,0.15,0.1079,,,2.5455,238.7086,0.005,0,4624,0.1522,5.632,ca0d8b173225c28556cbc295baa8d4fffe7cb3a2a4585e5a6a4d53d1070432b2,39.2125,269.8351,0.0,157.3547,57.7739,753.2099,1,0.0,295.7209,3472
motion,m76,0.2,0.1047,,,2.6905,216.1323,0.0048,0,4624,0.1457,5.632,ca0d8b173225c28556cbc295baa8d4fffe7cb3a2a4585e5a6a4d53d1070432b2,32.2338,204.2946,0.0,157.3547,56.5257,656.4893,1,0.0,282.2791,3472
motion,m76,0.3,0.0951,0,0,2.6279,190.3834,0.0045,0,4624,0.1367,5.632,ca0d8b173225c28556cbc295baa8d4fffe7cb3a2a4585e5a6a4d53d1070432b2,23.8462,144.7235,0.0,157.3547,49.4494,565.0701,0,0.0,289.0,3472
motion,m76,0.4,0.0818,0,0,2.2941,176.5135,0.0042,0,4624,0.131,5.632,ca0d8b173225c28556cbc295baa8d4fffe7cb3a2a4585e5a6a4d53d1070432b2,19.5113,116.3553,0.0,157.3547,41.1371,496.7909,0,0.0,327.5333,3472
motion,m76,0.5,,0,0,,167.5721,0.004,,4624,0.1275,5.632,ca0d8b173225c28556cbc295baa8d4fffe7cb3a2a4585e5a6a4d53d1070432b2,16.8521,99.3747,0.0,157.3547,,,0,,,3472
motion,m76,0.7,,0,0,,155.7268,0.0036,,4624,0.1231,5.632,ca0d8b173225c28556cbc295baa8d4fffe7cb3a2a4585e5a6a4d53d1070432b2,13.578,83.8202,0.0,157.3547,,,0,,,3472
motion,m76,1.0,,0,0,,143.8913,0.0031,,4624,0.1175,5.632,ca0d8b173225c28556cbc295baa8d4fffe7cb3a2a4585e5a6a4d53d1070432b2,10.862,69.3971,0.0,157.3547,,,0,,,3472
scale,m76,48,0.1874,,,5.4842,835.474,0.0064,1,1411,0.1865,5.6295,ca0d8b173225c28556cbc295baa8d4fffe7cb3a2a4585e5a6a4d53d1070432b2,2504.7826,1671.0535,0.0002,48.0163,2564.1457,1752.7851,1,0.0002,49.2672,1059
scale,m76,40,0.1832,,,5.8931,802.7196,0.006,1,1175,0.1847,5.6367,ca0d8b173225c28556cbc295baa8d4fffe7cb3a2a4585e5a6a4d53d1070432b2,2879.939,1592.2762,0.0001,39.9853,2852.6917,1485.9927,1,0.0,37.9677,883
scale,m76,32,0.1793,,,6.3571,1703.8425,0.0054,1,940,0.1805,5.6335,ca0d8b173225c28556cbc295baa8d4fffe7cb3a2a4585e5a6a4d53d1070432b2,3157.045,3157.045,0.0001,31.9882,2908.4536,1013.2826,1,0.0,28.0,706
scale,m76,26,0.1794,,,6.0,1832.3695,0.0048,1,764,0.1783,5.6354,ca0d8b173225c28556cbc295baa8d4fffe7cb3a2a4585e5a6a4d53d1070432b2,3528.9451,969.6596,0.0,25.9989,3672.4491,838.1454,1,0.0,24.0,574
scale,m76,22,0.165,,,4.4076,1895.6394,0.0049,1,646,0.175,5.6314,ca0d8b173225c28556cbc295baa8d4fffe7cb3a2a4585e5a6a4d53d1070432b2,4148.6773,720.3038,0.0,21.9834,6063.8438,1187.8873,1,0.0,24.0,485
scale,m76,18,0.1113,,,2.2632,1992.1349,0.0046,0,529,0.1712,5.6291,ca0d8b173225c28556cbc295baa8d4fffe7cb3a2a4585e5a6a4d53d1070432b2,5227.2614,492.9468,0.0,18.0019,2315.3636,1361.0271,1,0.0,37.9283,397
scale,m76,15,0.1168,,,2.8204,2101.1258,0.0043,0,441,0.1702,5.6298,ca0d8b173225c28556cbc295baa8d4fffe7cb3a2a4585e5a6a4d53d1070432b2,6665.394,340.4182,0.0,15.0072,2758.5286,749.4349,1,0.0,25.8423,331
scale,m76,12,0.1648,,,5.4948,2265.195,0.0039,1,353,0.1639,5.6309,ca0d8b173225c28556cbc295baa8d4fffe7cb3a2a4585e5a6a4d53d1070432b2,7392.9547,177.1906,0.0,12.0126,7092.3992,172.5367,1,0.0,11.9661,265
scale,m76,10,0.0973,,,1.6429,2375.3036,0.0026,0,294,0.1566,5.6383,ca0d8b173225c28556cbc295baa8d4fffe7cb3a2a4585e5a6a4d53d1070432b2,7687.6815,105.9596,0.0,10.0048,2214.5141,747.5368,1,0.0,28.0,221
scale,m76,8,0.0907,0,0,1.8,2614.3309,0.0024,0,235,0.1445,5.6495,ca0d8b173225c28556cbc295baa8d4fffe7cb3a2a4585e5a6a4d53d1070432b2,6880.7291,34.4232,0.0,7.997,2880.3111,360.9153,0,0.0,19.9153,177
scale,m76,6,0.0795,0,0,2.0,3013.3582,0.0023,0,176,0.1422,5.6256,ca0d8b173225c28556cbc295baa8d4fffe7cb3a2a4585e5a6a4d53d1070432b2,6968.9206,16.9498,0.0,5.9893,3281.6266,132.7397,0,0.0,14.0,132
blur,m77,0.02,0.1074,,,23.7196,67.6082,0.0003,0,3800,0.0807,11.6565,9bf6813936b2a9adbad7fb0fcd2c6a035e79a1a4966ecefb7e5c85e78b3420f8,4.4668,189.9736,0.0,117.458,5.4944,36.9331,1,0.0,60.7558,3600
blur,m77,0.04,0.0672,,,11.8831,11.3589,0.0001,1,3800,0.0703,11.6565,9bf6813936b2a9adbad7fb0fcd2c6a035e79a1a4966ecefb7e5c85e78b3420f8,1.314,18.4914,0.0,117.458,1.3159,17.2598,1,0.0,115.1856,3600
blur,m77,0.06,0.0514,,,12.7277,3.147,0.0,1,3800,0.0653,11.6565,9bf6813936b2a9adbad7fb0fcd2c6a035e79a1a4966ecefb7e5c85e78b3420f8,1.164,3.3056,0.0,117.458,1.2064,2.5094,1,0.0,107.5198,3600
blur,m77,0.08,0.0449,,,12.5526,1.2766,0.0,1,3800,0.0622,11.6565,9bf6813936b2a9adbad7fb0fcd2c6a035e79a1a4966ecefb7e5c85e78b3420f8,1.2057,0.9394,0.0,117.458,1.2466,0.7075,1,0.0,109.0503,3600
blur,m77,0.1,0.0957,0,0,5.2028,0.6654,0.0,0,3800,0.0596,11.6565,9bf6813936b2a9adbad7fb0fcd2c6a035e79a1a4966ecefb7e5c85e78b3420f8,1.104,0.3999,0.0,117.458,1.3659,3.2399,0,0.0,143.0,3600
blur,m77,0.13,,0,0,,0.3453,0.0,,3800,0.0563,11.6565,9bf6813936b2a9adbad7fb0fcd2c6a035e79a1a4966ecefb7e5c85e78b3420f8,0.8856,0.211,0.0,117.458,,,0,,,3600
blur,m77,0.16,,0,0,,0.2268,0.0,,3800,0.0533,11.6565,9bf6813936b2a9adbad7fb0fcd2c6a035e79a1a4966ecefb7e5c85e78b3420f8,0.7944,0.1655,0.0,117.458,,,0,,,3600
blur,m77,0.2,,0,0,,0.1591,0.0,,3800,0.0494,11.6565,9bf6813936b2a9adbad7fb0fcd2c6a035e79a1a4966ecefb7e5c85e78b3420f8,0.7487,0.1457,0.0,117.458,,,0,,,3600
blur,m77,0.25,,0,0,,0.1251,0.0,,3800,0.0445,11.6565,9bf6813936b2a9adbad7fb0fcd2c6a035e79a1a4966ecefb7e5c85e78b3420f8,0.6763,0.1476,0.0,117.458,,,0,,,3600
blur,m77,0.3,,0,0,,0.1106,0.0,,3800,0.04,11.6565,9bf6813936b2a9adbad7fb0fcd2c6a035e79a1a4966ecefb7e5c85e78b3420f8,0.583,0.155,0.0,117.458,,,0,,,3600
edge,m77,2.0,0.1377,,,8.9894,288.7041,0.0025,0,3800,0.1043,2.002,9bf6813936b2a9adbad7fb0fcd2c6a035e79a1a4966ecefb7e5c85e78b3420f8,835.5318,1006.4249,0.0,117.458,1328.7421,1088.5929,1,0.0,60.7558,2466
edge,m77,1.0,0.1367,,,7.0018,290.0772,0.0026,0,3800,0.1043,0.9974,9bf6813936b2a9adbad7fb0fcd2c6a035e79a1a4966ecefb7e5c85e78b3420f8,835.5318,1006.4249,0.0,117.458,1327.875,1101.0487,1,0.0,60.7558,2348
edge,m77,0.5,0.1377,,,6.0852,287.5733,0.0027,0,3800,0.1043,0.5036,9bf6813936b2a9adbad7fb0fcd2c6a035e79a1a4966ecefb7e5c85e78b3420f8,835.5318,1006.4249,0.0,117.458,1328.7421,1088.5929,1,0.0,60.7558,2290
edge,m77,0.25,0.1367,,,5.5479,286.4601,0.0027,0,3800,0.1043,0.2482,9bf6813936b2a9adbad7fb0fcd2c6a035e79a1a4966ecefb7e5c85e78b3420f8,835.5318,1006.4249,0.0,117.458,1327.875,1101.0487,1,0.0,60.7558,2260
edge,m77,0.1,0.1387,,,5.3518,285.5211,0.0027,0,3800,0.1056,0.1035,9bf6813936b2a9adbad7fb0fcd2c6a035e79a1a4966ecefb7e5c85e78b3420f8,845.9104,1038.2465,0.0,117.458,1328.7152,1082.0475,1,0.0,60.7558,2243
edge,m77,0.0,0.1371,,,5.09,286.0135,0.0027,0,3800,0.1065,0.0013,9bf6813936b2a9adbad7fb0fcd2c6a035e79a1a4966ecefb7e5c85e78b3420f8,853.591,1059.6009,0.0,117.458,1327.9825,1083.3013,1,0.0,60.7558,2231
edge,m77,-0.5,0.1367,0,0,4.0935,283.6984,0.0028,0,3800,0.1052,0.0,9bf6813936b2a9adbad7fb0fcd2c6a035e79a1a4966ecefb7e5c85e78b3420f8,846.9257,1027.6768,0.0,117.458,1327.875,1101.0487,0,0.0,60.7558,2172
edge,m77,-1.0,0.1377,0,0,3.1782,282.2552,0.0028,0,3800,0.1068,0.0,9bf6813936b2a9adbad7fb0fcd2c6a035e79a1a4966ecefb7e5c85e78b3420f8,854.9416,1045.3393,0.0,117.458,1328.7421,1088.5929,0,0.0,60.7558,2113
edge,m77,-2.0,0.1405,0,0,1.2706,281.3246,0.003,0,3800,0.1111,0.0,9bf6813936b2a9adbad7fb0fcd2c6a035e79a1a4966ecefb7e5c85e78b3420f8,885.0828,1185.1417,0.0,117.458,1318.5331,1086.8371,0,0.0,60.7558,1996
glare,m77,0.3,0.1363,,,23.7196,241.9716,0.0017,0,3800,0.0912,11.6565,9bf6813936b2a9adbad7fb0fcd2c6a035e79a1a4966ecefb7e5c85e78b3420f8,535.24,632.697,0.0,117.458,1317.0806,1073.9242,1,0.0,60.7558,3600
glare,m77,0.5,0.1359,,,23.7196,239.1352,0.0017,0,3800,0.0973,11.6565,9bf6813936b2a9adbad7fb0fcd2c6a035e79a1a4966ecefb7e5c85e78b3420f8,376.0828,437.1836,0.0,117.458,1309.7787,1068.3997,1,0.0,60.7558,3600
glare,m77,0.7,0.1354,,,23.7196,236.7384,0.0017,0,3800,0.1133,11.6565,9bf6813936b2a9adbad7fb0fcd2c6a035e79a1a4966ecefb7e5c85e78b3420f8,251.3955,284.1376,0.0,117.458,1302.5452,1061.9224,1,0.0,60.7558,3600
glare,m77,0.85,0.1351,,,23.7196,235.2167,0.0017,0,3800,0.1298,11.6565,9bf6813936b2a9adbad7fb0fcd2c6a035e79a1a4966ecefb7e5c85e78b3420f8,180.207,197.4317,0.0,117.458,1296.5865,1057.1243,1,0.0,60.7558,3600
glare,m77,1.0,0.1348,0,0,23.7196,233.9422,0.0021,0,3800,0.1488,11.6565,9bf6813936b2a9adbad7fb0fcd2c6a035e79a1a4966ecefb7e5c85e78b3420f8,127.9936,134.7822,0.0578,117.458,1291.3473,1052.0203,0,0.0,60.7558,3600
glare,m77,1.5,0.1361,0,0,23.6287,231.0358,0.0068,0,3800,0.1304,11.6565,9bf6813936b2a9adbad7fb0fcd2c6a035e79a1a4966ecefb7e5c85e78b3420f8,45.8709,38.5997,0.5454,117.458,1263.5648,1036.9596,0,0.0,60.7558,3600
glare,m77,2.5,0.135,0,0,23.6287,227.8256,0.0127,0,3800,0.0529,11.6565,9bf6813936b2a9adbad7fb0fcd2c6a035e79a1a4966ecefb7e5c85e78b3420f8,4.8082,0.8223,0.8303,117.458,1229.4542,1008.6713,0,0.0,60.7558,3600
glare,m77,4.0,0.135,0,0,23.6287,224.5747,0.0182,0,3800,0.001,11.6565,9bf6813936b2a9adbad7fb0fcd2c6a035e79a1a4966ecefb7e5c85e78b3420f8,0.0081,0.0147,0.9992,117.458,1180.0134,967.7578,0,0.0,60.7558,3600
motion,m77,0.05,0.1221,,,23.7196,164.0417,0.0009,0,3800,0.0917,11.6565,9bf6813936b2a9adbad7fb0fcd2c6a035e79a1a4966ecefb7e5c85e78b3420f8,124.424,578.1488,0.0,117.458,246.568,353.4982,1,0.0,60.7558,3600
motion,m77,0.1,0.1168,,,23.6287,99.8263,0.0005,0,3800,0.0831,11.6565,9bf6813936b2a9adbad7fb0fcd2c6a035e79a1a4966ecefb7e5c85e78b3420f8,69.7821,279.9894,0.0,117.458,151.1019,221.491,1,0.0,60.7558,3600
motion,m77,0.15,0.1128,,,22.2339,80.5806,0.0003,0,3800,0.0788,11.6565,9bf6813936b2a9adbad7fb0fcd2c6a035e79a1a4966ecefb7e5c85e78b3420f8,52.1874,208.7571,0.0,117.458,126.6975,220.8889,1,0.0,65.79,3600
motion,m77,0.2,0.0733,,,11.9936,73.2513,0.0003,1,3800,0.0765,11.6565,9bf6813936b2a9adbad7fb0fcd2c6a035e79a1a4966ecefb7e5c85e78b3420f8,44.3937,178.9045,0.0,117.458,44.7426,158.8925,1,0.0,113.6799,3600
motion,m77,0.3,0.0498,,,13.5659,65.2294,0.0002,1,3800,0.0732,11.6565,9bf6813936b2a9adbad7fb0fcd2c6a035e79a1a4966ecefb7e5c85e78b3420f8,33.5033,140.0637,0.0,117.458,36.1534,106.4042,1,0.0,99.2734,3600
motion,m77,0.4,0.1024,0,0,5.5429,61.4989,0.0002,0,3800,0.0715,11.6565,9bf6813936b2a9adbad7fb0fcd2c6a035e79a1a4966ecefb7e5c85e78b3420f8,27.2811,118.2309,0.0,117.458,13.3115,100.7362,0,0.0,133.9013,3600
motion,m77,0.5,0.0665,0,0,16.3281,58.8777,0.0001,0,3800,0.0705,11.6565,9bf6813936b2a9adbad7fb0fcd2c6a035e79a1a4966ecefb7e5c85e78b3420f8,23.2775,104.5296,0.0,117.458,21.4187,24.9086,0,0.0,49.7093,3600
motion,m77,0.7,,0,0,,55.0428,0.0001,,3800,0.0694,11.6565,9bf6813936b2a9adbad7fb0fcd2c6a035e79a1a4966ecefb7e5c85e78b3420f8,18.6151,88.2477,0.0,117.458,,,0,,,3600
motion,m77,1.0,,0,0,,50.4005,0.0001,,3800,0.0683,11.6565,9bf6813936b2a9adbad7fb0fcd2c6a035e79a1a4966ecefb7e5c85e78b3420f8,14.6704,75.7963,0.0,117.458,,,0,,,3600
scale,m77,48,0.1298,,,23.5309,244.1199,0.001,0,1553,0.0978,11.6544,9bf6813936b2a9adbad7fb0fcd2c6a035e79a1a4966ecefb7e5c85e78b3420f8,1223.2772,898.0584,0.0,48.0032,2398.9823,552.0629,1,0.0,25.0246,1471
scale,m77,40,0.1333,,,22.2727,233.1975,0.0008,0,1294,0.0962,11.6575,9bf6813936b2a9adbad7fb0fcd2c6a035e79a1a4966ecefb7e5c85e78b3420f8,1508.7371,895.7664,0.0,39.9975,2426.5364,391.3071,1,0.0,22.0,1226
scale,m77,32,0.0918,,,12.3993,215.4787,0.0006,1,1035,0.0958,11.6622,9bf6813936b2a9adbad7fb0fcd2c6a035e79a1a4966ecefb7e5c85e78b3420f8,1974.2889,1974.2889,0.0,31.9918,2086.3401,749.7058,1,0.0,29.971,981
scale,m77,26,0.0928,,,10.4524,525.807,0.0005,1,841,0.0941,11.6604,9bf6813936b2a9adbad7fb0fcd2c6a035e79a1a4966ecefb7e5c85e78b3420f8,2256.7734,556.0598,0.0,25.9953,1948.4632,674.5396,1,0.0,28.8456,797
scale,m77,22,0.0786,,,14.2222,613.5511,0.0003,1,712,0.0888,11.6474,9bf6813936b2a9adbad7fb0fcd2c6a035e79a1a4966ecefb7e5c85e78b3420f8,2364.4137,352.4127,0.0,22.0079,2898.3023,244.3985,1,0.0,18.0,674
scale,m77,18,0.0809,,,12.7449,706.2288,0.0003,1,582,0.0861,11.6699,9bf6813936b2a9adbad7fb0fcd2c6a035e79a1a4966ecefb7e5c85e78b3420f8,2161.9068,173.044,0.0,17.9896,2363.1918,147.6226,1,0.0,16.3175,552
scale,m77,15,0.0825,,,10.6119,782.7404,0.0003,1,485,0.0822,11.6699,9bf6813936b2a9adbad7fb0fcd2c6a035e79a1a4966ecefb7e5c85e78b3420f8,2078.4304,91.1916,0.0,14.9914,1740.4228,114.3275,1,0.0,16.3916,460
scale,m77,12,0.0692,,,13.6633,822.5181,0.0002,1,388,0.0812,11.6699,9bf6813936b2a9adbad7fb0fcd2c6a035e79a1a4966ecefb7e5c85e78b3420f8,1851.3587,39.8142,0.0,11.9931,1885.0236,25.0758,1,0.0,10.0994,368
scale,m77,10,0.1486,0,0,4.3456,844.7907,0.0002,0,324,0.0767,11.6205,9bf6813936b2a9adbad7fb0fcd2c6a035e79a1a4966ecefb7e5c85e78b3420f8,1628.662,19.3728,0.0,10.0148,3143.3644,142.4979,0,0.0,14.2396,306
scale,m77,8,0.1524,0,0,3.4286,919.5177,0.0002,0,259,0.0758,11.639,9bf6813936b2a9adbad7fb0fcd2c6a035e79a1a4966ecefb7e5c85e78b3420f8,1348.203,5.837,0.0,8.0057,2924.2766,118.0385,0,0.0,13.9462,245
scale,m77,6,0.084,0,0,6.3333,953.4944,0.0,0,194,0.0639,11.6699,9bf6813936b2a9adbad7fb0fcd2c6a035e79a1a4966ecefb7e5c85e78b3420f8,962.344,2.4454,0.0,5.9965,4060.0326,8.6603,0,0.0,6.0,184
blur,m78,0.02,0.1779,,,11.2164,217.3185,0.0799,1,4554,0.1826,11.9822,eff391b2d40cafa17d3a931ee9c25d82369ac28a5e73ca57be230c015e3e86ed,12.4954,574.5533,0.3216,99.4594,11.9258,653.2817,1,0.338,106.2484,3840
blur,m78,0.04,0.1508,,,11.2164,69.5025,0.0768,1,4554,0.1545,11.9822,eff391b2d40cafa17d3a931ee9c25d82369ac28a5e73ca57be230c015e3e86ed,2.9522,130.3608,0.2976,99.4594,2.8454,154.3876,1,0.3114,106.2484,3840
blur,m78,0.06,0.1296,0,0,11.2164,23.8134,0.074,0,4554,0.1325,11.9822,eff391b2d40cafa17d3a931ee9c25d82369ac28a5e73ca57be230c015e3e86ed,1.5868,33.6106,0.2637,99.4594,1.5481,40.4122,0,0.2754,106.2484,3840
blur,m78,0.08,0.1162,0,1,11.9805,9.7347,0.0713,0,4554,0.1165,11.9822,eff391b2d40cafa17d3a931ee9c25d82369ac28a5e73ca57be230c015e3e86ed,1.4007,10.0792,0.2156,99.4594,1.3889,9.9019,0,0.2136,99.4717,3840
blur,m78,0.1,0.1007,,,10.5439,4.7232,0.0687,1,4554,0.1044,11.9822,eff391b2d40cafa17d3a931ee9c25d82369ac28a5e73ca57be230c015e3e86ed,1.417,3.5902,0.1598,99.4594,1.3616,5.2506,1,0.1783,113.0252,3840
blur,m78,0.13,0.0852,,,11.3151,2.0529,0.0649,1,4554,0.0899,11.9822,eff391b2d40cafa17d3a931ee9c25d82369ac28a5e73ca57be230c015e3e86ed,1.4916,1.193,0.0839,99.4594,1.4959,1.4631,1,0.1052,105.907,3840
blur,m78,0.16,,0,0,,1.0948,0.0614,,4554,0.0777,11.9822,eff391b2d40cafa17d3a931ee9c25d82369ac28a5e73ca57be230c015e3e86ed,1.5161,0.5433,0.0335,99.4594,,,0,,,3840
blur,m78,0.2,,0,0,,0.5805,0.0569,,4554,0.064,11.9822,eff391b2d40cafa17d3a931ee9c25d82369ac28a5e73ca57be230c015e3e86ed,1.4837,0.2425,0.0125,99.4594,,,0,,,3840
blur,m78,0.25,,0,0,,0.3248,0.0516,,4554,0.0502,11.9822,eff391b2d40cafa17d3a931ee9c25d82369ac28a5e73ca57be230c015e3e86ed,1.4027,0.1268,0.0038,99.4594,,,0,,,3840
blur,m78,0.3,,0,0,,0.2159,0.0466,,4554,0.0395,11.9822,eff391b2d40cafa17d3a931ee9c25d82369ac28a5e73ca57be230c015e3e86ed,1.3377,0.0912,0.0014,99.4594,,,0,,,3840
edge,m78,2.0,0.2046,,,2.0586,514.301,0.1113,1,4554,0.2046,1.9982,eff391b2d40cafa17d3a931ee9c25d82369ac28a5e73ca57be230c015e3e86ed,342.4563,1566.0021,0.3479,99.4594,342.9478,1574.2026,1,0.3416,99.4717,2847
edge,m78,1.0,0.2046,,,1.0625,518.5616,0.1006,1,4554,0.2046,1.0029,eff391b2d40cafa17d3a931ee9c25d82369ac28a5e73ca57be230c015e3e86ed,342.4563,1566.0021,0.3479,99.4594,342.9478,1574.2026,1,0.3416,99.4717,2748
edge,m78,0.5,0.2047,,,0.5318,525.208,0.0931,1,4554,0.2046,0.5001,eff391b2d40cafa17d3a931ee9c25d82369ac28a5e73ca57be230c015e3e86ed,342.4563,1566.0021,0.3479,99.4594,342.9281,1575.2158,1,0.345,99.4717,2698
edge,m78,0.25,0.2047,,,0.2661,527.3702,0.0896,1,4554,0.2046,0.2488,eff391b2d40cafa17d3a931ee9c25d82369ac28a5e73ca57be230c015e3e86ed,342.4563,1566.0021,0.3479,99.4594,342.9288,1570.234,1,0.3461,99.4717,2673
edge,m78,0.1,0.2059,,,0.1329,529.9792,0.0875,1,4554,0.2062,0.098,eff391b2d40cafa17d3a931ee9c25d82369ac28a5e73ca57be230c015e3e86ed,349.396,1599.0762,0.3381,99.4594,348.0142,1590.8201,1,0.3369,99.4717,2658
edge,m78,0.0,0.2021,,,0.0623,530.4889,0.0861,1,4554,0.2073,0.0,eff391b2d40cafa17d3a931ee9c25d82369ac28a5e73ca57be230c015e3e86ed,354.128,1620.9303,0.3319,99.4594,336.2765,1679.3038,1,0.3467,106.2484,2648
edge,m78,-0.5,0.2029,0,0,0.1995,527.8452,0.0795,0,4554,0.2031,0.0,eff391b2d40cafa17d3a931ee9c25d82369ac28a5e73ca57be230c015e3e86ed,352.3865,1614.1964,0.3222,99.4594,351.3753,1612.301,0,0.3214,99.4717,2599
edge,m78,-1.0,0.1974,0,0,0.0546,523.9172,0.0719,0,4554,0.2044,0.0,eff391b2d40cafa17d3a931ee9c25d82369ac28a5e73ca57be230c015e3e86ed,355.9923,1636.5337,0.3078,99.4594,335.0747,1782.854,0,0.3242,111.6543,2549
edge,m78,-2.0,0.1944,0,0,0.0603,503.018,0.0582,0,4554,0.2001,0.0,eff391b2d40cafa17d3a931ee9c25d82369ac28a5e73ca57be230c015e3e86ed,334.0442,1534.6356,0.2912,99.4594,317.9438,1631.5757,0,0.3024,107.2952,2449
glare,m78,0.3,0.1618,,,11.9805,374.4452,0.0859,1,4554,0.1618,11.9822,eff391b2d40cafa17d3a931ee9c25d82369ac28a5e73ca57be230c015e3e86ed,210.996,964.0314,0.4965,99.4594,210.996,964.0314,1,0.4965,99.4717,3840
glare,m78,0.5,0.1344,,,11.9805,359.2133,0.0881,1,4554,0.1344,11.9822,eff391b2d40cafa17d3a931ee9c25d82369ac28a5e73ca57be230c015e3e86ed,142.2925,651.1834,0.5872,99.4594,142.2925,651.1834,1,0.5872,99.4717,3840
glare,m78,0.7,0.1088,,,11.9805,346.1456,0.0897,1,4554,0.1088,11.9822,eff391b2d40cafa17d3a931ee9c25d82369ac28a5e73ca57be230c015e3e86ed,89.452,410.0403,0.6635,99.4594,89.452,410.0403,1,0.6635,99.4717,3840
glare,m78,0.85,0.0918,,,11.9805,337.7654,0.0908,1,4554,0.0918,11.9822,eff391b2d40cafa17d3a931ee9c25d82369ac28a5e73ca57be230c015e3e86ed,60.06,275.3444,0.7258,99.4594,60.06,275.3444,1,0.7258,99.4717,3840
glare,m78,1.0,0.0799,,,12.6363,330.6328,0.0918,1,4554,0.0779,11.9822,eff391b2d40cafa17d3a931ee9c25d82369ac28a5e73ca57be230c015e3e86ed,39.3718,181.0898,0.7946,99.4594,41.5347,170.251,1,0.7846,94.7528,3840
glare,m78,1.5,0.2081,0,0,12.8601,314.2703,0.0949,0,4554,0.0442,11.9822,eff391b2d40cafa17d3a931ee9c25d82369ac28a5e73ca57be230c015e3e86ed,10.7485,48.6958,0.9244,99.4594,297.432,1446.7639,0,0.781,92.6686,3840
glare,m78,2.5,0.2044,0,0,12.8601,297.8524,0.0992,0,4554,0.002,11.9822,eff391b2d40cafa17d3a931ee9c25d82369ac28a5e73ca57be230c015e3e86ed,0.1864,0.1785,0.9977,99.4594,287.3636,1396.9802,0,0.7824,92.6686,3840
glare,m78,4.0,0.1988,0,0,12.8601,286.1028,0.1042,0,4554,0.0,11.9822,eff391b2d40cafa17d3a931ee9c25d82369ac28a5e73ca57be230c015e3e86ed,0.0,0.0,1.0,99.4594,272.7778,1324.6855,0,0.7873,92.6686,3840
motion,m78,0.05,0.1945,,,11.9805,339.2536,0.0817,1,4554,0.1945,11.9822,eff391b2d40cafa17d3a931ee9c25d82369ac28a5e73ca57be230c015e3e86ed,78.1074,1038.7928,0.3324,99.4594,78.1074,1038.7928,1,0.3324,99.4717,3840
motion,m78,0.1,0.1832,,,12.8346,238.5542,0.0813,1,4554,0.1783,11.9822,eff391b2d40cafa17d3a931ee9c25d82369ac28a5e73ca57be230c015e3e86ed,41.8096,540.4215,0.3287,99.4594,44.8323,484.7675,1,0.3065,92.8525,3840
motion,m78,0.15,0.167,,,12.8346,180.2641,0.0799,1,4554,0.1629,11.9822,eff391b2d40cafa17d3a931ee9c25d82369ac28a5e73ca57be230c015e3e86ed,28.9944,330.6973,0.3167,99.4594,31.0706,298.0297,1,0.2936,92.8525,3840
motion,m78,0.2,0.1535,,,12.7633,151.2557,0.0792,1,4554,0.1504,11.9822,eff391b2d40cafa17d3a931ee9c25d82369ac28a5e73ca57be230c015e3e86ed,22.9255,243.0311,0.3124,99.4594,24.3409,218.513,1,0.2946,92.8525,3840
motion,m78,0.3,0.135,,,12.7633,124.6639,0.0775,1,4554,0.1331,11.9822,eff391b2d40cafa17d3a931ee9c25d82369ac28a5e73ca57be230c015e3e86ed,16.5532,162.6253,0.3013,99.4594,17.4247,145.4903,1,0.2784,92.8525,3840
motion,m78,0.4,0.1213,,,11.914,111.4015,0.076,1,4554,0.1222,11.9822,eff391b2d40cafa17d3a931ee9c25d82369ac28a5e73ca57be230c015e3e86ed,13.1993,126.822,0.2886,99.4594,12.8904,123.3761,1,0.2901,99.4717,3840
motion,m78,0.5,0.0996,0,0,12.6741,103.0156,0.0747,0,4554,0.1135,11.9822,eff391b2d40cafa17d3a931ee9c25d82369ac28a5e73ca57be230c015e3e86ed,11.0297,102.4309,0.2812,99.4594,18.4932,147.0025,0,0.3545,92.9838,3840
motion,m78,0.7,0.1027,0,0,11.8951,92.8245,0.0722,0,4554,0.1032,11.9822,eff391b2d40cafa17d3a931ee9c25d82369ac28a5e73ca57be230c015e3e86ed,8.3591,75.2028,0.2778,99.4594,8.4454,74.1697,0,0.2804,99.6293,3840
motion,m78,1.0,,0,0,,83.9495,0.0686,,4554,0.0973,11.9822,eff391b2d40cafa17d3a931ee9c25d82369ac28a5e73ca57be230c015e3e86ed,6.6406,60.6713,0.274,99.4594,,,0,,,3840
scale,m78,48,0.1983,,,11.2167,403.9581,0.0827,1,2198,0.2036,11.9797,eff391b2d40cafa17d3a931ee9c25d82369ac28a5e73ca57be230c015e3e86ed,1427.9787,1565.5457,0.3498,48.0043,1349.5728,1645.6848,1,0.3611,51.4651,1853
scale,m78,40,0.1977,,,11.247,408.8552,0.0827,1,1832,0.203,11.9763,eff391b2d40cafa17d3a931ee9c25d82369ac28a5e73ca57be230c015e3e86ed,1889.8283,1522.5432,0.3488,40.0109,1781.9153,1586.4351,1,0.363,42.6046,1544
scale,m78,32,0.1972,,,11.1584,404.456,0.083,1,1465,0.2018,11.9792,eff391b2d40cafa17d3a931ee9c25d82369ac28a5e73ca57be230c015e3e86ed,2632.3153,2632.3153,0.3566,31.9956,2489.5048,1616.6986,1,0.3718,34.3486,1235
scale,m78,26,0.2017,,,12.0769,384.4492,0.083,1,1190,0.2008,11.9891,eff391b2d40cafa17d3a931ee9c25d82369ac28a5e73ca57be230c015e3e86ed,3763.9763,1122.6808,0.3638,25.9896,3815.4039,1150.0663,1,0.3529,26.0,1004
scale,m78,22,0.1997,,,11.9978,703.5304,0.0833,1,1007,0.1996,11.9806,eff391b2d40cafa17d3a931ee9c25d82369ac28a5e73ca57be230c015e3e86ed,5171.2051,888.6597,0.3739,21.9929,5178.081,888.9137,1,0.3744,21.9782,849
scale,m78,18,0.194,,,10.6846,973.3,0.0833,1,824,0.1969,11.9855,eff391b2d40cafa17d3a931ee9c25d82369ac28a5e73ca57be230c015e3e86ed,7457.3412,690.6973,0.3748,17.9962,6826.54,885.0744,1,0.3993,20.0,695
scale,m78,15,0.1884,,,11.247,1244.5018,0.083,1,687,0.1948,11.9763,eff391b2d40cafa17d3a931ee9c25d82369ac28a5e73ca57be230c015e3e86ed,9801.1243,477.4399,0.3898,15.0041,8893.5881,418.5088,1,0.4089,15.9767,579
scale,m78,12,0.1836,,,11.8293,1590.7696,0.0832,1,549,0.1858,11.9842,eff391b2d40cafa17d3a931ee9c25d82369ac28a5e73ca57be230c015e3e86ed,12022.5639,287.7952,0.397,11.9902,11624.3123,277.936,1,0.4118,11.9782,463
scale,m78,10,0.1738,,,11.8,1867.5401,0.083,1,458,0.1774,11.9763,eff391b2d40cafa17d3a931ee9c25d82369ac28a5e73ca57be230c015e3e86ed,13404.0154,180.8117,0.408,10.0027,12704.908,162.5762,1,0.3966,10.0,386
scale,m78,8,0.1467,,,9.3697,2155.7613,0.0815,1,366,0.164,11.9971,eff391b2d40cafa17d3a931ee9c25d82369ac28a5e73ca57be230c015e3e86ed,13241.3244,62.0668,0.4223,7.9934,9325.0312,126.5273,1,0.4533,10.0,309
scale,m78,6,0.1437,0,1,12.0436,2481.8485,0.0792,0,275,0.1452,11.9882,eff391b2d40cafa17d3a931ee9c25d82369ac28a5e73ca57be230c015e3e86ed,11574.8338,25.5248,0.3926,6.006,11324.5653,24.7808,0,0.3623,5.9783,232
blur,m79,0.02,0.1913,,,14.2153,95.7111,0.0,1,4032,0.19,13.7478,31070c8bf30a04a0a31b650f2509cc3282c69e61bfa6aba78c1c69418ef63d93,31.1755,811.9614,0.0,91.9296,30.5867,744.9447,1,0.0,89.0106,3024
blur,m79,0.04,0.1535,,,13.217,21.2041,0.0,1,4032,0.1552,13.7478,31070c8bf30a04a0a31b650f2509cc3282c69e61bfa6aba78c1c69418ef63d93,4.3914,155.3566,0.0,91.9296,4.3492,172.8138,1,0.0,95.2745,3024
blur,m79,0.06,0.1295,,,14.2095,6.431,0.0,1,4032,0.129,13.7478,31070c8bf30a04a0a31b650f2509cc3282c69e61bfa6aba78c1c69418ef63d93,2.1356,38.2643,0.0,91.9296,2.1626,35.0465,1,0.0,89.0455,3024
blur,m79,0.08,0.11,,,12.97,2.6145,0.0,1,4032,0.1104,13.7478,31070c8bf30a04a0a31b650f2509cc3282c69e61bfa6aba78c1c69418ef63d93,1.6945,10.8646,0.0,91.9296,1.6692,12.6731,1,0.0,97.0219,3024
blur,m79,0.1,0.0943,0,0,18.1667,1.3238,0.0,0,4032,0.0964,13.7478,31070c8bf30a04a0a31b650f2509cc3282c69e61bfa6aba78c1c69418ef63d93,1.5925,4.1317,0.0,91.9296,1.7503,1.5402,0,0.0,70.3256,3024
blur,m79,0.13,,0,0,,0.6194,0.0,,4032,0.0806,13.7478,31070c8bf30a04a0a31b650f2509cc3282c69e61bfa6aba78c1c69418ef63d93,1.5059,1.265,0.0,91.9296,,,0,,,3024
blur,m79,0.16,,0,0,,0.3661,0.0,,4032,0.0692,13.7478,31070c8bf30a04a0a31b650f2509cc3282c69e61bfa6aba78c1c69418ef63d93,1.4745,0.5165,0.0,91.9296,,,0,,,3024
blur,m79,0.2,,0,0,,0.2362,0.0,,4032,0.058,13.7478,31070c8bf30a04a0a31b650f2509cc3282c69e61bfa6aba78c1c69418ef63d93,1.3653,0.2458,0.0,91.9296,,,0,,,3024
blur,m79,0.25,,0,0,,0.174,0.0,,4032,0.0482,13.7478,31070c8bf30a04a0a31b650f2509cc3282c69e61bfa6aba78c1c69418ef63d93,1.2936,0.1412,0.0,91.9296,,,0,,,3024
blur,m79,0.3,,0,0,,0.1464,0.0,,4032,0.0414,13.7478,31070c8bf30a04a0a31b650f2509cc3282c69e61bfa6aba78c1c69418ef63d93,1.1676,0.1163,0.0,91.9296,,,0,,,3024
edge,m79,2.0,0.2294,,,2.1302,322.0475,0.0001,1,4032,0.226,2.0048,31070c8bf30a04a0a31b650f2509cc3282c69e61bfa6aba78c1c69418ef63d93,689.2416,3100.7372,0.0,91.9296,701.4403,3055.8368,1,0.0,87.907,1855
edge,m79,1.0,0.2297,,,1.0576,307.3787,0.0001,1,4032,0.226,1.004,31070c8bf30a04a0a31b650f2509cc3282c69e61bfa6aba78c1c69418ef63d93,689.2416,3100.7372,0.0,91.9296,712.5919,3061.1792,1,0.0,88.5371,1763
edge,m79,0.5,0.2291,,,0.5176,308.995,0.0001,1,4032,0.226,0.5037,31070c8bf30a04a0a31b650f2509cc3282c69e61bfa6aba78c1c69418ef63d93,689.2416,3100.7372,0.0,91.9296,715.3219,3178.5909,1,0.0,90.0631,1717
edge,m79,0.25,0.2292,,,0.2667,307.4743,0.0001,1,4032,0.226,0.2535,31070c8bf30a04a0a31b650f2509cc3282c69e61bfa6aba78c1c69418ef63d93,689.2416,3100.7372,0.0,91.9296,699.845,3010.5236,1,0.0,87.907,1694
edge,m79,0.1,0.2299,,,0.1313,291.9164,0.0001,1,4032,0.2274,0.1012,31070c8bf30a04a0a31b650f2509cc3282c69e61bfa6aba78c1c69418ef63d93,700.6174,3176.611,0.0,91.9296,709.0928,3078.4561,1,0.0,88.5451,1680
edge,m79,0.0,0.2314,,,0.1306,294.774,0.0001,1,4032,0.2284,0.0033,31070c8bf30a04a0a31b650f2509cc3282c69e61bfa6aba78c1c69418ef63d93,705.8083,3162.0743,0.0,91.9296,720.2233,3120.1763,1,0.0,88.7085,1671
edge,m79,-0.5,0.2306,0,0,0.0645,269.8355,0.0001,0,4032,0.2282,0.0,31070c8bf30a04a0a31b650f2509cc3282c69e61bfa6aba78c1c69418ef63d93,692.7857,3090.6553,0.0,91.9296,699.424,3000.888,0,0.0,88.7733,1625
edge,m79,-1.0,0.0965,0,0,5.6846,269.5379,0.0001,0,4032,0.2268,0.0,31070c8bf30a04a0a31b650f2509cc3282c69e61bfa6aba78c1c69418ef63d93,670.0304,2994.413,0.0,91.9296,156.7996,520.2968,0,0.0,82.3023,1579
edge,m79,-2.0,0.0967,0,0,4.5524,229.4676,0.0001,0,4032,0.2178,0.0,31070c8bf30a04a0a31b650f2509cc3282c69e61bfa6aba78c1c69418ef63d93,586.3911,2563.6832,0.0,91.9296,157.0268,495.1848,0,0.0,82.3023,1487
glare,m79,0.3,0.1771,,,14.4,218.0418,0.0002,1,4032,0.1767,13.7478,31070c8bf30a04a0a31b650f2509cc3282c69e61bfa6aba78c1c69418ef63d93,432.2217,1926.4697,0.0,91.9296,421.9199,1803.5524,1,0.0,87.907,3024
glare,m79,0.5,0.1476,,,14.0455,207.9101,0.0002,1,4032,0.1474,13.7478,31070c8bf30a04a0a31b650f2509cc3282c69e61bfa6aba78c1c69418ef63d93,296.1425,1312.5974,0.0,91.9296,295.6339,1275.7156,1,0.0,90.0495,3024
glare,m79,0.7,0.1233,,,14.1504,199.4125,0.0002,1,4032,0.1238,13.7478,31070c8bf30a04a0a31b650f2509cc3282c69e61bfa6aba78c1c69418ef63d93,190.6279,835.0215,0.0,91.9296,186.6368,797.0306,1,0.0,89.4048,3024
glare,m79,0.85,0.1109,,,14.2169,194.0827,0.0002,1,4032,0.1117,13.7478,31070c8bf30a04a0a31b650f2509cc3282c69e61bfa6aba78c1c69418ef63d93,130.8817,566.272,0.0,91.9296,127.3699,538.0449,1,0.0,89.0004,3024
glare,m79,1.0,0.105,0,0,14.4,189.6174,0.0009,0,4032,0.1065,13.7478,31070c8bf30a04a0a31b650f2509cc3282c69e61bfa6aba78c1c69418ef63d93,87.9546,373.9227,0.1472,91.9296,84.1204,347.4447,0,0.1548,87.907,3024
glare,m79,1.5,0.0969,0,0,11.393,180.1306,0.0042,0,4032,0.0765,13.7478,31070c8bf30a04a0a31b650f2509cc3282c69e61bfa6aba78c1c69418ef63d93,26.4318,107.4365,0.5764,91.9296,157.2219,520.9971,0,0.0,82.3023,3024
glare,m79,2.5,0.0969,0,0,11.393,171.3293,0.0086,0,4032,0.0279,13.7478,31070c8bf30a04a0a31b650f2509cc3282c69e61bfa6aba78c1c69418ef63d93,2.5358,7.2291,0.862,91.9296,157.2219,520.9971,0,0.0,82.3023,3024
glare,m79,4.0,0.0969,0,0,11.393,165.0179,0.0125,0,4032,0.0003,13.7478,31070c8bf30a04a0a31b650f2509cc3282c69e61bfa6aba78c1c69418ef63d93,0.0025,0.0009,1.0,91.9296,157.2219,520.9971,0,0.0,82.3023,3024
motion,m79,0.05,0.2055,,,14.2374,160.685,0.0,1,4032,0.2037,13.7478,31070c8bf30a04a0a31b650f2509cc3282c69e61bfa6aba78c1c69418ef63d93,133.4449,1439.6169,0.0,91.9296,135.4765,1367.0323,1,0.0,88.8767,3024
motion,m79,0.1,0.186,,,14.1506,95.96,0.0,1,4032,0.1845,13.7478,31070c8bf30a04a0a31b650f2509cc3282c69e61bfa6aba78c1c69418ef63d93,73.9561,644.8707,0.0,91.9296,75.4675,625.893,1,0.0,89.4036,3024
motion,m79,0.15,0.1674,,,13.937,69.6094,0.0,1,4032,0.1668,13.7478,31070c8bf30a04a0a31b650f2509cc3282c69e61bfa6aba78c1c69418ef63d93,53.9219,411.2872,0.0,91.9296,54.5965,411.3319,1,0.0,90.7262,3024
motion,m79,0.2,0.1584,,,14.8135,60.4534,0.0,1,4032,0.1558,13.7478,31070c8bf30a04a0a31b650f2509cc3282c69e61bfa6aba78c1c69418ef63d93,45.8185,310.0277,0.0,91.9296,48.5348,280.8791,1,0.0,85.4313,3024
motion,m79,0.3,0.1423,,,15.4165,50.1647,0.0,1,4032,0.1398,13.7478,31070c8bf30a04a0a31b650f2509cc3282c69e61bfa6aba78c1c69418ef63d93,35.7776,228.9191,0.0,91.9296,39.0841,206.8377,1,0.0,82.2929,3024
motion,m79,0.4,0.0734,0,0,22.1988,45.8379,0.0,0,4032,0.1305,13.7478,31070c8bf30a04a0a31b650f2509cc3282c69e61bfa6aba78c1c69418ef63d93,30.6256,191.5993,0.0,91.9296,29.4789,48.6865,0,0.0,47.2558,3024
motion,m79,0.5,,0,0,,42.9463,0.0,,4032,0.1256,13.7478,31070c8bf30a04a0a31b650f2509cc3282c69e61bfa6aba78c1c69418ef63d93,27.1751,173.4642,0.0,91.9296,,,0,,,3024
motion,m79,0.7,,0,0,,38.8403,0.0,,4032,0.1204,13.7478,31070c8bf30a04a0a31b650f2509cc3282c69e61bfa6aba78c1c69418ef63d93,22.3799,154.9727,0.0,91.9296,,,0,,,3024
motion,m79,1.0,,0,0,,33.8967,0.0,,4032,0.1129,13.7478,31070c8bf30a04a0a31b650f2509cc3282c69e61bfa6aba78c1c69418ef63d93,17.2459,130.3461,0.0,91.9296,,,0,,,3024
scale,m79,48,0.2256,,,14.1607,238.7241,0.0001,1,2105,0.2251,13.7478,31070c8bf30a04a0a31b650f2509cc3282c69e61bfa6aba78c1c69418ef63d93,2937.4338,3137.3201,0.0,47.994,2889.6254,3022.6667,1,0.0,46.6429,1579
scale,m79,40,0.2236,,,13.6794,239.5325,0.0001,1,1754,0.2236,13.7478,31070c8bf30a04a0a31b650f2509cc3282c69e61bfa6aba78c1c69418ef63d93,4157.9372,3050.4208,0.0,39.9912,4157.9372,3028.4086,1,0.0,40.1848,1316
scale,m79,32,0.2222,,,14.2431,232.8319,0.0001,1,1404,0.2209,13.7478,31070c8bf30a04a0a31b650f2509cc3282c69e61bfa6aba78c1c69418ef63d93,5694.3028,5694.3028,0.0,32.0112,5558.6879,2506.4159,1,0.0,30.9361,1053
scale,m79,26,0.2186,,,14.313,215.8504,0.0001,1,1140,0.2148,13.7478,31070c8bf30a04a0a31b650f2509cc3282c69e61bfa6aba78c1c69418ef63d93,6182.803,1950.065,0.0,25.992,6572.8452,1775.242,1,0.0,24.9781,855
scale,m79,22,0.2208,,,14.6917,439.1481,0.0001,1,965,0.2115,13.7478,31070c8bf30a04a0a31b650f2509cc3282c69e61bfa6aba78c1c69418ef63d93,6814.2738,1269.4468,0.0,22.002,8069.6903,1238.6318,1,0.0,20.5163,724
scale,m79,18,0.2126,,,15.0343,465.4564,0.0001,1,789,0.205,13.7478,31070c8bf30a04a0a31b650f2509cc3282c69e61bfa6aba78c1c69418ef63d93,7850.7308,804.1368,0.0,17.9892,8618.6491,682.1809,1,0.0,16.4588,592
scale,m79,15,0.2039,,,14.8571,495.8818,0.0,1,658,0.2,13.7478,31070c8bf30a04a0a31b650f2509cc3282c69e61bfa6aba78c1c69418ef63d93,10209.025,556.1225,0.0,15.0024,10358.3679,452.6098,1,0.0,14.0,493
scale,m79,12,0.2022,,,16.6,542.7455,0.0,1,526,0.1932,13.7478,31070c8bf30a04a0a31b650f2509cc3282c69e61bfa6aba78c1c69418ef63d93,14198.894,358.0806,0.0,11.9928,16682.5216,243.8058,1,0.0,10.0,395
scale,m79,10,,0,0,,584.9192,0.0001,,439,0.1836,13.7478,31070c8bf30a04a0a31b650f2509cc3282c69e61bfa6aba78c1c69418ef63d93,16105.7573,223.8635,0.0,10.0092,,,0,,,329
scale,m79,8,,0,0,,632.8567,0.0,,351,0.1677,13.7478,31070c8bf30a04a0a31b650f2509cc3282c69e61bfa6aba78c1c69418ef63d93,15791.9558,76.544,0.0,8.0028,,,0,,,263
scale,m79,6,,0,0,,711.7914,0.0,,263,0.1468,13.7478,31070c8bf30a04a0a31b650f2509cc3282c69e61bfa6aba78c1c69418ef63d93,14286.7613,35.4328,0.0,5.9964,,,0,,,197
blur,m80,0.02,0.2189,,,4.3006,90.7655,0.0,0,1082,0.2422,3.9485,50f377f18eef24ccdd63dcd011369002301298abaab834fefa1339580c3a857e,534.3955,1125.4055,0.0,47.9651,512.2353,912.9369,1,0.0,44.1279,818
blur,m80,0.04,0.1814,,,1.3939,7.3557,0.0,0,1082,0.2202,3.9485,50f377f18eef24ccdd63dcd011369002301298abaab834fefa1339580c3a857e,29.7216,106.7584,0.0,47.9651,22.1726,227.3923,1,0.0,66.0,818
blur,m80,0.06,0.1576,0,0,1.4194,1.9854,0.0,0,1082,0.2092,3.9485,50f377f18eef24ccdd63dcd011369002301298abaab834fefa1339580c3a857e,6.3562,21.1895,0.0,47.9651,7.1298,59.5752,0,0.0,62.0,818
blur,m80,0.08,0.1477,0,0,1.3902,0.9675,0.0,0,1082,0.2011,3.9485,50f377f18eef24ccdd63dcd011369002301298abaab834fefa1339580c3a857e,3.0725,6.7645,0.0,47.9651,3.8769,25.0043,0,0.0,62.9557,818
blur,m80,0.1,0.1263,0,0,1.4814,0.6282,0.0,0,1082,0.1941,3.9485,50f377f18eef24ccdd63dcd011369002301298abaab834fefa1339580c3a857e,2.2314,2.8993,0.0,47.9651,2.6615,8.5835,0,0.0,60.5634,818
blur,m80,0.13,,0,0,,0.4477,0.0,,1082,0.1846,3.9485,50f377f18eef24ccdd63dcd011369002301298abaab834fefa1339580c3a857e,1.8417,1.2428,0.0,47.9651,,,0,,,818
blur,m80,0.16,,0,0,,0.3829,0.0,,1082,0.1758,3.9485,50f377f18eef24ccdd63dcd011369002301298abaab834fefa1339580c3a857e,1.7128,0.7271,0.0,47.9651,,,0,,,818
blur,m80,0.2,,0,0,,0.3452,0.0,,1082,0.1651,3.9485,50f377f18eef24ccdd63dcd011369002301298abaab834fefa1339580c3a857e,1.6591,0.486,0.0,47.9651,,,0,,,818
blur,m80,0.25,,0,0,,0.322,0.0,,1082,0.1528,3.9485,50f377f18eef24ccdd63dcd011369002301298abaab834fefa1339580c3a857e,1.5638,0.3554,0.0,47.9651,,,0,,,818
blur,m80,0.3,,0,0,,0.3089,0.0,,1082,0.1413,3.9485,50f377f18eef24ccdd63dcd011369002301298abaab834fefa1339580c3a857e,1.5173,0.3017,0.0,47.9651,,,0,,,818
edge,m80,2.0,0.279,,,2.1259,915.1213,0.0097,1,1082,0.2781,2.0014,50f377f18eef24ccdd63dcd011369002301298abaab834fefa1339580c3a857e,5457.1217,4829.7049,0.0057,47.9651,5282.5462,4749.6655,1,0.0051,46.0227,560
edge,m80,1.0,0.2675,,,2.5626,876.3013,0.0086,0,1082,0.2781,1.0007,50f377f18eef24ccdd63dcd011369002301298abaab834fefa1339580c3a857e,5457.1217,4829.7049,0.0057,47.9651,5364.3838,4694.3272,1,0.0063,48.151,512
edge,m80,0.5,0.2535,,,2.3981,811.8706,0.0076,0,1082,0.2781,0.5003,50f377f18eef24ccdd63dcd011369002301298abaab834fefa1339580c3a857e,5457.1217,4829.7049,0.0057,47.9651,4934.71,4139.4307,1,0.0058,42.5108,488
edge,m80,0.25,0.254,,,2.2052,780.1672,0.0072,0,1082,0.2781,0.2501,50f377f18eef24ccdd63dcd011369002301298abaab834fefa1339580c3a857e,5457.1217,4829.7049,0.0057,47.9651,5002.2314,4197.2433,1,0.0058,42.5972,476
edge,m80,0.1,0.2568,,,1.8569,766.1722,0.007,0,1082,0.2698,0.1042,50f377f18eef24ccdd63dcd011369002301298abaab834fefa1339580c3a857e,5522.3465,4836.3478,0.0054,47.9651,5112.4534,4538.0246,1,0.006,44.9758,469
edge,m80,0.0,0.2537,,,1.8823,751.6007,0.0068,0,1082,0.2629,0.0,50f377f18eef24ccdd63dcd011369002301298abaab834fefa1339580c3a857e,5491.9366,4836.4073,0.0055,47.9651,4965.5314,4168.1156,1,0.0058,42.4732,464
edge,m80,-0.5,0.254,0,0,1.3598,707.2621,0.0062,0,1082,0.2646,0.0,50f377f18eef24ccdd63dcd011369002301298abaab834fefa1339580c3a857e,5449.3821,4782.0003,0.0056,47.9651,5002.2314,4197.2433,0,0.0058,42.6045,440
edge,m80,-1.0,0.2542,0,0,0.8459,673.2494,0.0056,0,1082,0.2665,0.0,50f377f18eef24ccdd63dcd011369002301298abaab834fefa1339580c3a857e,5360.9651,4709.9208,0.006,47.9651,5027.2044,4222.1387,0,0.0059,42.492,416
edge,m80,-2.0,0.2569,0,0,0.0869,616.5615,0.0046,0,1082,0.2705,0.0,50f377f18eef24ccdd63dcd011369002301298abaab834fefa1339580c3a857e,5707.2362,4995.0838,0.0067,47.9651,5324.737,4703.1295,0,0.0064,43.6963,368
glare,m80,0.3,0.2226,,,4.3182,602.8875,0.007,1,1082,0.2289,3.9485,50f377f18eef24ccdd63dcd011369002301298abaab834fefa1339580c3a857e,3510.1756,3067.1401,0.0077,47.9651,3263.9862,2873.5381,1,0.0068,44.0,818
glare,m80,0.5,0.1948,,,4.2499,560.2206,0.0072,1,1082,0.1993,3.9485,50f377f18eef24ccdd63dcd011369002301298abaab834fefa1339580c3a857e,2482.5266,2144.0987,0.0107,47.9651,2335.6579,2084.32,1,0.0099,44.6941,818
glare,m80,0.7,0.1736,,,3.9456,523.2677,0.0075,1,1082,0.1738,3.9485,50f377f18eef24ccdd63dcd011369002301298abaab834fefa1339580c3a857e,1672.1406,1421.5685,0.0222,47.9651,1614.2619,1432.0197,1,0.0209,46.5833,818
glare,m80,0.85,0.1583,,,4.3333,499.4937,0.0089,1,1082,0.1586,3.9485,50f377f18eef24ccdd63dcd011369002301298abaab834fefa1339580c3a857e,1205.5781,1011.2228,0.0731,47.9651,1061.939,896.0883,1,0.0729,42.0,818
glare,m80,1.0,0.13,0,0,1.5704,478.9474,0.0151,0,1082,0.1477,3.9485,50f377f18eef24ccdd63dcd011369002301298abaab834fefa1339580c3a857e,862.9552,714.1624,0.2838,47.9651,561.6118,544.3479,0,0.0001,57.4762,818
glare,m80,1.5,0.1134,0,0,3.5,428.687,0.0379,0,1082,0.106,3.9485,50f377f18eef24ccdd63dcd011369002301298abaab834fefa1339580c3a857e,289.8181,231.1132,0.6509,47.9651,2872.8317,636.1154,0,0.0104,24.0,818
glare,m80,2.5,0.102,0,0,3.5,365.8671,0.074,0,1082,0.035,3.9485,50f377f18eef24ccdd63dcd011369002301298abaab834fefa1339580c3a857e,14.1522,10.4562,0.9153,47.9651,2312.3657,509.4197,0,0.0144,24.0,818
glare,m80,4.0,0.0945,0,0,5.3333,311.2826,0.104,0,1082,0.0,3.9485,50f377f18eef24ccdd63dcd011369002301298abaab834fefa1339580c3a857e,0.0,0.0,1.0,47.9651,2313.3126,59.4585,0,0.1361,12.0,818
motion,m80,0.05,0.2447,,,4.4757,472.4053,0.0039,0,1082,0.269,3.9485,50f377f18eef24ccdd63dcd011369002301298abaab834fefa1339580c3a857e,3442.7767,3756.153,0.0017,47.9651,3115.0181,3124.909,1,0.0017,42.4407,818
motion,m80,0.1,0.2273,,,4.3224,255.1472,0.002,0,1082,0.2503,3.9485,50f377f18eef24ccdd63dcd011369002301298abaab834fefa1339580c3a857e,1834.7901,1901.7332,0.0004,47.9651,1593.0589,1629.6021,1,0.0006,43.4588,818
motion,m80,0.15,0.1892,,,1.5738,224.7749,0.0016,0,1082,0.2438,3.9485,50f377f18eef24ccdd63dcd011369002301298abaab834fefa1339580c3a857e,1634.1065,1634.6995,0.0002,47.9651,718.7744,860.5385,1,0.0,57.866,818
motion,m80,0.2,0.2124,0,0,4.5238,201.2881,0.0014,0,1082,0.2373,3.9485,50f377f18eef24ccdd63dcd011369002301298abaab834fefa1339580c3a857e,1494.8474,1470.2,0.0,47.9651,1240.7812,1182.7532,0,0.0,42.0,818
motion,m80,0.3,0.1758,0,0,1.6188,183.8355,0.0013,0,1082,0.2312,3.9485,50f377f18eef24ccdd63dcd011369002301298abaab834fefa1339580c3a857e,1391.4527,1352.8466,0.0,47.9651,587.3123,508.6133,0,0.0,56.6365,818
motion,m80,0.4,0.1273,0,0,1.92,170.3661,0.0012,0,1082,0.2266,3.9485,50f377f18eef24ccdd63dcd011369002301298abaab834fefa1339580c3a857e,1311.6382,1272.419,0.0,47.9651,163.752,219.4048,0,0.0,50.0,818
motion,m80,0.5,,0,0,,160.6782,0.001,,1082,0.2236,3.9485,50f377f18eef24ccdd63dcd011369002301298abaab834fefa1339580c3a857e,1267.7645,1238.9873,0.0,47.9651,,,0,,,818
motion,m80,0.7,,0,0,,146.2994,0.0009,,1082,0.2203,3.9485,50f377f18eef24ccdd63dcd011369002301298abaab834fefa1339580c3a857e,1187.9742,1178.6732,0.0,47.9651,,,0,,,818
motion,m80,1.0,,0,0,,131.8714,0.0007,,1082,0.218,3.9485,50f377f18eef24ccdd63dcd011369002301298abaab834fefa1339580c3a857e,1096.0151,1119.5524,0.0,47.9651,,,0,,,818
scale,m80,40,0.2539,,,3.898,1491.7929,0.0062,0,902,0.279,3.949,50f377f18eef24ccdd63dcd011369002301298abaab834fefa1339580c3a857e,7111.9683,4786.5728,0.0052,39.9857,6896.0175,4467.614,1,0.0051,38.9161,682
scale,m80,32,0.2452,0,0,4.1202,1899.8191,0.0066,0,722,0.2707,3.9497,50f377f18eef24ccdd63dcd011369002301298abaab834fefa1339580c3a857e,9540.4352,9540.4352,0.0059,32.0063,9551.0352,3870.2322,0,0.0053,30.5649,546
scale,m80,26,0.1919,0,0,1.647,2049.8864,0.0059,0,587,0.2628,3.9416,50f377f18eef24ccdd63dcd011369002301298abaab834fefa1339580c3a857e,11210.4745,2837.9012,0.0035,26.0217,2264.6771,998.4271,0,0.0,30.2237,443
scale,m80,22,0.2618,0,0,3.8987,2013.3529,0.006,0,496,0.2611,3.9487,50f377f18eef24ccdd63dcd011369002301298abaab834fefa1339580c3a857e,11692.3401,1946.8708,0.0024,21.9877,11190.02,1829.8438,0,0.0028,22.0,375
scale,m80,18,0.259,0,0,3.8763,1887.474,0.0052,0,406,0.2571,3.9493,50f377f18eef24ccdd63dcd011369002301298abaab834fefa1339580c3a857e,11231.9459,1021.216,0.001,17.998,10523.5309,962.8039,0,0.0013,18.0,307
scale,m80,15,0.261,0,0,3.625,1755.1113,0.005,0,338,0.2481,3.9558,50f377f18eef24ccdd63dcd011369002301298abaab834fefa1339580c3a857e,9440.3471,482.9574,0.0005,14.9835,9080.0077,403.0968,0,0.0007,16.0,256
scale,m80,12,0.1831,0,0,1.5714,1678.5515,0.005,0,271,0.2386,3.9509,50f377f18eef24ccdd63dcd011369002301298abaab834fefa1339580c3a857e,7780.3864,182.8192,0.0,12.0134,5167.8764,248.4814,0,0.0,13.9485,205
scale,m80,10,,0,0,,1765.1236,0.0045,,226,0.2262,3.9518,50f377f18eef24ccdd63dcd011369002301298abaab834fefa1339580c3a857e,7895.1964,115.708,0.0,10.0186,,,0,,,171
scale,m80,8,,0,0,,1936.5178,0.006,,180,0.2135,3.9462,50f377f18eef24ccdd63dcd011369002301298abaab834fefa1339580c3a857e,7126.1799,39.0764,0.0,7.9794,,,0,,,136
scale,m80,6,,0,0,,2284.548,0.0048,,135,0.2268,3.9462,50f377f18eef24ccdd63dcd011369002301298abaab834fefa1339580c3a857e,4767.2916,14.913,0.0,5.9846,,,0,,,102
blur,m81,0.02,0.071,,,18.4167,104.5313,0.0048,0,4624,0.2459,5.5503,24be340afbeed9abb72cfdec437809eeef1b9e4d1ed821a5b3b1a190e62bd9f7,3.839,457.4706,0.0,147.3669,2.048,29.826,1,0.0,80.6512,3468
blur,m81,0.04,0.0876,,,6.6332,26.2962,0.0032,1,4624,0.2286,5.5503,24be340afbeed9abb72cfdec437809eeef1b9e4d1ed821a5b3b1a190e62bd9f7,1.6917,89.5645,0.0,147.3669,1.5004,20.6326,1,0.0,123.2401,3468
blur,m81,0.06,0.0879,,,6.1089,8.9658,0.0015,1,4624,0.2148,5.5503,24be340afbeed9abb72cfdec437809eeef1b9e4d1ed821a5b3b1a190e62bd9f7,1.4677,24.7885,0.0,147.3669,1.3801,7.6917,1,0.0,134.067,3468
blur,m81,0.08,0.0606,0,0,7.5625,3.6337,0.0006,0,4624,0.2038,5.5503,24be340afbeed9abb72cfdec437809eeef1b9e4d1ed821a5b3b1a190e62bd9f7,1.4432,8.6962,0.0,147.3669,1.3833,0.6982,0,0.0,107.5349,3468
blur,m81,0.1,,0,0,,1.6472,0.0,,4624,0.1944,5.5503,24be340afbeed9abb72cfdec437809eeef1b9e4d1ed821a5b3b1a190e62bd9f7,1.4116,3.805,0.0,147.3669,,,0,,,3468
blur,m81,0.13,,0,0,,0.6224,0.0,,4624,0.1823,5.5503,24be340afbeed9abb72cfdec437809eeef1b9e4d1ed821a5b3b1a190e62bd9f7,1.3199,1.5485,0.0,147.3669,,,0,,,3468
blur,m81,0.16,,0,0,,0.3027,0.0,,4624,0.1718,5.5503,24be340afbeed9abb72cfdec437809eeef1b9e4d1ed821a5b3b1a190e62bd9f7,1.2283,0.7925,0.0,147.3669,,,0,,,3468
blur,m81,0.2,,0,0,,0.1748,0.0,,4624,0.16,5.5503,24be340afbeed9abb72cfdec437809eeef1b9e4d1ed821a5b3b1a190e62bd9f7,1.1807,0.3686,0.0,147.3669,,,0,,,3468
blur,m81,0.25,,0,0,,0.1473,0.0,,4624,0.1481,5.5503,24be340afbeed9abb72cfdec437809eeef1b9e4d1ed821a5b3b1a190e62bd9f7,0.9984,0.1748,0.0,147.3669,,,0,,,3468
blur,m81,0.3,,0,0,,0.1453,0.0,,4624,0.1382,5.5503,24be340afbeed9abb72cfdec437809eeef1b9e4d1ed821a5b3b1a190e62bd9f7,0.9996,0.1035,0.0,147.3669,,,0,,,3468
edge,m81,2.0,0.0908,,,12.672,337.2498,0.0078,0,4624,0.2638,2.0013,24be340afbeed9abb72cfdec437809eeef1b9e4d1ed821a5b3b1a190e62bd9f7,241.25,1554.5725,0.0,147.3669,94.1658,392.74,1,0.0,80.6512,2945
edge,m81,1.0,0.0909,,,10.8947,342.2115,0.0082,0,4624,0.2638,0.997,24be340afbeed9abb72cfdec437809eeef1b9e4d1ed821a5b3b1a190e62bd9f7,241.25,1554.5725,0.0,147.3669,94.3856,389.5737,1,0.0,80.6512,2797
edge,m81,0.5,0.0894,,,9.5431,344.5034,0.0085,0,4624,0.2638,0.5017,24be340afbeed9abb72cfdec437809eeef1b9e4d1ed821a5b3b1a190e62bd9f7,241.25,1554.5725,0.0,147.3669,90.5948,404.7733,1,0.0,84.3325,2724
edge,m81,0.25,0.0893,,,9.0026,344.6992,0.0086,0,4624,0.2638,0.2506,24be340afbeed9abb72cfdec437809eeef1b9e4d1ed821a5b3b1a190e62bd9f7,241.25,1554.5725,0.0,147.3669,90.402,404.2344,1,0.0,85.0199,2687
edge,m81,0.1,0.0908,,,9.2389,344.4946,0.0087,0,4624,0.2647,0.1013,24be340afbeed9abb72cfdec437809eeef1b9e4d1ed821a5b3b1a190e62bd9f7,243.1759,1574.465,0.0,147.3669,94.1803,393.3057,1,0.0,80.6512,2665
edge,m81,0.0,0.0939,,,9.9725,344.7329,0.0087,0,4624,0.2653,0.0,24be340afbeed9abb72cfdec437809eeef1b9e4d1ed821a5b3b1a190e62bd9f7,244.3871,1584.9717,0.0,147.3669,102.0804,360.4484,1,0.0,73.1667,2650
edge,m81,-0.5,0.0893,0,0,7.7322,340.6037,0.0088,0,4624,0.2694,0.0,24be340afbeed9abb72cfdec437809eeef1b9e4d1ed821a5b3b1a190e62bd9f7,243.638,1568.2178,0.0,147.3669,90.3988,405.0269,0,0.0,84.3325,2576
edge,m81,-1.0,0.0908,0,0,7.2387,335.4996,0.009,0,4624,0.2733,0.0,24be340afbeed9abb72cfdec437809eeef1b9e4d1ed821a5b3b1a190e62bd9f7,243.919,1538.847,0.0,147.3669,94.3703,393.3853,0,0.0,80.6512,2503
edge,m81,-2.0,0.0908,0,0,5.4074,321.6817,0.0091,0,4624,0.2708,0.0,24be340afbeed9abb72cfdec437809eeef1b9e4d1ed821a5b3b1a190e62bd9f7,257.7734,1554.6596,0.0,147.3669,94.3703,393.3853,0,0.0,80.6512,2355
glare,m81,0.3,0.0853,,,18.4167,286.8209,0.0067,0,4624,0.2157,5.5503,24be340afbeed9abb72cfdec437809eeef1b9e4d1ed821a5b3b1a190e62bd9f7,152.2963,967.5844,0.0,147.3669,81.984,337.8821,1,0.0,80.6512,3468
glare,m81,0.5,0.0832,,,18.4167,275.1432,0.0067,0,4624,0.1882,5.5503,24be340afbeed9abb72cfdec437809eeef1b9e4d1ed821a5b3b1a190e62bd9f7,105.2978,661.7475,0.0,147.3669,74.2656,304.3715,1,0.0,80.6512,3468
glare,m81,0.7,0.0824,,,18.4167,265.0955,0.0067,0,4624,0.1663,5.5503,24be340afbeed9abb72cfdec437809eeef1b9e4d1ed821a5b3b1a190e62bd9f7,68.4386,423.143,0.0,147.3669,66.924,273.3191,1,0.0,80.6512,3468
glare,m81,0.85,0.0827,,,18.4167,258.6104,0.0068,0,4624,0.155,5.5503,24be340afbeed9abb72cfdec437809eeef1b9e4d1ed821a5b3b1a190e62bd9f7,47.458,288.4179,0.0021,147.3669,61.8555,251.4906,1,0.0,80.6512,3468
glare,m81,1.0,0.0832,0,0,17.531,253.0593,0.0103,0,4624,0.1493,5.5503,24be340afbeed9abb72cfdec437809eeef1b9e4d1ed821a5b3b1a190e62bd9f7,32.3031,191.6144,0.1884,147.3669,55.2162,241.8371,0,0.0,84.7047,3468
glare,m81,1.5,0.0921,0,0,17.5295,239.9725,0.0242,0,4624,0.1084,5.5503,24be340afbeed9abb72cfdec437809eeef1b9e4d1ed821a5b3b1a190e62bd9f7,9.6339,51.9304,0.6115,147.3669,42.4349,181.6593,0,0.0,84.712,3468
glare,m81,2.5,0.1061,0,0,18.4167,225.8622,0.0418,0,4624,0.0329,5.5503,24be340afbeed9abb72cfdec437809eeef1b9e4d1ed821a5b3b1a190e62bd9f7,0.608,1.9146,0.8915,147.3669,29.9566,113.3365,0,0.0757,80.6512,3468
glare,m81,4.0,0.0973,0,0,18.4167,215.0984,0.0575,0,4624,0.0,5.5503,24be340afbeed9abb72cfdec437809eeef1b9e4d1ed821a5b3b1a190e62bd9f7,0.0,0.0,1.0,147.3669,24.4799,87.6109,0,0.0683,80.6512,3468
motion,m81,0.05,0.0824,,,18.4167,248.329,0.0066,0,4624,0.2594,5.5503,24be340afbeed9abb72cfdec437809eeef1b9e4d1ed821a5b3b1a190e62bd9f7,115.9705,1230.6641,0.0,147.3669,21.1777,172.2277,1,0.0,80.6512,3468
motion,m81,0.1,0.075,,,20.177,185.2555,0.0065,0,4624,0.2532,5.5503,24be340afbeed9abb72cfdec437809eeef1b9e4d1ed821a5b3b1a190e62bd9f7,90.8016,932.3755,0.0,147.3669,13.0158,78.239,1,0.0,73.2436,3468
motion,m81,0.15,0.0715,,,21.6833,162.4731,0.0064,0,4624,0.2482,5.5503,24be340afbeed9abb72cfdec437809eeef1b9e4d1ed821a5b3b1a190e62bd9f7,74.5604,838.0192,0.0,147.3669,10.6781,55.7441,1,0.0,68.7633,3468
motion,m81,0.2,0.1348,,,6.1964,149.7156,0.0063,1,4624,0.2436,5.5503,24be340afbeed9abb72cfdec437809eeef1b9e4d1ed821a5b3b1a190e62bd9f7,61.0138,779.2995,0.0,147.3669,60.4364,602.349,1,0.0,131.6028,3468
motion,m81,0.3,0.0796,0,0,7.3171,133.3995,0.0061,1,4624,0.2362,5.5503,24be340afbeed9abb72cfdec437809eeef1b9e4d1ed821a5b3b1a190e62bd9f7,40.6753,700.8942,0.0,147.3669,10.5166,106.1274,0,0.0,110.9013,3468
motion,m81,0.4,0.0604,0,0,23.0,122.0986,0.0059,0,4624,0.2305,5.5503,24be340afbeed9abb72cfdec437809eeef1b9e4d1ed821a5b3b1a190e62bd9f7,28.1083,641.7262,0.0,147.3669,6.4136,34.659,0,0.0,67.2093,3468
motion,m81,0.5,,0,0,,112.6844,0.0057,,4624,0.2256,5.5503,24be340afbeed9abb72cfdec437809eeef1b9e4d1ed821a5b3b1a190e62bd9f7,19.3946,585.005,0.0,147.3669,,,0,,,3468
motion,m81,0.7,,0,0,,97.0746,0.0053,,4624,0.2171,5.5503,24be340afbeed9abb72cfdec437809eeef1b9e4d1ed821a5b3b1a190e62bd9f7,10.6449,475.6263,0.0,147.3669,,,0,,,3468
motion,m81,1.0,,0,0,,77.6137,0.0047,,4624,0.207,5.5503,24be340afbeed9abb72cfdec437809eeef1b9e4d1ed821a5b3b1a190e62bd9f7,6.2968,328.0461,0.0,147.3669,,,0,,,3468
scale,m81,48,0.0925,,,20.9228,308.7311,0.0063,0,1506,0.2623,5.5527,24be340afbeed9abb72cfdec437809eeef1b9e4d1ed821a5b3b1a190e62bd9f7,1819.5091,1522.6377,0.0,47.9962,1090.2398,222.9356,1,0.0,23.1142,1130
scale,m81,40,0.0843,,,15.9591,300.0219,0.0062,0,1255,0.2617,5.5488,24be340afbeed9abb72cfdec437809eeef1b9e4d1ed821a5b3b1a190e62bd9f7,2142.981,1507.5205,0.0,39.9969,1125.2347,282.4556,1,0.0,25.1555,941
scale,m81,32,0.0816,0,0,15.5521,530.9807,0.006,0,1004,0.261,5.5503,24be340afbeed9abb72cfdec437809eeef1b9e4d1ed821a5b3b1a190e62bd9f7,2757.5118,2757.5118,0.0,31.9975,1407.4973,190.0799,0,0.0,20.5452,753
scale,m81,26,0.0848,,,18.3043,714.4758,0.0058,0,816,0.2577,5.5503,24be340afbeed9abb72cfdec437809eeef1b9e4d1ed821a5b3b1a190e62bd9f7,3491.516,1036.0409,0.0,26.0059,1961.0818,81.536,1,0.0,14.1985,612
scale,m81,22,0.2684,,,5.75,913.8496,0.0056,0,690,0.2571,5.5556,24be340afbeed9abb72cfdec437809eeef1b9e4d1ed821a5b3b1a190e62bd9f7,4104.5222,730.9369,0.0,21.9903,3903.2287,964.5552,1,0.0,24.0,518
scale,m81,18,0.2034,,,7.7778,1216.117,0.0054,0,565,0.2534,5.5536,24be340afbeed9abb72cfdec437809eeef1b9e4d1ed821a5b3b1a190e62bd9f7,4712.211,486.5723,0.0,18.0066,4326.1784,407.2765,1,0.0,17.9682,424
scale,m81,15,0.2607,,,6.7452,1567.2259,0.0049,0,471,0.2524,5.5464,24be340afbeed9abb72cfdec437809eeef1b9e4d1ed821a5b3b1a190e62bd9f7,5607.3511,334.7985,0.0,15.0108,9160.3012,492.5917,1,0.0,15.9661,353
scale,m81,12,,0,0,,2109.5981,0.0044,,377,0.2484,5.5356,24be340afbeed9abb72cfdec437809eeef1b9e4d1ed821a5b3b1a190e62bd9f7,6780.4416,193.0744,0.0,12.015,,,0,,,282
scale,m81,10,,0,0,,2656.6876,0.0041,,314,0.2422,5.5385,24be340afbeed9abb72cfdec437809eeef1b9e4d1ed821a5b3b1a190e62bd9f7,8060.8334,126.5594,0.0,10.0072,,,0,,,235
scale,m81,8,,0,0,,3356.3739,0.004,,251,0.2355,5.5429,24be340afbeed9abb72cfdec437809eeef1b9e4d1ed821a5b3b1a190e62bd9f7,9585.798,51.9302,0.0,7.9994,,,0,,,188
scale,m81,6,,0,0,,3975.0021,0.0031,,188,0.2261,5.5503,24be340afbeed9abb72cfdec437809eeef1b9e4d1ed821a5b3b1a190e62bd9f7,10261.4959,26.0403,0.0,5.9916,,,0,,,141
